726653;6d6150;6d6150;6f6352;6f6352;6f6350;6d614e;706451;6f6651;6e6451;6e624f;6e634e;706550;716552;716552;716754;736956;6f6554;706655;706653;786e5b;756b58;746a57;706655;706857;6e6655;736b5a;706857;6c6453;6a6252;645b4e;635d4d;5d5747;575141;524e3e;4f4b3a;474434;3f3c2e;322f21;312e20;353224;343123;363325;302f21;313226;313329;33352b;343830;2f352d;313730;2f3730;3c443d;3c443d;3d453e;3d453e;3b443d;39423b;3a433c;38413a;374039;38413a;39423b;3b443d;3d463f;3c453e;3d463f;414942;414844;3f4642;424945;414844;424945;444b47;444b48;424946;444c49;404847;404847;3f4744;404845;414946;404845;3e4643;414845;414844;404743;39403c;363e37;373f38;373f38;363e37;303831;343a33;323831;343a33;343831;393a34;353630;393931;393832;383731;37372f;38382e;3b392f;39372c;39372c;38342a;38342a;3e3a2f;454136;4e4a3c;504c3e;5a5648;5f5a4f;625d52;686359;6a6259;6c655a;685f52;72695c;696255;6b6457;645d52;665f54;655d54;5b534a;554d44;484338;484338;484537;484537;444133;494636;4c493b;474338;3e3a2f;474238;413c32;49443a;484339;4e493f;4f4a40;524d43;4d483e;4d483d;4f4a3f;4d483d;4c473c;4c473c;4c473d;504b41;4b463c;433e34;383429;3c382e;3a362c;3b362f;413b34;3e3831;403a33;423c35;433d36;3f3932;3e3932;3c3730;3d3831;39352b;3b372d;3b372d;39352b;3b372d;3c382e;373329;38342a;3a362c;332f25;3a352b;3b362c;383329;39352a;403b30;38342a;3c382e;3a362c;3b372d;39352b;3a362c;3a362c;373329;353127;373329;363228;353127;38342a;322e23;332f24;363227;353126;343025;343026;322e23;332f24;353123;332f21;342f24;363126;363228;373329;322e24;363228;322e24;353127;353126;353224;333022;393628;353126;36342a;34312a;35322b;393832;36352f;383933;363a33;373b34;383c35;353b34;383c35;393d36;3a4039;373d36;384039;363e37;363e37;333b34;343c35;343c35;353d36;373e3a;39403c;38413c;38413c;3c4540;3a433e;3e4742;414a45;444f4a;45504b;434e49;454f4c;48524f;424f4b;47514e;47514e;47514e;46504f;454f4e;444e4d;444e4d;454f4c;48504d;4a524f;464e4b;454d4a;474f4e;434d4c;46504f;454f4e;46504f;424c49;454f4c;444e4b;424d48;43504b;44514c;434e49;444f4a;454e49;464f4a;4a534c;474f48;414740;393f38;393b33;393931;37342d;35322b;39352b;3c382e;3d392e;433f34;423f31;4d493e;575348;5b574c;666257;69655a;6d6a5c;706d5f;726e60;736c5f;766f64;736c61;756e63;70695c;70695c;6d6659;726c5c;716b5b;6f6959;726c5c;6e6858;686454;736d5d;6e675a;706a5a;706a5a;6f6959;6f6959;6d6756;6e6857;6d6554;716756;6f6552;6d6350;6d644f;6d644f;6b6450;635c48;625c4b;605a49;635d4d;585446;615a4d;5c5646;5a5444
6e6251;706453;6f6352;6e6251;6e6251;706451;726653;726653;6f644f;706550;706550;6e634e;716651;6f6350;736754;736754;746855;6e6251;716552;706451;736754;716552;756a55;756956;726855;6e6451;736956;706857;716958;736958;706655;6c6251;706655;6d6352;696150;645e4d;676151;5e5848;615d4d;5d5949;545040;514b3b;4a4636;403d2f;363325;2d2b20;2f3024;2f3127;30342c;2e342c;30362f;353d36;3b433c;3c443d;384039;39413a;39423b;38413a;38413c;363f3a;353e37;353e37;363e37;384039;384039;39413a;3c443d;3c443d;3e463f;414844;3e4541;3f4642;424945;424945;424945;424946;424946;434a47;414948;3c4443;39413e;3a423f;3a423f;3f4643;3f4642;414844;3b423e;384039;39413a;353d36;323831;333932;31352e;34352f;35372f;37372f;35322b;373329;3c382e;433f35;444036;504c41;534f44;565345;5e5b4d;646153;6a6658;716d5f;766f62;786f62;797161;766e5e;706858;797063;786f62;766d62;746b60;7a6f62;796e5f;7c7162;7b7061;796e5f;796e61;7c7164;7a6e64;7a6e64;776c5f;756c5f;776f5f;787060;787262;797363;797363;787262;766f62;777063;736a5f;736a5f;786f64;776e63;797065;797065;776e63;746b60;766d60;786f62;7b7265;797063;7b7265;786f64;70675c;71685d;6f6659;6b6457;6f685b;6b6459;6d665b;746a61;72685f;6e645b;71675e;746a61;71685d;6b635a;746a61;716960;6f685d;756c61;6e675c;726b60;716a5f;6b6459;6e675c;6e675c;6d6457;645d52;685f52;645b50;685f54;645d50;6a6156;6b6459;655e53;6c655a;70675c;72695e;696055;6d665b;6d665b;6a6358;6d665b;716a5f;6e655a;6e655a;71685b;6e6558;6f6659;6d6659;6d6659;696255;6f685b;6b6457;716959;6f6757;6c6454;6e6558;6d6659;6d665b;6e675c;6f665b;6d6459;6c6356;6c6356;6b6353;6d6555;6a6454;656153;656055;59554b;4d493f;46413a;443f38;3b372d;3a382e;403e34;39392f;38382e;393931;373630;393832;373832;3a3b35;343831;343a33;333b34;333b34;353d36;373f38;353c38;363d39;363d39;3a413e;3c4340;3b423e;3b443f;434c47;464f4a;444f4a;444e4b;454f4c;444e4b;43504c;46504d;495350;47514e;444e4b;46504d;434d4a;444e4d;46504d;434d4a;454d4a;444c49;454d4a;464e4d;454d4c;46504f;46504f;444e4d;444e4b;424c49;454f4c;434d4a;444f4a;45504b;444f4a;464f4a;464e47;49514a;474d46;3a3e36;37392f;47473d;535146;5b574c;5c584d;6b675c;69655a;676355;6b685a;706d5d;706d5d;747062;706c5e;706b60;706c5e;726e60;726e5e;756f5f;726c5c;766e5e;746b5e;756c5f;766d60;766d60;766d60;756d5d;746c5c;766e5e;726a59;736b5a;726a59;716b5a;726c5b;706a59;726a59;736b5a;716b5a;716b5a;6e6857;6e6857;716959;6f6756;6e6453;726857;6d6350;6b624d;685f4a;645d49;68614d;675f4e;615948;5e5847;615948;5f5746;595140
6d614e;6c604f;6d6150;746655;6c604f;6e624f;726653;716552;6d6350;706752;716754;6f6552;706653;756958;746857;706453;736756;766a59;736754;736754;706453;736756;736756;746857;756956;736754;746855;706655;6f6554;736756;706453;6f6554;706451;706453;726655;706453;6e6453;6c604f;6b5f4e;6e6251;706453;6d5f4e;665a49;685c4b;605645;5b5545;575345;4e4a3c;3f3c2e;37352a;33352b;36382e;373d35;3b4139;384039;39413a;363e37;384039;353c38;383f3b;363d39;353e39;363d39;343b37;323a33;323a33;353d36;343c35;333b34;39413a;3c443d;3c443d;3f4740;404841;3f4740;3e4541;404744;3e4542;3e4542;3c4340;3b423f;3a413e;373e3a;3c433f;3e4541;424945;383f3b;353d36;353d36;323831;353630;383830;3a362c;363228;433e33;5a554a;6e675c;716a5f;716a5d;756c5f;7b7363;776f5f;7d7263;7c7162;7b7061;7b7061;7b7061;7d7263;7b6e5f;7e7162;807463;7c7261;7b7061;7e7366;7b7063;7a6f62;7c6f62;7b6e61;7c6f60;7f7362;817564;7f7362;7c6f60;7e7162;7c6f60;817564;7f7362;7f7362;7e7261;807463;7f7263;7d7061;837667;837667;7f7263;7a6f60;796e5f;7d7263;7e7364;7a6f60;7e7364;7d7265;7e7366;7b7061;7e7162;7d7061;786d5e;7d7263;7e7364;7a6f62;7e7162;7e7162;7f7263;796d5c;7a6b5c;78695a;78695c;76695c;78695c;746556;796a5b;7a6b5c;736756;796d5c;7d6e5f;796a5b;7b6c5d;75685b;75685b;766b5e;756a5d;766b5c;756a5b;76695a;796c5d;736756;756958;756859;776a5b;74695a;716455;6f6457;6b6053;706356;74675a;6d5e4f;706152;77685b;706354;74675a;716457;726558;76675a;776859;756756;736554;756756;756958;736554;6f6253;746758;776859;746655;756958;746655;776958;756657;756657;766758;746556;776859;756756;766857;746655;766857;796b5a;776b5a;716455;706356;706558;75695f;706558;716657;6b6353;675f4f;696353;5f5949;595449;565146;534e44;4c463f;403b34;353029;36312a;36362e;373832;373b34;363e37;343c35;363e37;383f3b;383f3c;3b423f;3f4643;444b48;49504d;464d4a;49514e;434b4a;444e4d;434d4c;424c4b;444e4d;474f4c;424a47;464e4b;454d4a;414946;444c49;434b48;424b46;444d48;454e49;434c47;464f4a;434d4a;414b48;434d4c;454d4c;424a49;444c4b;454d4a;444c49;464f4a;454d46;464e47;4a4e47;4d4f47;59594f;605c52;625e53;6e6b5d;6e6a5c;736d5d;746e5e;756f5f;726c5c;767060;756d5d;736d5d;746e5e;787060;736d5d;746d60;756e61;746d60;746d60;746e5e;716b5b;736b5b;776e61;736a5d;746b5e;766d60;766d60;776f5f;776f5f;736d5d;736d5d;746e5d;736d5c;736b5b;746c5b;746c5b;706a59;726a5a;706858;716b5b;736a5d;756d5d;726a5a;6f6659;706858;6f6756;6f6756;6a6251;67604c;6a6251;6a6251;6b6352;675f4e;605a49;605a49;5d5746;5e5847;5d5544
6f6350;6e624f;6e6251;716554;716552;6d614e;706451;6d614e;706653;6c624f;6f6552;6e6453;706655;736756;736756;736756;706453;726655;736554;766857;776958;716352;6f6352;6f6352;716554;716554;6d6150;695f4e;6b6150;6c604f;6a5e4d;6d6350;6b5f4c;6f6350;6f6350;6c604f;6a5e4d;6a5e4d;706453;746655;726453;756756;736554;6f6352;6e6251;6d6352;6b6353;686050;686454;575444;423e33;353328;38382e;383a32;353931;3a4039;383e37;373f38;373e3a;343b37;343b37;353c38;333a36;323935;313932;323a33;313932;303831;2f3730;313932;313932;333b34;353d36;39413a;3a423b;3d453e;3d4440;3a413e;383f3c;363d3a;343b38;373e3b;343b37;353c38;39403c;3b423e;39403c;353b34;363a33;3a3b35;3a3730;3a352e;504b40;6f6a5f;736a5d;766d60;776e61;7b7063;7c7162;776c5d;796f5e;7d7362;7c7261;7b7160;7b7061;7d7263;7d7263;7c7162;786d5e;7e7164;827566;807568;7f7467;7d7265;7b7063;7b7063;7b6e61;7c6f62;7d7061;7e7162;7f7263;827566;7e7162;817465;7e7162;7d7160;827665;7d7160;827665;7c6f60;7c6f62;7e7164;827568;7d7063;7d7061;7c7162;7c7162;7c7162;7c7162;7a6f62;827566;7b6e61;7e7164;7f7265;7e7162;7f7263;817465;7d7263;7e7364;7c7164;807364;7e7164;817465;857869;847566;7e7164;7f7265;807268;7c6e64;796c5f;7a6b5c;78695a;756958;796d5c;776b5a;746857;786b5c;75685b;76695c;766b5e;766b5e;756a5b;786b5c;7a6d5e;7b6e5f;7c6f60;7b6e5f;7b6e61;786d60;796e61;796e61;786c62;766b5e;796c5f;7a6b5e;7d6e61;7c6d60;7b6c5f;776a5d;726558;75685b;736659;7b6c5f;756657;796a5b;776958;756756;746857;796b5a;756859;776a5b;746556;736657;756859;78695a;766758;7a6c5b;7a6b5c;776859;78695a;776859;796b5a;7a6c5b;7a6c5b;7b6d5c;7a6c5b;756958;746758;746758;75685b;766758;7d6e5f;7a6e5d;776b5a;7b6f5e;796f5e;7c7261;766d60;746b5e;736a5d;70675c;716960;6d655c;575248;3c382e;36332c;32322a;2e342d;343c35;39413a;363e37;383f3b;3c433f;414845;434a47;454c49;464d4a;444b48;424a49;404749;41484a;424a49;414948;424a47;424a47;414946;3e4643;404845;414946;3e4742;404944;424945;424b46;424b46;424b46;424b46;3e4845;414946;404847;3e4645;404847;414946;414a45;444b47;454d46;484e47;5c5c54;636157;6d695f;6f6a5f;706b60;767060;756f5f;76705f;777160;756f5e;787262;777161;736d5d;777161;787262;766e5e;756f5f;746d60;756e61;766f62;777063;726c5c;706a5a;766e5e;756c5f;776e61;756c5f;776e61;766d60;766d60;756d5d;726c5c;736d5d;746e5d;746e5d;797161;746c5c;706857;6f6959;706a5a;6f685b;6e675a;746b5e;72695c;6f6659;6e6656;6a6252;6e6655;6a6251;6a6251;6a6251;6a6251;6b6352;696150;6a6251;625c4b;605a49;605a49;605847;615948
6f6350;726752;746855;706451;726752;746954;706653;6f6552;716756;726857;6e6453;6f6554;706453;716554;716554;726655;706453;6e6251;706453;706453;6f6253;6e6152;716352;706453;6f6352;6d6150;706251;6b5f4c;706451;6f6352;716554;6f6552;726855;726855;7a6e5b;7a6e5b;7c6e5d;7a6c5b;796b5a;7d6f5e;7d6f5e;7a6c5b;7c705f;7a6e5d;7a6e5d;7b6f5e;7c705f;7d7160;776d5c;796f5e;7a6f60;766e5e;5f5b4d;444035;363228;353127;322f28;32322a;3a3933;383933;333730;383c35;373a36;363a33;343a33;323831;313932;2f3730;303831;2f3730;313730;313730;30362f;363a33;353630;383933;3b3a34;3f3e38;3c3d39;3b3f38;3a3f3b;393e3a;363c35;343b37;363b37;383c35;393a34;393832;3a3730;423e34;645d52;726b60;786f62;756a5d;7c7162;797161;7d7565;7d7265;7c7162;807566;807566;7f7465;7f7465;7d7265;7b7063;7f7467;80746a;7e756a;7c7368;7d7469;7c7368;7f766b;7f766b;7d7265;7f7467;7d7265;7e7366;7c7162;807364;7f7265;807162;817465;827566;807364;7c7162;817667;817465;7e7364;7f7263;807366;807366;7d7063;7e7164;84776a;7f7263;7f7263;817465;847768;827568;7f7265;7e7164;7d6f65;817369;7e7366;7b7063;7c7164;837669;817669;7f7465;7d7265;7f7467;817669;83786b;85786b;86796c;827568;81756b;81756b;82776a;817669;847768;827566;7e7162;807364;807463;7f7362;7e7364;807568;807568;7e7366;7c7164;807665;7c705f;7f7362;837667;837667;7b7063;82766c;83776d;817669;82766c;82766c;82776a;7e7268;7f7167;7f7167;7f7167;82746a;83756b;7e7066;807366;7f7265;7d7063;7d7061;817465;807364;7d7160;7d7160;7e7261;7a6d5e;7d7061;7a6d60;7c6f62;76695c;7a6d5e;786c5b;756958;776958;796b5a;766a59;776a5b;7a6b5c;7c6d5e;7c6e5d;7e705f;7c6e5d;7a6d5e;7d7061;7b6e5f;776c5d;796c5d;786c5b;756958;776b5a;786c5b;736958;7a705f;74695a;726857;726758;756a5b;756a5b;756a5b;6c6152;6c6454;6a6356;696257;4f4b41;322f28;383c35;3a3e37;384039;39413a;404743;3e4541;3e4541;3f4643;3d4441;3e4544;3b4241;3f4645;3e4544;3d4443;3d4441;3a413e;3a413d;3a413d;3d453e;3c443d;3c443d;3b433c;3b433c;3e4541;3e4541;3c433f;3d4440;3d4440;3c4340;3a413e;3c4340;3e4542;3f4643;414942;444a43;535349;706e64;6c685d;6e695e;747062;746d60;777063;787262;746e5e;767060;756f5f;746e5e;736d5d;777161;7a7464;767060;777063;7b7265;797265;746d62;777063;787164;766f62;746e5e;72695c;776e61;72695c;776e61;786f62;786f62;756c61;776e61;786f62;746d60;726c5c;736d5c;746e5d;716959;726a5a;726a5a;726b5e;746d60;736c61;70695e;6f6659;70675a;72695c;6f6757;6b6352;716958;726a59;716958;726a59;726a59;6c6454;6b6555;676151;625c4c;645e4e;5f5949;625a49;5f5746
706453;706451;726653;6f6552;6e6550;706752;706653;6f6554;716554;756958;706453;706453;726655;706251;756756;736554;736554;716352;716352;706251;746556;726556;726655;746857;716554;6f6352;726653;776b5a;796f5e;786e5d;786e5d;776d5c;7c7261;7a7261;796f5e;7a705f;807665;7b6f5e;7e7261;7d7160;7b6f5e;796d5c;7d7160;786c5b;7c705f;7b7160;7b7160;7b6f5e;7c6f60;7b6e5f;807364;7d7160;7c6f60;7e7364;7b7061;796e5f;6e6558;6d6659;5f584d;5f5b50;565248;4a463c;3e3932;3c3730;3d3a33;3a3a32;363830;34362e;34352f;34362e;35352d;302d26;423e34;555147;5b574d;504c41;504b40;4c473c;413d32;403c31;3d392e;3f3b31;3b392f;3b3831;3b3831;3a352e;3a352e;484136;61584b;7d7265;786d5e;7c7162;7f7465;7a7262;7a7262;7b7363;807566;7e7364;7c7162;807568;7e7364;817669;7c7366;7c7366;7a7166;7c7368;7b7168;7a7067;7b7168;7c7368;7c7368;7e756a;7e756a;80776a;7e7568;7f7669;7f7669;7d7265;7c7164;7f7265;7c6f62;817467;817467;817467;7e7364;827768;807566;7c7162;7d7061;837669;817263;817263;827364;807364;807364;817465;84776a;807366;7f7167;807268;817467;7c6e64;7d7167;7c7066;81756b;7e7268;81756b;7f7369;807568;7c7366;80776a;807868;7e7568;7f7467;807568;80746a;81756b;85796f;887c72;84786e;807568;877c6f;857a6d;867b6e;857a6d;887d70;857c6f;867d70;837a6d;867d70;847b6e;877c6d;887d6e;857a6b;8c8174;867b6e;877c6f;887d70;8a7f72;877e71;847b6e;867d70;837a6f;84786e;887d70;82766c;83776d;86786e;867b6e;84786e;7d7265;82776a;7f7467;807568;807568;817667;807566;807364;7e7162;7e7162;817465;7e7164;7c7164;7d7265;807566;7f7465;7d7263;817667;817465;7e7364;867b6c;807366;84796c;7f7465;7e7364;827768;807566;827566;7e7164;7f7265;7c6f60;7a6d5e;7e7162;7a6f60;786d5e;756a5b;7b7061;796e5f;7d7362;7d7362;786d5e;7b7061;7d7263;7b7061;7c7162;7b7061;7c7164;7a7166;6d665b;48443a;373329;37342d;3c3c34;403f39;43423c;403f39;3f3e38;3f3e38;403f39;42413b;3e3d37;403d37;413e38;3f3c36;3e3b35;3b3831;383830;393931;383830;39392f;37372f;3b3831;3c3933;39362f;3b3832;3c3933;3b3832;3a3731;3b3a34;3a3b35;3d3e38;3f403a;3f3f35;5c5c52;6f6b60;757065;767166;787166;766f64;756e63;756e61;787164;736c5f;766f62;766f64;787164;787164;797265;787164;787164;746d62;766f64;797267;766f64;766f64;766f62;746d60;756f5f;787060;7a6f62;796e61;7a6f62;786d60;766d60;766f64;756e63;766f64;766f64;716a5f;786f62;756c5f;7a7262;7a7262;766d60;766f64;787166;757066;757066;736c5f;6e6858;6d6757;6f6756;736b5a;706a59;706a5a;716b5a;6d6756;6c6454;6b6255;676053;655e51;635c4f;625e50;615a4d;615b4b;605847
706453;6d614e;716552;706653;716754;746855;716554;716554;706453;716554;6e6251;6e6251;706451;716350;746653;736552;736554;746655;716352;706453;6d6051;706354;6e6251;736756;776d5c;776d5c;7c7261;7c7261;7e7463;7b7160;7d7362;7a7261;7c7463;7b7362;796f5e;766e5d;7c7261;7d7362;7d7061;7f7362;7e7261;7c705f;7c705f;7d7160;7e7261;796d5c;7c705f;786c5b;7c705f;786b5c;7c6f60;7c705f;7b6e5f;7a6d5e;7e7261;7b6f5e;7d7061;786d5e;796e5f;7b7265;756e61;777065;777267;757065;68645a;504c42;3a382e;38352e;35322b;373329;444036;726d63;7a756b;787166;7b7267;797065;797267;7b7469;7c7568;7b7467;747062;726f61;706d5f;605c52;6b675d;6b665c;6d665b;7b7063;786d5e;7a6d5e;817564;7e7463;817667;7e7666;807868;7e7666;7f7465;7e7364;807566;807568;7f7467;7e7568;81786b;7d7469;7e756a;7c7269;7c7269;796f66;7f756c;80776c;7d7469;80776c;7e7568;80776a;847b6e;82796e;80776c;80776c;7e7366;7e7268;7f7265;817467;7e7066;7c7164;817669;817669;807568;807566;7f7263;817465;817465;807364;817465;7f7263;807364;827568;82746a;807268;817369;807268;817369;807268;7e7268;80746a;7f7369;7f736a;81756c;7d7167;817669;81786b;80776a;81786b;7e7568;7e7568;80776a;83776d;82766c;85796f;857c71;81786d;81786d;837a6f;867d72;867d72;877e73;898075;887f74;8c8378;898073;8a8174;887f72;897e6f;8a7f70;8a7f72;8a7e74;887d70;857c6f;887f74;877e71;877e71;847b6e;867d70;867d70;867d70;897e71;887c72;877b71;867b6e;887d70;877b71;85796f;877b71;837a6d;837a6d;82796c;847b6e;857a6d;807366;847768;807366;817467;7e7366;807568;84796c;83786b;857c6f;857c6f;847c6c;867b6c;857c6f;867b6e;85796f;85796f;867a70;867b6e;877c6f;84796c;877a6d;86796c;85776d;84776a;827568;82776a;7e7366;817669;7f7465;7d7263;817667;7f7465;7f7465;7e7364;7f7669;7f7467;7e7364;807566;7e7364;7f7465;7e7366;7c7366;766f64;686156;5d594f;5d594f;5c584e;57524b;5f5a53;57544e;63605a;625d57;615c56;65605a;625d57;615c56;605b54;625d56;656157;656156;615d52;69655a;6a665b;6c685e;706c62;68645a;716d63;676359;6f6a63;6d6861;67625b;635e58;625d57;635e57;6b665f;726e64;6f6b60;777267;797267;787166;756e63;797267;766f64;797265;7a7164;766f62;766d62;756e63;766f64;766f62;7a7366;7b7467;746d60;746d60;797267;7a7166;766f64;756e63;736c61;736c61;776e61;766d60;797063;776e61;746b5e;746b5e;736a5d;716a5f;716a5f;716c61;736c61;736c61;797267;7b7265;7c7366;777063;766f62;756e63;757066;706b61;726d62;736f61;746d60;726b5e;726c5c;6f6959;716b5b;6f6959;6f6959;6a6453;696353;696353;655e51;676053;635c4f;645d50;625b4e;615b4b;625c4b
706451;736754;756956;736756;726653;726655;726655;716554;6f6352;706453;716554;726655;766a59;736756;706453;706451;796b58;776958;7b6d5c;7b6f5e;796d5c;7a6e5d;7b7160;7c7261;7c7261;7a7261;7f7564;7e7463;7e7463;7a7261;7a7262;7b7362;7d7564;7a7261;7b7363;807867;7c7464;7a7262;7c7162;7b7061;7b7061;7c7261;7b7160;796f5e;7a705f;7b7061;796e5f;7b7363;7b7363;7b7363;7d7263;7e7364;7f7263;807364;7d7061;7e705f;7e7162;7b7160;827665;7e7364;7d7263;817467;7e7366;7e7366;82766c;7f766b;7c7368;7c7368;786f64;7c7368;776e63;7c7164;807568;7c7164;7c7162;7b7061;7b7265;7a7164;7a7262;7d7565;7f7766;7d7564;7b7160;807568;7b7063;7e7164;7e7164;7c6f62;817465;7f7263;7c7162;7f7465;7d7565;7f7767;7d7467;7e7568;797063;7f7465;7e7364;84796a;827768;7e7568;81786d;7e756a;7b7267;80796e;7f786d;7d7469;7a7067;7d7469;7e7568;7f766b;80776c;847b70;877e73;887e75;847a73;81776e;81776e;84786e;84786e;7f7369;81756b;84786e;83776d;817669;80746a;817669;7e7366;7f7265;827568;827566;84776a;7f7265;7f7265;82746a;807269;7d7168;7e7269;80746a;7e7268;7f7369;81756b;7e746b;7e746b;7f756c;7d756c;7d7469;7c7368;7e756a;7f766b;7b7265;81786d;81786d;80776c;83776d;867a71;837972;80766f;837970;857b72;8b837a;878075;847c73;8a8077;887e75;898178;847d72;898277;898275;887f72;837a6f;847b70;857c71;887f74;8c8174;847b6e;877e71;847b6e;867d70;867d70;867d70;857c6f;867d70;867d70;877e71;837a6d;837a6d;887f74;847b70;857c71;887f74;877e73;877e73;887f74;877e73;897d73;867a70;867a70;85796f;867a70;887c72;867d72;82796e;887f74;878075;817a6f;837c71;867d72;867c73;837970;857b72;837970;80766d;81786d;83776d;82766c;84786e;84786e;83776d;7d7265;7e7366;827768;817669;807568;7f7465;827768;827768;807566;7a6f60;7e7366;7f7669;83786b;7c7366;80776a;80776c;7e7268;7c7164;7d7167;7f7369;7d7167;7a6e64;786c62;7b6f65;796f66;7c7269;7a7269;787067;787166;7a7166;786f64;786c62;7a6e64;7c7066;7d7167;7e7366;7c7164;7e7366;7d7467;7d7565;7d7565;7a7262;7d7467;797161;807566;7c7366;7b7265;797065;797065;7c7368;766f64;777065;766f64;777065;777065;787166;797267;766f64;797267;787166;756e63;7c746b;797168;776f66;787166;797267;7a7366;777063;757163;777365;747062;746d62;766f64;787166;797267;746d62;766f64;756e63;797065;766d62;766d62;766d62;766f64;746d60;706b60;6f6a5f;736e63;787369;746f65;756d64;7b736a;7b7469;797267;767167;787368;757066;706c62;716d62;726d62;706c5e;6d695b;726b5e;6e675a;6d6659;6f685b;686454;676353;6b6555;666050;676151;686154;655e51;645d52;645d50;635d4d;605a4a
6e624f;746855;756956;756958;766a59;756756;756958;726655;726655;746857;746857;706655;756958;756958;756958;786c59;7c705d;7b6f5e;7f7362;807463;7b7160;7e7463;78705f;78705f;797160;78705f;797160;7c7464;7c7464;7b7363;7b7363;7c7464;7f7767;7f7767;7f7767;7d7565;7e7666;797161;807566;7f7465;797161;7c7464;7d7362;796f5e;7c7162;766b5c;776c5d;7b7363;7e7666;7b7363;7e7366;7a6f62;7c6f62;7f7265;7f7265;807364;7c6f60;7e7364;817465;817465;857869;85786b;807568;7e7366;80746a;7c7164;7e7366;7f7467;817669;7e7366;7f7467;7e7366;7f7467;7f7467;7d7265;82776a;81786b;7b7265;786f62;7d7565;807566;7c7162;7d7263;807568;7e7268;7b6e61;7c7164;7c7164;7d7265;807566;7c7464;7b7363;7d7467;7c7366;7d7467;7e756a;80776c;82796c;837a6d;807568;807568;81786d;80776c;7e756a;7d7469;7d756c;7f786d;7f786d;7d736a;7d7469;80776c;80776c;867d72;81786d;847a71;827871;837972;827871;837970;837970;847b70;857c71;81786d;81786d;877b71;877b71;877b71;867a70;82766c;7f7467;857a6d;83786b;827568;7f7167;83756b;86786e;82766d;84786f;7d736a;81756b;7d7167;81756b;7c7066;7c7269;80766d;80766d;80796e;7f786d;7e7568;81786d;7d7469;7e756a;7e756a;82796e;82796e;82786f;847a71;837972;857b74;847a73;817972;877f78;898178;857d74;8b837a;897f76;877f76;847d72;878075;878075;877e73;82796e;877e73;887f74;8c8076;897e71;857c6f;877e73;867d72;847b70;867d72;877e71;8a8176;877c6f;897e71;81786d;847b70;82796c;847d72;877f76;857c71;867c73;867c73;887f74;887f74;8a8176;887f74;8a7e75;897d74;887c73;897d74;857b72;8c8378;877d74;877d74;817970;817970;80796e;847b70;80766d;827a71;81776e;867c73;7f756c;82796e;80746a;80746b;81756c;7f7369;7f7369;7b7063;7b7063;7b7063;7c7164;817669;7e7366;7b7063;7b7063;786d60;796e61;7a6f62;796e61;7d7265;7b6f65;7b6f65;7a6e64;7e7268;7b6f65;7a6f62;7b6f65;7a6e64;7b7063;796d63;7a6e64;7b6f65;786f64;797065;7c7368;797065;756c5f;776e61;796d63;796d63;786c62;7a6e64;7a6f62;7b7063;7a6f62;7b7363;7c7464;7b7363;7a7262;797063;7b7363;7c7464;7b7363;7d7467;7c7164;7b7267;7a7166;777065;736c61;766f64;797267;7a7368;7b7469;7b7469;7a7368;787166;797267;787166;757065;787368;787067;787166;7a756a;766f64;777267;787368;797469;757163;777065;736c61;797065;7d7469;797168;776f66;777065;787067;736b62;787067;746c63;746d62;777065;736e64;716c62;79746a;7b756e;78726b;79716a;7a726b;797168;787369;767167;746f65;746f65;716d63;726d63;726e63;6a665b;6c675c;6d685d;6f6a5f;6a6358;6f685d;6c685a;6f6b5d;6e6a5a;696555;6b6555;655f4f;676053;625b4e;625e50;605c4e;625c4c
716554;736756;766857;796b5a;776958;776b5a;776b5a;766a59;746a59;756b5a;756b5a;776d5c;756b5a;7b6f5e;7d7160;817564;7f7362;7f7362;7f7362;817564;7f7465;7d7263;7f7564;7d7263;7b7160;796e5f;7d7263;7d7263;7e7364;7c7162;7b7061;7d7263;7d7263;7c7464;7d7467;7b7363;7a7366;7c7568;7c7366;7a7164;7f7767;7d7565;7d7263;7b7363;786f62;7d7467;786f62;7a7164;7d7467;7e7666;797063;7d7467;7d7265;7d7167;7e7268;7f7467;7e7366;807366;837669;837669;837669;877a6d;7f7467;82776a;7f7369;7f7467;7e7366;7e7366;7f7467;7d7167;7c7066;7d7265;817467;7e7366;807568;82776a;7f7467;7d7263;817667;817667;7d7265;7d7265;7e7366;817369;7f7167;817369;7b6f65;7c7066;81756b;7f766b;7c7368;7e756a;81786d;7f766b;7d7469;7d7469;7d7469;7e756a;80776c;81786d;81786d;7c7269;7c7269;81776e;7e746b;7d736c;7f756e;7e746b;7f776e;7b736a;7e746b;847a71;82786f;857b72;837970;827871;867c75;867c75;82786f;877d74;827a71;867e75;867f74;827a71;857b72;81786d;877e73;887c73;867a71;887c72;847b70;837a6f;85796f;84786e;80776c;847b70;877d74;857c71;817a6f;81786d;7f766b;84786e;80766d;7f756c;847a71;81776e;81776e;857c71;81786d;837970;81776e;80766d;82766d;837970;7f756c;80766d;847a73;887e77;897f78;877d76;847b76;89807b;888077;847c75;857d74;837b72;867e75;898178;867e75;837b72;877f76;887e75;887e75;867c73;887c72;887c72;857c71;857c71;887e75;867e75;867e75;877e73;847b70;847b70;857c71;857b72;847c73;878075;877f76;8a8378;837c71;867e75;857b72;867c73;887e75;897f76;877d74;887e75;857b72;857b72;897f76;8a8077;847a71;81776e;837970;82786f;81776e;80766d;857b72;867c73;7d756c;877d74;847a71;81776e;7c7269;82766d;82766d;80746b;7e746b;7c7269;7f766b;7e756a;7f766b;7e7268;7d7167;7f7369;7c7066;7d7167;7f7369;7e7268;7d7167;7d7167;7b6f65;80746a;7b6f65;796d63;7c7066;80746a;7c7066;7a6e64;786f64;786f64;766c63;776d64;7a7166;756c61;786f64;797063;786f62;786f62;797063;7e7366;796d63;766c63;7e7269;796d63;796d63;7a6e64;796e61;7b7265;7a7164;797063;7c7366;797063;7a7164;7c7366;796e61;7d7167;7a6e64;756c61;746d62;777065;797267;7c746b;776f66;766e65;797267;7b7469;777063;767166;797469;726d62;777267;7a756a;777365;797567;797469;797469;797469;787368;7c776c;797469;7b7469;746d62;787166;797267;787369;746f65;736e64;76716a;787369;787369;766e65;776f66;7a7269;7b736a;7e766d;7b756e;79736c;7c766f;7a746d;79746a;797469;787368;757065;726d62;767167;736e64;6e6a60;6d695f;6f6a60;6c675d;6c675d;6a655a;6c675c;6e695e;6e6a5c;6e6a5c;6d695b;676355;676355;646052;686456;635f4f;615d4d;605c4c
776b5a;776b5a;796b5a;7a6c5b;7a6c5b;736756;796d5c;796d5c;776d5c;786e5d;766b5c;776c5d;786e5d;7b6e5f;7d7061;7f7362;7d7160;7d7263;7d7263;7b7061;807566;7d7263;7b7061;7d7263;796e5f;7e7364;7d7263;7b7363;7a7261;7d7362;7b7061;7d7263;786d5e;7b7063;7e7568;7c7366;787164;787164;7a7164;7e7568;786f62;7a7262;7c7162;7f7465;7e7366;7b7265;7d7467;7f7669;7e7568;7d7467;7a7166;7c7368;7e756a;7e756a;80746a;7c7066;7d7167;807268;817467;7e7366;837669;83786b;807568;7f7467;7e7366;7e7366;817669;82776a;7e7366;7d7167;7e7268;7c7066;807268;7d7265;7f7467;7f7467;7c7162;807566;827768;817667;7e7366;7d7265;82746a;807269;83756c;7e7066;80746a;81756b;7e756a;7e756a;7c756a;7b7469;7f766b;7f766b;7e756a;7b7267;7c7368;7e756a;7f766b;7c7269;7a7067;786e65;7b7168;786e65;7a7069;7c726b;7e746d;7d736c;7d736a;7a7269;797168;837b72;827a71;847a71;867c73;837970;837970;887e75;867e75;877f76;867e75;857d74;837b72;837b72;80786f;80766d;857b72;857b72;857b72;867c73;857b72;877e73;857b72;837970;80766d;857b72;80766d;7d766b;7d766b;837b72;867c73;857c71;867c73;867c73;837970;80766d;80766d;80766d;837970;837970;837970;82786f;877d74;837972;857b74;89817a;857d76;837b74;857d76;857c77;837a75;857c77;857d76;888079;847c73;857d74;867e77;857d76;817972;847c75;847c75;897f78;897f78;867c73;837970;887e75;857c71;857b72;837b72;847c73;857d74;867f74;857c71;887f74;837a6f;867c73;877f76;827a71;847f74;837e73;868176;888077;837b72;837b72;857b72;877d74;877d74;847c73;847c73;857b72;867c73;867c73;82766d;857970;83776d;85796f;84786e;867a70;847a71;81776e;847a71;837970;837a6f;82786f;84786f;857970;84786f;857970;7f756c;82786f;7f756c;81786d;837a6f;867a70;84786e;7c7066;82766c;83776d;82766c;80746a;897d74;80746b;81756b;85776d;82766c;82766c;83776e;7d7167;80776c;7c7269;7e756a;7a7166;7c7269;7a7067;7e756a;7b7267;7c7368;7a7166;7b7265;7a7164;7e7366;7c7164;7b6f65;7c7269;7b7168;7b7168;7b7168;7e756a;7a6f62;786f62;7c7368;7b7267;766f64;787166;7c7368;776e61;797063;776e63;797065;7a7166;777065;787166;776f66;776f66;776f66;7a7269;767167;746f65;767166;747065;757065;777365;797567;777267;787368;787368;777267;757066;767267;736e63;757065;787368;797469;777065;797168;767167;787369;767167;747066;76716a;787369;7a7368;776f66;7a7269;7b736a;7c746b;7f7770;7d7770;79746d;78736c;7a756e;777369;747066;746f65;757066;716c61;757066;726c65;6e6a60;6e6a60;69655b;69645a;706b61;6f6a60;6f6a60;6f6a5f;6e695e;6c675c;6a6658;6a6658;666254;696557;646050;635f4f;605c4c;5f5b4b
7d7263;7d7263;7c6f60;7c7164;7b7063;7a6f62;796e61;7a6f60;7a6f60;796e5f;766b5c;7b7160;7a6e5d;7d7061;807162;837465;817467;80746a;7e7366;7c7164;7b7265;7c7366;7f7467;7b7063;7e7366;7e7366;7f7465;7d7263;7e7463;7e7261;7f7362;7e7162;7d7160;7d7263;7c7366;7c7366;7a7166;7b7267;7c7368;797065;7b7267;7d7265;7c7164;7f7467;817669;7e7568;7f7669;81786b;81786b;7b7265;82776a;7f7467;7b7267;7f766b;81786d;81756b;84786e;86786e;817369;80746a;80746a;7f7369;7f7369;7f766b;81786b;7c7366;7f7467;7f766b;7e7568;7d7167;7f7369;7e7268;807268;7d7167;7d7265;7e7366;7e7568;7d7565;7e7666;7c7464;7c7366;7e7568;7d7469;7f736a;7e726b;80746b;7e7269;7d736a;7d736a;7e746b;7d736a;7a726b;7d736a;7a7067;7e756a;7e7268;7d7167;7d7167;7a6e64;7d736a;796f66;7b7168;7b7168;796f66;7a7069;7b7168;80766f;7f756e;80766d;7e766d;877d74;877d76;827a73;877d76;867c75;857b72;857b72;887e75;888077;888077;868177;878278;858076;858076;878278;8a8279;877f76;867e75;857d74;887e75;887e75;857d74;857d74;807871;817972;827a73;807871;7f7770;847c73;867e77;857d76;817970;867e75;857d76;877f78;857b74;847974;837873;827772;837a75;857c77;847c75;807772;817873;887d78;857c77;827974;7f7671;807772;817b75;827c76;7e7872;837a75;837a75;857d76;857d76;837a75;867e77;888079;877e79;847974;877c77;887d78;847974;867c75;857d76;867e75;857d74;837b72;817970;857d74;827a71;847c73;837b74;837b74;847c75;847c75;857f78;858076;888077;847f75;867e75;817970;867e75;857d74;888077;827a71;877f76;827a71;857d74;857b72;867c73;81776e;857b72;857970;84786f;81776e;81756c;82796e;81786d;80776c;82796e;867d72;82766d;81756c;84786f;82766d;857972;827871;837972;857b74;827871;837972;857b74;877d74;84786f;82766d;847a71;857b72;80766f;837972;817770;84786f;857970;7d736a;7c7269;867c73;847a71;837b74;837b74;807871;817972;817972;867c75;817970;7e766d;827871;80766f;7f7770;857a75;807570;807570;807570;807570;807570;7d7771;79736d;7b726d;7c736e;7c736e;7b726d;7d746f;79706b;786f6a;7b726d;7c736e;79706b;7e736e;7a716c;79716a;79716a;79716a;787069;7a716c;7b736c;77716a;7d7771;7a756f;79746e;726d67;78726c;776f68;79716a;79716a;787069;756d66;77716b;756f69;756f69;736d66;79736c;756f68;77716a;756f68;78726c;7a756e;78736d;78736d;77726c;77726c;78736d;7a746d;78726c;7e7872;7f7973;7e7872;7d7771;7c7771;79746e;7a7471;7a7471;79746e;78736d;78726f;756f69;716c66;78736d;726c66;6d6861;6f6a63;6d6861;716b64;706b61;706b61;6f6a5f;6f6b5d;6c685a;6b6759;686456;666254;696557;676355;646052;635f51;635f4f;5b5747
7b7160;7e7364;7f7467;81756b;7e7268;796e61;7e7366;817669;7b7061;7b7061;7b7061;7b7061;7d7263;817465;807364;7c6f62;7f7167;7b6f65;7b6f65;7d7469;7b7267;7f7369;80746a;7d7265;7c7164;7a6f62;7e7364;7e7364;7c7162;7f7263;7d7061;7c6f60;7c7162;7d7265;7b6f65;7e7268;7c7368;7a7166;786f64;7d7469;7b7267;80746a;80746a;7e7268;7b7267;786c62;7a7166;7e756a;7d7167;7f7369;81756b;7e7268;7e746b;80766d;7c7269;7c7368;7d736a;82766c;84786e;7c7067;7e7269;80766d;7f736c;81756e;857972;847871;7c726b;7c726b;7e746d;7d736c;7f756c;7b7168;81756c;7e746b;80766d;7b7168;787067;7a7269;7c7269;7d736a;766e65;796f66;786e65;796f68;796e69;7b716a;7e736e;796e69;7d726d;776d66;7a7069;7b706b;7c726b;7c726b;7b716a;7c726b;7d736c;80766f;827871;80766f;7e746d;837b72;827a73;867e77;827a73;847e77;867e77;847e77;857d76;877f78;847c75;827a73;827974;807772;857c77;847974;857c77;877e79;807a73;857f79;847f79;847f79;87827c;88827c;847e78;86807a;86807a;847e78;837d77;837b74;857d76;867e77;857d76;847b76;867d78;877e79;837a75;817873;837a75;877e79;857c77;847b76;817873;857c77;877e79;857c77;867d78;7e7572;7e7570;827976;817873;807772;827b78;847b78;837a77;827b78;857e7b;7f7875;807976;847e7b;85807a;847e78;837a77;837c79;857c79;867d7a;8b827f;88817e;86807a;837c79;87807d;837c79;847d7a;86807a;837d77;857f79;827c75;877f78;837a75;877e79;867d78;867d78;857c77;817873;837a75;857c79;89807d;877e7b;817873;857c77;857c77;857c77;867d78;837d77;847e78;827974;857c77;827c76;7e7872;817873;817873;847b76;837875;837875;847b78;847976;837a75;7f7671;817671;837873;837a75;857c77;817873;827974;847b76;827974;7f7671;867d78;807976;847d7a;827b78;7f7875;7c7572;7f7875;7e7774;817a77;807976;7f7976;827b78;817b78;7e7876;827c79;7f7976;827c79;847e7b;827c79;7d7774;857f7c;7e7876;7b7775;7d7977;7c7876;7f7b79;807a77;787571;7d7a76;7c7876;787474;797575;777275;7d787b;7c777a;777275;7c777b;767175;717074;767579;79787c;777779;777779;726f72;767376;767678;717173;757577;777477;706d70;747174;716f6f;706e6e;787474;757171;7b7777;6f6d6d;6d6b6b;757373;787878;78787a;757577;717173;737073;777275;767272;797575;797575;736f6f;746f72;706d71;767376;747174;716e71;726f72;6e6c6c;696969;6e6e70;6c6c6c;6e6e70;6e6e70;6e6e70;707072;707072;6f7173;6d6f71;717375;747678;747579;6f7074;6b6e72;6d7074;707175;6c6d71;68696f;67686e;67686e;67666c;6d6c72;676468;6e696c;746d6e;756e6f;716b69;736c69;726c66;726c66;716b64;726d62;6f6a5f;6b665b;696459;6d685d;666156;666156;676053;686456;656153;615d4f
7c7261;7d7263;7f7467;7f7669;7c7368;7d7469;817669;817669;837a6d;7f7669;7c7464;7c7464;7c7162;7a6f60;7c7162;7e7164;7f7167;7f7369;7d7167;7d7167;7a7166;7c7066;796d63;776b61;7b7063;7a6f62;7c7366;7d7265;786d60;7b7063;7c7164;7f7167;7b6f65;7b6f65;7c7067;7a6e65;7a7067;796f68;786e65;7a7067;7a7067;7c7067;766a63;776d66;7a7067;776d66;796d64;796f66;7a6e67;7a6e67;7a7069;7d736c;786d68;766e67;776f68;787069;7a7069;786e67;7b706b;7b706b;7c716c;7b706b;7a6f6a;7a716c;7c736e;7a716c;79706d;786f6a;7b726d;786f6a;7c736e;766d68;776e69;7d746f;79706b;7a716c;756f69;76706a;79706b;7a716c;79706b;776e69;766d68;79706b;766d68;786d68;7a6f6a;7c716e;7a6f6c;7e736e;7a716c;7f7673;817873;827974;827772;7e7570;857c77;867d78;89807b;8a817c;887f7a;847b76;87817b;88827c;87817b;87817b;89837d;857f79;86807a;87817b;877e79;887f7a;887f7c;867f7c;857e7b;8a8380;8b8481;88817e;89827f;857e7b;87817e;898380;847e7b;87817e;837d7a;86807d;837d7a;837c79;87817b;827c76;847b76;847b76;89807b;837a77;827976;837a78;887f7d;847b79;807976;88817e;857e7b;837c79;857e7b;88817e;8b8481;8b8481;8b8482;8b8482;857e7c;867f7d;898280;8b8482;877f80;857d7e;8a8283;898182;888182;898381;898381;888280;8a8482;86807e;86807e;827c7a;8b8583;8a8381;857f7d;87817f;888280;87817f;87817f;86807e;837d7b;857f7d;837d7a;857f7c;87827c;87827c;88827c;847e78;847d7a;867f7c;8b8481;837d7b;817b79;827a7b;81797a;847c7d;807977;827b79;7f7977;7e7875;7f7976;807a77;7e7875;7d7774;7f7976;7b7572;77716e;7c7674;7e7876;7c7674;80797a;7a7374;7e7778;7e7778;7d7775;76706e;787270;7c7674;7b7573;76706e;7a7472;7b7572;7c7674;7b7573;807a78;7c7674;7f7879;817a7b;7c7878;7a7676;797575;777373;797575;7d7979;797575;848080;777373;828080;8a8888;8e8c8c;999797;a8a6a6;a4a2a2;a7a7a7;a7a7a7;b0b0b2;b4b6b8;b9bbbd;b8babc;babcbe;bec0c2;c3c5c7;ced0d2;ced0d2;d8dbdf;ced1d5;dcdfe5;ced1d7;dfe2e8;d7d8de;e2e3e9;ebecf2;d9dce2;e9eef4;e5eaf0;d4d9df;eaeff5;e3e8ee;d6dbe1;d5dae0;e6ebf1;dce1e7;e0e5eb;e1e6ec;dfe4ea;dfe4ea;e6e9ef;e4e7eb;d6d9dd;d1d4d8;dadde1;d1d4d8;dbdee2;d2d8db;c9cfd2;c8cdd3;c9ced4;c9ced4;d1d4da;c9ccd2;c2c3c7;c2c3c7;c5c6ca;cfd0d6;bfc2c8;c4c7cd;c7cad0;cacdd3;c1c4ca;c7cad0;c3c8ce;c9ced4;c9ced4;c5cad0;bfc4ca;c7ccd2;cacfd5;c9ced4;cacfd5;d5dae0;d0d6dc;dde3e9;e1e7ed;dee4ea;e1e7ed;e4eaf0;ecf2f8;ecf2f9;e9eff6;eaeff6;ecf1f8;ecf0fa;dde2e9;c5cad1;a2a5ac;7a7b81;6f6e74;6d6970;6b686c;70696c;797273;756f6d;746e6b;726d67;736d66;6d685e;6b665c;69645a;696257;6d665b;665f54;686156;656055;605c51
7c7464;817969;82796c;82796e;81786d;80766d;7f756e;837972;7f7770;7f776e;817970;837b72;7e766d;7d7469;786f64;7a7067;796f66;776d66;786e67;746a63;7a7069;7a7069;786e67;7c716c;7c716c;7a716c;7b726d;76706a;776e69;7a716c;79706b;79706d;756c69;78716e;746d6b;756f6d;787270;77716f;797370;716b68;77716f;726c6a;787270;716a6b;736d6b;706a68;726c6a;6e6866;716b69;726b6c;6e6a68;6d6967;6d6969;6e6a6a;6f6b69;716d6d;706c6c;6e6a6a;6d686b;6c676a;6f6c6f;716e71;6b686c;79767a;78777b;89888c;838286;828185;8e8f93;7d7e82;7d7f81;787a7c;797b7d;6f6f71;6c6c6e;6c6c6e;6d6d6f;68686a;747174;6c6a6a;6f6d6d;706e6e;6b6969;6d6a6d;716e71;6d6a6d;746f72;746f72;777276;737073;7a777a;7a777a;787676;7a7878;7c797c;7c797c;7f7f81;79797b;7a7a7c;7c7c7e;7e7e80;79797b;7a7a7c;7b7b7d;79797b;747476;757577;7a7a7c;767678;757577;797679;787578;807d80;7e7e80;818183;828284;828284;7b7a7e;818183;7f7f81;7e7d81;818084;807f83;808185;7c7d81;7c7b7f;79797b;7b7b7d;777779;7d7d7f;7a7a7c;7d7b7b;827f82;7f7c7f;807d80;848185;7d7c80;7b7a7e;7f7e82;7f7e82;838084;7d7c80;7c7b7f;7f7e82;848387;808185;85868a;8c8b8f;7f8084;7f7e82;7f7e82;77767a;807f83;7b7c80;828387;808185;85868a;838488;8a8b8f;88898d;838488;88898d;98999d;8a8b8f;8c8d91;929397;9e9fa3;949599;96979b;8e8f93;8e9195;9fa2a6;979a9e;9ea1a5;989b9f;9b9ea2;96999d;8f9296;98999d;a2a3a7;9e9fa3;a6a7ab;a7a8ac;abacb0;aaabaf;aeafb5;aaabb1;b5b8be;afb0b6;afb0b6;b5b6ba;afb0b4;b7b8bc;bbbcc0;b7babe;bcbdc1;b9babe;c3c6ca;c3c6ca;c0c3c9;bcbfc5;c8cbd1;cccfd5;cbced4;bec1c7;c7cad0;d1d4da;dbdee4;d5d8de;dfe2e8;d9dce2;dde2e8;e3e8ee;e1e6ec;e9eef4;e8edf3;e9eef4;ecf1f7;edf2f8;edf2f8;edf2f8;edf2f8;edf2f8;ebf0f6;edf3f9;ebf1f7;eff5fb;f0f6fc;ecf2f8;f0f6fc;edf3f9;ebf1f7;eaf3f8;ecf5fa;edf6fb;eaf3f8;eaf3f8;ebf5fc;e5eff6;e5f1f8;ebf7fe;e9f5fc;e8f4fb;e9f3fa;e6f3f8;e9f6fb;e5f2f7;e6f3f8;e4f0f7;e3eff6;e5f1f8;e7f3fa;e4f0f7;e6f2f9;e7f3fa;e2f1f7;e2f1f7;e3f2f8;e2f1f7;e4f3f9;e3f1fa;e6f4fd;e3f1fa;e5f3fc;e5f3fc;e3f1fa;e1eff8;e1eff8;ddedf6;e3f2f8;e5f4fa;e7f6fc;e5f4fa;e1f0f6;e2f0f9;e0eef7;e1f0f6;e0eef7;e5f3fc;dfedf6;e1eff8;e4f2fb;e4f2fb;e8f4fd;e6f2fb;e9f5fe;e5f1fa;e3eff8;deecf5;e1eff8;e4f2fb;e3f1fa;e3f1fa;e6f4fd;e2f0f9;e4f2fb;e5f3fc;e6f4fd;e6f4fd;dfeff9;e0f0fa;e3f3fd;deeef8;e0f0f9;e0f0fa;ddedf7;deeef8;e1f1fb;e0f0fa;deeef7;dbebf5;e0f0fa;e0f0fa;dfeff9;daeaf4;d7e7f1;ddebf5;dbe9f3;e2ebf6;dfe6f1;d9e1ea;aeb3ba;8b9097;65686e;67686e;6c6b71;6d6a6e;696467;6b6465;6b6465;68615e;6b625d;656055;645f55;625d52;5e5a4f
80776a;7c7368;837b72;817972;817972;807772;817b75;7d7771;807b75;817c76;837e78;827d77;85807a;847e78;817b75;7e7872;7e7872;7e7872;7f7973;7e7973;7d7771;7d7771;7a7370;77716e;726c69;736d6a;76706d;73706c;706a67;746e6c;766f70;7a7374;7f7b7b;837e81;898689;918e91;919193;99999b;9f9fa1;a3a3a5;afafb1;adadaf;afaeb2;bebdc1;bcbcbe;d0cfd3;c1c0c4;d1d1d3;cacacc;c9c8cc;c3c4c8;d3d4d8;c5c8cc;d1d4d8;cbccd0;c7c8cc;c7c8cc;d6d7db;d0d1d7;d1d4da;d0d3d9;d3d6dc;c7ccd2;c9ced4;ccd1d7;cbd0d6;cbd0d6;c7ccd2;cbd0d6;c9ced4;ced3d9;d1d6dc;d0d5db;d6dbe1;d8dde3;dee3e9;e1e6ec;e6ebf1;eaeff5;eef4f7;eef1f5;eaedf1;f0f6f9;eff5f8;eef1f7;edf0f6;e5e8ee;eaedf3;ebeef4;e5e8ee;e8ebf1;edf0f6;e7eaee;e8ebef;e3e6ea;e7eaf0;e7ecf2;ebf0f6;eaeff5;e6ebf1;eaeff5;ebf0f6;ebf0f6;edf2f8;f4f9ff;f1f6fc;f0f5fb;eef3f9;f3f8fe;f3f8fe;f4f7fd;f1f4fa;f3f6fc;f1f6fc;eff4fa;f3f8fe;eff4fa;f1f6fc;f1f6fc;f2f7fd;f6fbff;f3f8fe;f3f8fe;f3f8fe;f4f9ff;f4f9ff;f1f6fc;f3f8fe;f6fbff;f3f9fc;f3f9fc;f4fafd;f2f5f9;f4f7fd;f2f7fd;f3f8fe;f0f5fb;f2f7fd;f8fdff;f8fdff;f8fdff;f5faff;eff4fa;f4f9ff;f3f8fe;f6fbff;f2f7fd;f2f7fd;f0f5fb;f7fcff;f8fdff;f8fdff;f8fdff;f8fdff;f8fdff;eef3f9;f8fdff;f4f9ff;f4f9ff;f6fbff;f7fcff;f7fcff;f7fcff;f5faff;f7fcff;f3f8fe;f5faff;f6fbff;f3f8fe;f5faff;f2f7fd;f0f5fb;f2f7fd;f4f9ff;f1f7fd;f0f6fc;f3f9ff;f3f9ff;f5faff;f5faff;f7fcff;f4f9ff;f7fcff;f0f5fb;f5faff;f3f9ff;eff5fb;f3f9ff;f4faff;f3f9ff;eef4fa;f1f7fd;f6fbff;f2f7fd;f5fbff;f1f6fc;f3f8fe;f3f9ff;f1f7fd;f2f8fe;f4faff;f1f7fd;f1f7fd;eff5fb;ecf2f8;eef4fa;eaf0f6;ebf1f7;ebf1f7;eef7fc;e9f2f7;eaf3f8;e9f2f7;eaf3f8;e9f2f7;e8f1f6;e6f1f6;e7f2f7;e6f1f6;e8f3f8;e7f2f7;e3eef3;e7f2f7;e5f1f8;e4f0f7;e4f0f7;e7f3fa;e7f3fa;e7f4f9;e5f2f7;e2eff4;e5f2f7;e5f2f7;e6f2f9;e5f1f8;e5f4fa;e2f1f7;e2f1f7;e3f4fa;e2f3f9;e2f3f9;e3f4fa;e3f4fa;e3f2f8;e6f5fb;e4f5fb;e4f5fb;e4f5fb;e4f5fb;e3f4fa;e6f7fd;e3f4fa;e1f2f8;e3f4fa;e3f3fc;e0f1f7;deeef7;e2f2fb;dff0f6;e2f2fb;e0f0f9;ddedf6;e1f1fa;e1f1fa;e0f0f9;e1f1fa;e1f1fa;e0f0f9;deeef7;e0f0f9;e0f1f7;e3f4fa;e2f3f9;e1f2f8;e1f2f8;e4f4fd;e4f4fd;e1f1fa;dfeff8;e1f1fa;e1f1fa;e3f3fc;e3f3fc;e3f4fa;e1f1fa;e0f0f9;e0f0f9;dfeff8;e0f0f9;e2f2fb;dceef6;def0f8;deeef7;e1f1fa;e1f1fa;dfeff8;e0f0f9;dfeff8;def0f8;def0f8;e0f2fa;dff1f9;e0f2fa;def0f8;deeff9;e0f1fb;dcedf7;e0f2fa;e0f1fb;def0f8;dcedf7;dbeef8;dbeef8;d9eaf4;daedf7;ddeef8;ddeef8;ddedf7;ddecf9;dcebf8;dae8f2;dce8f2;e5eef9;e2e9f4;dde2ec;ced3da;b3b6c4;838192;6f6b72;676266;635c5d;6a6364;6b6461;6a645e;645e57;676257
7f7a74;7f7c78;747270;777775;777777;777779;747678;7e8082;828589;8a8d91;8f9296;979a9e;979a9e;9fa2a6;9da0a4;a1a7a9;a8aeb0;a6acae;b0b6b8;b5bbbd;b9bfc2;b9bfc2;babfc5;b9bec4;ccd1d7;c7ccd2;d2d7dd;d7dce2;d9dee4;dee3e9;dde2e8;d5dbe1;dde3e9;dfe5eb;d6dfe4;d9e2e7;d8e1e6;d9e2e7;cfdadf;d5e0e5;d9e3ea;d8e2e9;d6e0e7;d8e2e9;d8e2e9;dce6ed;d8e2e9;dae5ea;d7e2e7;dce7ec;e2eff4;e0edf2;dbe8ed;deebf0;dce9ee;dfebf2;dfeaef;dce8ef;deeaf1;d7e4e9;d7e4e9;d4e1e6;d5e4e9;d7e4e9;d1e0e6;cedde3;cedde3;ccdbe1;cbdae0;d1e0e6;d2e1e7;d0dfe5;d8e7ed;dbe7ee;dbe7ee;dfebf2;deeaf1;e2eef5;e0eff4;e0eff4;e0edf2;e4f1f6;e4f3f8;e5f4f9;e3f2f7;e4f3f9;e1f0f6;e4f1f6;e7f4f9;e5f2f7;e7f4f9;e5f2f7;e5f2f7;e7f4f9;e6f3f8;e7f4f9;e6f3f8;e8f5fa;eaf7fc;e6f5fa;e7f6fb;e7f6fb;e8f7fc;e7f6fb;e8f5fa;e9f6fb;e5f2f7;e9f6fb;e9f6fb;e6f3f8;eaf7fc;eaf7fc;e7f4f9;e9f6fb;e3f0f5;e3f2f7;e6f5fa;e8f7fc;e7f6fb;e7f4f9;e9f6fb;e8f5fa;e7f4f9;e7f4f9;ebf8fd;eaf7fc;e7f4f9;e8f5fa;eaf7fc;eaf7fc;eaf7fc;e7f4f9;e8f5fa;eaf7fc;e8f5fa;e8f5fa;e7f4f9;e5f2f7;e9f6fb;eaf7fc;eaf7fc;ebf6fb;ebf6fb;eaf5fa;e8f5fa;e3f0f5;e2eff4;e6f3f8;e8f5fa;ebf8fd;ebf8fd;ebf8fd;e9f6fb;e9f8fd;e6f5fa;e8f5fa;eaf7fc;ebf8fd;ebf8fd;e7f4f9;e9f6fb;eaf7fc;e9f8fd;e5f4f9;e5f4f9;e6f5fa;e3f2f7;e5f4f9;e6f5fa;e6f5fa;e4f3f8;e6f5fb;e3f2f8;e4f3f9;e2f1f7;e1f0f6;e5f4fa;e4f3f9;e2f1f7;e5f4fa;e3f2f8;e4f3f8;e3f2f7;e0eff5;e3f2f8;e3f2f8;e3f2f8;e5f4fa;e4f3f9;e5f4fa;e3f2f8;e1f0f6;e1f0f6;e2f1f7;e6f5fb;e4f3f9;e4f3f9;e6f5fb;e5f4fa;e5f4fa;e5f4fa;e2f1f7;e4f3f9;e6f5fb;e4f3f9;e7f6fc;e5f4fa;e6f5fb;e4f3f9;e7f6fc;e5f4fa;e4f5fb;e4f3f9;e4f3f9;e2f1f7;e6f5fb;e6f5fb;e6f5fb;e3f2f8;e0eff5;e3f3fc;e7f5fe;e5f3fc;e1f2f8;e1f2f8;e1f2f8;e0f1f7;e2f3f9;e2f3f9;dff0f6;deeff5;e2f3f9;e1f1fa;e1f1fa;e0f0f9;e1f1fa;e1f1fa;dfeff8;e1f1fa;dfeff8;e2f2fb;e3f3fc;e1f1fa;e2f2fb;e1f1fa;e2f2fb;e1f1fa;e2f2fb;e1f1fa;e1f1fa;e0f0f9;dfeff8;dfeff8;deeef7;e1f1fa;e0f0f9;dbebf4;e3f3fc;e1f1fa;dfeff8;dfeff8;dcecf5;deeef7;deeef7;e0f0f9;dff1f9;def0f8;ddeff7;e0f2fa;deeef7;e1f1fa;dfeff8;e2f4fc;e1f3fb;ddeff7;dff1f9;daecf4;d9eaf4;deeff9;deeff9;daebf5;def0f8;e0f2fa;dfeff8;e0f0f9;deeef7;e1f1fb;dfeff9;dff0fa;dcedf7;deeff9;def0f8;dceef6;dceef6;ddeef8;dcedf7;ddeef8;dff0fa;ddeef8;dceff9;dceff9;daedf7;daedf7;dceff9;dceff9;dceff9;def1fb;def2fa;ddf0fa;ddf0fa;dbeef8;ddf0fa;d9ecf6;d9ecf6;dceff9;dbeef8;dceff9;def1fb;ddf0fc;daedf9;daedf9;daedf9;d8ebf7;daebf7;d5e6f2;d6e5f2;d8e7f4;ddeaf7;d6dfec;d8dfea;b2b4be;8b8b93;6d666a;686162;696360;706b60
a7a3a3;c4c6c8;d6dadc;e4eaed;e1e6ec;e0e5eb;e4eaf0;e3e9ef;e8eef4;e8eef4;e5eef3;e8f1f6;e2ebf0;e3ecf1;e3ecf1;e6eff4;e8f1f6;e6eff4;e2ebf0;e7f0f5;e0e9ee;e3ecf1;dee7ec;e3ebf2;dfe9f0;dfe9f0;e0ebf0;deebf0;e1ecf1;e1eef3;e2eff4;dfecf1;e1eef3;e1eef3;e0edf2;e0eff4;e3f2f7;e2f1f6;e2f1f6;e2f1f7;dfeef4;e1f0f6;e2f1f7;e2f1f7;e2f1f7;e5f4fa;e4f3f9;e4f3f9;e5f4fa;e3f2f8;e0f1f7;deeff5;e0f1f7;e6f5fb;e4f3f9;e3f2f8;e1f0f6;dfeef4;e2f3f9;e2f3f9;deeff5;e4f3f9;e4f3f9;e7f6fc;e4f3f9;e5f4fa;e4f3f9;e0eef7;e5f4fa;e4f3f9;e5f4fa;e4f3f9;e5f4fa;e4f3f9;e6f5fb;e4f3f9;e7f6fc;e4f5fb;e3f4fa;e6f7fd;e6f7fc;e2f3f8;e6f7fc;e4f5fb;e2f3f9;e4f5fb;e5f6fc;e4f5fb;e6f7fd;e3f4fa;e6f7fd;e2f3f8;e1f2f7;e5f6fc;eaf9fe;e8f7fc;e6f5fa;ebfaff;e8f7fc;e6f7fc;e6f7fc;e6f7fc;e5f6fb;e7f8fd;eaf9fe;e6f5fa;e9f8fd;eaf9fe;e9f8fd;eaf9fe;ebfaff;e9f8fd;ebfaff;ebfaff;eaf9ff;e6f7fd;e4f5fa;e4f5fa;e6f7fc;e9faff;e9f8fd;eaf9fe;ebfaff;ecfbff;eaf9fe;e9f8fd;e9f8fd;e9f8fe;e9f8fd;e8f7fc;eaf9fe;e9f8fd;eaf9fe;ebfaff;e9f8fd;e9f8fd;ebfaff;e9f8fd;e9f8fd;e9f8fd;ebfaff;ecfbff;ebfaff;edfaff;e9f8fd;e9f8fd;ebfaff;ecf8ff;e8f7fd;e8f7fd;e7f6fc;e8f7fd;e6f5fb;e8f7fd;e6f5fa;e5f4f9;e6f5fa;e6f5fa;e6f5fa;e5f4f9;e9f8fe;e8f7fd;e7f6fc;e6f5fb;e1f0f6;e5f4fa;e6f5fb;e5f4fa;e5f4fa;e6f5fb;e6f5fb;e6f5fb;e4f3f9;e5f4fa;e4f3f9;e3f1fa;e6f6ff;e2f3f9;e7f6fc;e7f6fc;e5f4fa;e9f8fe;e9f8fe;e6f7fd;e5f6fc;e6f7fd;e4f5fb;dff0f6;e4f5fb;e4f5fb;e5f4fa;e1f2f8;e3f4fa;e2f3f9;e3f2f8;e5f4fa;e6f5fb;e6f5fb;e5f4fa;e1f2f8;e0f1f7;e2f3f9;e3f4fa;e4f3f9;e0eff5;e0eff5;e3f2f8;e6f5fb;dff0f6;e1f2f8;e1f2f8;e4f5fb;e2f3f9;e1f2f8;e3f2f8;e1f0f6;e0eff5;e3f3fc;e2f0f9;e3f1fa;e2f2fb;e3f3fc;ddedf6;e1f1fa;e0f0f9;dff0f6;e1f2f8;e0f1f7;dfeff8;e1f1fa;e2f2fb;deeef7;e0f0f9;e0f0f9;deeef7;e0f0f9;e0f0f9;e0f0f9;daeaf3;dbebf4;e0f0f9;ddedf6;e0f0f9;ddedf6;dcecf5;deeef7;deeef7;ddedf6;deeef7;e1f1fa;e0f0f9;daeaf3;deeef7;d8e8f1;e1f1fa;ddeff7;ddedf6;dcecf5;def0f8;ddedf6;deeef7;dbebf4;dcecf5;e0f0f9;dceef6;deeff9;daecf4;daecf4;ddeff7;def0f8;dcecf5;dcecf5;dff1f9;dbedf5;dceef6;daecf4;d9eaf4;e0f1fb;dbecf6;dbecf6;ddeef8;ddeef8;dcedf7;d8e9f3;daeaf3;dfeff8;dff0fa;d9eaf4;daebf5;daebf5;dbeef8;dbeef8;dbeef8;dcedf7;dff0fa;ddeef8;ddeef8;dcedf7;dceff9;dbeef8;dceff9;dff2fc;dbeef8;dbeef8;dceff9;ddf0fa;def1fb;ddf1f9;dff2fc;dceff9;def1fb;daedf7;dceff9;d8ebf5;dbeef8;d9ecf6;d9ecf6;d9ecf6;ddf0fc;dbeefa;daedf9;d5e8f4;d3e8f4;d7eaf4;d8ebf5;dceff9;dbecf8;d9e8f5;d7e6f3;deebf8;dfe6f3;e5e9f4;978f96;70696d;78716f;7a726b
dfecf1;dbe5ec;dce8ef;d9e8ee;d7e8ee;d7e8ee;d6e7ed;d7e8ee;d6e7ed;d5e6ec;d8e9ef;daebf1;d9eaf0;dbecf2;dcedf3;d3e4ea;d9eaf0;dcedf3;d9eaf0;d9eaf0;d7e7f0;daeaf3;daeaf3;daeaf3;dcecf5;dbebf4;d9e9f2;ddeef4;deeff5;dff0f6;deeff5;ddeef4;ddeef4;e1f2f8;ddeef4;dff0f6;e0f1f7;e0f1f7;dff0f6;dff0f6;dff0f6;dff0f6;dff0f6;dff0f6;e1f0f6;e3f2f8;e4f3f9;e2f3f9;e1f2f8;e2f3f9;e2f3f9;e3f4fa;deeff5;dff0f6;e0f1f7;e2f3f9;e1f2f8;e0f1f7;e2f3f9;e1f2f8;e0f1f7;e1f2f8;e1f2f8;e2f3f9;e3f4fa;e3f4fa;e3f4fa;e2f3f9;e2f3f9;e4f5fb;e3f4fa;e6f5fb;e5f4fa;e2f3f9;e1f2f8;e2f3f9;e3f4fa;e2f3f9;e4f5fb;e3f4fa;e4f3f9;e4f3f9;e4f5fb;e5f6fc;e4f5fb;e4f5fb;e6f7fd;e1f2f8;e3f4fa;e5f6fc;e4f5fb;e2f3f9;e4f5fb;e7f8fe;e2f3f9;e6f7fd;e6f7fd;e6f7fd;e2f3f9;e4f5fb;e4f5fb;e6f7fd;e4f5fb;e6f7fd;e6f7fd;e4f5fa;e5f6fb;e1f2f7;e3f4f9;e4f5fa;e1f2f8;e2f1f7;dcedf3;e0f1f7;e1f2f8;e4f5fb;e2f3f9;e0f1f7;e2f3f9;e2f3f9;e4f5fb;e7f6fc;e8f7fd;e8f7fd;e9f8fe;e9f8fe;e7f6fc;e4f3f9;e8f7fd;e8f7fd;e7f6fc;e5f6fc;e7f6fc;e6f5fb;e7f6fc;e7f6fc;e7f6fc;e7f6fc;e7f6fc;e6f5fb;e6f5fb;e5f4fa;e7f6fc;e8f7fd;e8f7fd;e6f5fb;e5f4fa;e5f4fa;e5f4fa;e5f4fa;e5f4fa;e5f4fa;e4f3f9;e8f7fd;e6f5fb;e4f5fb;e8f7fd;e7f6fc;e8f7fd;e7f6fc;e3f2f8;e4f3f9;e5f4fa;e5f3fc;e2f2fb;deeef7;e4f4fd;e6f6ff;deeef7;e1f2f8;e1f2f8;e2f1f7;e4f3f9;e1f2f8;dfeef4;dfedf6;dfeef4;dfeef4;e1f0f6;deedf3;ddecf2;ddecf2;e0eff5;dfedf6;dceaf3;daeaf3;d8e8f1;dceaf3;dcebf1;e3f2f8;e3f2f8;ddecf2;dcebf1;ddecf2;ddebf4;e0eef7;e2f0f9;dfedf6;dceaf3;dfeff8;dfeff8;e0f0f9;deeef7;dbebf4;e0eef7;dcedf3;ddecf2;e0eff5;ddedf6;d9e9f2;daeaf3;ddedf6;dcecf5;d9e9f2;daeaf3;dcecf5;dcecf5;dcecf5;dbebf4;dbebf4;dcecf5;dcecf5;ddedf6;daeaf3;d9e9f2;dbecf2;ddedf6;daeaf3;dbebf4;dbebf4;d9e9f2;dcecf5;ddedf6;ddedf6;dbebf5;dbebf5;daeaf4;d8e8f2;d9e9f3;d8e8f2;dcecf5;d8e8f1;d9e9f2;d8e8f1;dbebf4;d9e9f2;d8e9f3;d5e6f0;daeaf4;dcecf6;d9e9f3;d8e8f2;d8e8f2;d9e9f3;d9e9f2;daeaf4;dbebf4;daeaf3;dbebf4;d9e9f2;d5e5ee;d9e9f2;d7e7f0;d9e9f2;d9ebf3;d7e8f2;d5e6f0;daecf4;d6e8f0;d7e7f0;dbebf4;d7e7f1;d7e8f2;d9eaf4;dcedf7;d9eaf4;d9eaf4;d8e9f3;d9e9f3;dbebf5;daeaf4;daeaf4;daeaf4;dbebf5;d9e9f3;d9e9f3;d9eaf4;daebf5;d9ebf3;ddeff7;d9ecf6;ddeef8;daebf5;daebf5;daebf5;daebf5;dbeef8;d8ebf7;d8ebf7;d8ebf7;daedf9;d7eaf4;d6e9f3;d9ecf6;d8ebf5;daedf7;dceff9;def1fb;dceff9;dff2fc;dff2fc;ddf0fa;daedf7;d8ebf5;daedf7;ddf0fa;daedf7;dbeefa;dceffb;d9ecf8;d5e8f4;d4e9f5;d4e9f3;d8ebf5;ddf0fa;dbeef8;daedf7;d9ecf6;d8ebf5;dbecf6;dcedf7;e3eff9;94959b;746f73;7b7374;796f68
dae9ef;d8e7ed;daebf1;d4e4ed;d5e5ee;d9e9f2;d7e7f0;dcedf3;d9eaf0;d8e9ef;dbecf2;ddeef4;dbecf2;d7e7f0;deeef7;dcecf5;dfeff8;dcecf5;dbebf4;daeaf3;dbebf4;d9e9f2;d9e9f2;daeaf3;ddedf6;deeef7;ddedf6;ddedf6;deeef7;dcecf5;dfeff8;dcedf3;daebf1;deeff5;deeff5;dcedf3;deeff5;e0f1f7;dcedf3;dcedf3;dff0f6;dff0f6;dff0f6;e1f2f8;ddeef4;deeef7;e0f0f9;e0f0f9;dff0f6;dff0f6;e2f3f9;dff0f6;dcedf3;dff0f6;dcedf3;dff0f6;e2f3f9;e1f2f8;dff0f6;e1f2f8;e2f3f9;e3f4fa;e1f2f8;e1f2f8;e2f3f9;e0f1f7;e0f1f7;e2f3f9;e1f2f8;e2f3f9;e4f5fb;e5f6fc;e4f5fb;e2f3f9;e3f4fa;e5f6fc;e5f6fc;e1f2f8;e5f6fc;e3f4fa;e5f4fa;e0eff5;e3f4fa;e6f7fd;e3f4fa;deeff5;e0f1f7;e5f6fc;e3f4f9;e5f6fc;e4f5fb;e1f2f8;e4f5fb;e6f7fd;e2f3f9;e1f2f8;e1f2f8;e4f5fb;e2f3f9;e3f4fa;e0f1f7;e4f5fb;e3f4fa;e5f6fc;e4f5fb;e6f7fd;e6f7fc;e2f3f9;e3f4fa;e1f2f8;dff0f6;deeff5;dbecf2;daebf1;d7e8ee;d8e9ef;d9eaf0;dbecf2;daebf1;ddeef4;d9eaf0;d8e9ef;dbeaf0;dae9ef;dfeef4;e0eff5;deedf3;e1f0f6;e3f2f8;dff0f6;e0f1f7;dff0f6;e0f1f7;e4f3f9;e3f2f8;deedf3;deedf3;e0eff5;e1f0f6;ddeef4;e1f2f8;ddecf2;e3f2f8;e4f3f9;e4f3f9;e4f3f9;e7f6fc;e2f1f7;e2f1f7;e4f3f9;e3f2f8;e5f4fa;e5f4fa;e2f1f7;e3f2f8;e1f2f8;e5f4fa;e2f1f7;e6f5fb;e1f0f6;e0eff5;e1f0f6;dfedf6;e2f0f9;dfeff8;ddedf6;ddedf6;dfeff8;ddedf6;ddeef4;ddeef4;deeff5;dff0f6;dff0f6;deeff5;e0eef7;e1eff8;dfeef4;dbeaf0;d4e3e9;d1e0e6;d3e2e8;d4e2eb;d1dfe8;d1dfe8;cddbe4;d2e0e9;cbdbe4;dbeaf0;dfeef4;dae9ef;dcebf1;dae9ef;dbeaf0;dbe9f2;d5e3ec;d9e7f0;d1dfe8;c9d7e0;cedce5;d1dfe8;d6e4ed;d6e4ed;d8e6ef;dbe9f2;dceaf3;d7e7f0;dcecf5;d9e9f2;ddedf6;dbebf4;dbebf4;d8e8f1;dbebf4;d8e8f1;daeaf3;dbebf4;ddedf7;dcecf6;d9e9f3;dbebf5;daeaf4;d5e5ee;dbebf4;deeef7;dcecf5;d9e9f2;ddedf6;dbebf4;daeaf3;d7e7f0;d8e8f1;d9e9f2;d9e9f3;d8e8f2;dcecf6;daeaf4;d9e9f3;d5e5ef;d4e4ee;d6e6f0;d5e5ee;daeaf4;daeaf4;d9e9f3;d8e8f2;d9eaf4;d8e9f3;ddedf7;ddedf7;dcecf6;d8e8f2;dbebf5;d8e8f2;daeaf3;d7e7f1;d5e5ee;d7e7f0;d9e9f2;d9ebf3;d7e9f1;dbedf5;d9ebf3;d6e8f0;daecf4;d8e9f3;d3e4ee;d5e7ef;d7e9f1;d6e8f0;d6e7f1;d7e7f1;d7e8f2;d6e7f1;d4e5ef;d4e5ef;d9eaf4;d4e5ef;d7e7f1;d1e2ec;d6e8f0;daebf5;daebf5;daebf5;d9eaf4;d8e9f3;d8e9f3;d7e8f2;d7e9f1;d9ebf3;d7eaf4;d7e8f2;d4e5ef;dbecf6;daebf5;daedf7;d5e8f2;d4e7f3;d4e7f3;d7eaf6;d3e6f2;d3e6f2;d7eaf6;d7eaf6;d5e8f2;d6e9f3;d9ecf6;d5e8f2;daedf7;dceff9;e0f3fd;ddf0fa;dceff9;dbeef8;dceff9;dbeefa;dceffb;d6e9f5;d5e8f4;d2e5f1;d2e5f1;d5eaf4;d9ecf6;d9ecf6;dbeef8;dbeef8;dcedf7;ddeef8;ddeef8;ddeef8;dff0fa;e0e9f4;9e969d;766f73;787071;7e746d
d8e9ef;daeaf3;d9e9f2;dcecf5;d8e8f1;d8e8f1;d6e6ef;ddeef4;d9eaf0;dcedf3;d8e9ef;d9e9f2;d8e8f1;dbebf4;dbebf4;dbebf4;ddedf6;d8e8f1;dbebf4;d7e7f0;d9e9f2;daeaf3;d9e9f2;dcecf5;daeaf3;dcecf5;dcecf5;ddedf6;dbebf4;dcecf5;e0f0f9;ddeef4;dcedf3;dff0f6;dcedf3;e0f1f7;dbecf2;dff0f6;dcedf3;d9eaf0;dbecf2;ddeef4;dff0f6;dfeff8;ddedf6;ddedf6;deeef7;daeaf3;dcecf5;e0f0f9;dcecf5;dcedf3;deeef7;e2f3f9;e0f1f7;deeff5;deeff5;e1f2f8;deeff5;e1f2f8;e0f1f7;e2f3f9;e1f2f8;e2f3f9;e3f4fa;deeff5;e0f1f7;dff0f6;e1f2f8;e1f2f8;e1f2f8;e1f2f8;e1f2f8;e2f3f9;e3f4fa;e4f5fb;e1f2f8;e1f2f8;e3f4fa;e3f4fa;e4f3f9;e2f1f7;e6f7fd;e4f5fb;e2f3f9;e2f3f9;e3f4fa;e2f3f9;e3f4fa;e4f5fb;e4f5fb;e1f2f8;e0f1f7;e2f3f9;e1f2f8;e1f2f8;e4f5fb;e4f5fb;e3f4fa;e3f4fa;e0f1f7;e5f6fc;e4f5fb;e1f2f8;e4f5fb;e5f6fc;e2f3f9;e4f5fb;e2f3f9;e1f2f8;e4f3f9;e6f4fd;e7f5fe;e4f4fd;e7f7ff;e7f8fe;e7f8fe;e7f8fe;e6f7fd;e8f9ff;e7f8fe;e7f8fe;ebfaff;e9f8fe;e8f7fd;ebfaff;edfcff;e5f5fe;e4f4fd;e3f3fc;e2f2fb;e1f1fa;e2f2fb;e2f2fb;e2f2fb;e4f5fb;e3f4fa;e5f6fc;e0f0f9;e0f1f7;e1f2f8;e2f1f7;e4f3f9;e1f0f6;e2f1f7;e8f7fd;e3f4fa;dff0f6;ddeef4;e1f0f6;e1f0f6;deeff5;dff0f6;ddeef4;ddeef4;dbebf4;deecf5;e0eef7;e1eff8;dfeef4;e1f0f6;e2f1f7;e1eff8;deecf5;dfeff8;dbebf4;dfeff8;ddedf6;dfeff8;dfeff8;dcedf3;dcedf3;ddeef4;e1f2f8;ddecf2;dbeaf0;e0eff5;ddecf2;e2f1f7;e0eff5;deedf3;e0eff5;e3f2f8;e4f0f7;e5f1f8;e3f2f8;e0eff5;e0eff5;dfeef4;dbeaf0;deedf3;deecf5;dceaf3;dceaf3;dceaf3;ddebf4;dfedf6;deecf5;dfedf6;e1eff8;dceaf3;e0eef7;ddebf4;ddebf4;deecf5;dbe9f2;dcecf5;dcecf5;dcecf5;daeaf3;d9e9f2;dbebf4;dcecf5;dbebf4;d8e8f1;daeaf3;d8e8f1;d9e9f2;d7e7f0;d9e9f2;daeaf3;d6e6ef;d7e7f0;daeaf3;d7e7f0;ddedf6;d9e9f2;d7e7f0;d9e9f2;d9e9f2;dbebf4;d7e7f0;d9e9f2;d8e8f1;d9e9f2;d7e7f1;d9e9f3;deeef7;dbebf5;d9e9f3;d6e6f0;d8e8f2;d7e7f1;d7e7f1;d7e7f1;d8e8f2;d9e9f3;d5e5ef;dbebf5;dbebf5;d6e6f0;d7e7f1;dcecf5;d8e8f1;d7e7f0;d9e9f3;d9e9f3;d8e8f1;d6e8f0;d9e9f2;d9e9f2;d7e7f0;d8e8f1;dbebf4;dbebf4;d4e5ef;d6e7f1;daebf5;d5e6f0;d7e8f2;d9e9f3;daeaf4;dcecf6;d6e6f0;d3e3ec;dbebf5;d6e6f0;d6e6f0;d6e6f0;d7e7f0;daeaf3;d8e9f3;daebf5;d6e7f1;d2e3ed;d7e8f2;d5e6f0;d4e7f1;d2e5ef;d4e7f1;d6e9f3;d6e9f3;dbecf6;d5e6f0;d5e6f2;d1e4ee;d1e4ee;d1e4f0;d3e6f2;d4e7f3;d2e5f1;d1e4f0;d4e7f3;d5e8f4;d6e9f3;d6e9f5;d2e5f1;d5e8f2;ddf0fa;e2f5ff;d8ebf5;dbeef8;dceff9;dceff9;daedf9;d3e6f2;d1e4f0;d3e8f4;d6e9f5;d7eaf6;d8ebf5;d7eaf4;d9ecf6;ddeff7;def0f8;e0f1fb;ddeef8;dff0fa;e0f1fb;deeff9;deeef8;e3edf6;8d8c9a;787377;78716f;7b7168
dcebf1;deedf3;ddebf4;daeaf3;d8e8f1;daeaf3;d7e7f0;daeaf3;d6e6ef;d9e9f2;d9e9f2;d4e4ed;d4e4ed;daeaf3;daeaf3;dbebf4;d8eaf2;d8e8f1;d7e7f0;d8e8f1;dcecf5;daebf1;daebf1;ddeef4;ddedf6;daeaf3;daeaf3;ddedf6;dbebf4;dbebf4;deeef7;dbecf2;dbecf2;ddeef4;dcedf3;dcedf3;dcedf3;dff0f6;dfeff8;ddedf6;dff0f6;e1f1fa;deeef7;ddedf6;e0f0f9;e1f1fa;e0f0f9;deeef7;ddedf6;e1f1fa;deeff5;ddeef4;deeff5;dff0f6;deeff5;e1f2f8;dfeff8;e2f2fb;ddedf6;deeef7;deeef7;dfeff8;e1f1fa;e1f1fa;dff0f6;e0f1f7;dff0f6;e2f3f9;e2f3f9;dbecf2;e1f2f8;e0f1f7;e0f1f7;dff0f6;deeff5;e1f2f8;e1f2f8;e3f4fa;e3f4fa;deeff5;e0f1f7;e2f3f9;e4f5fb;e1f2f8;e1f1fa;e1f2f8;ddeef4;dff0f6;e2f3f9;e2f3f9;deeff5;e0f1f7;e0f1f7;e0f1f7;e0f0f9;e1f1fa;e1f1fa;e3f3fc;e2f2fb;e2f2fb;e1f1fa;e2f2fb;e4f4fd;dfeff8;e5f5fe;e3f3fc;e2f2fb;e5f5fe;e4f4fd;e4f4fd;e2f2fb;e1f2f8;dff0f6;e6f7fd;e2f3f9;e3f4fa;e4f5fb;e2f3f9;e4f5fb;e3f4fa;e4f5fb;e3f4fa;e5f6fc;e2f1f7;e3f2f8;e4f3f9;e3f2f8;e1f2f8;dff0f6;dfeff8;ddedf6;e1f1fa;dfeff8;dfeff8;dfeff8;ddeef4;deeff5;deeff5;dfeff8;e0f1f7;deeff5;e1f0f6;e1f0f6;e0f1f7;dcedf3;d8e6ef;d6e7ed;e1f0f6;e0eff5;dfeef4;dbebf4;dbecf2;deeff5;ddedf6;e0f1f7;dbecf2;deeef7;e0eff5;deedf3;e1f0f6;e2f1f7;ddecf2;dff0f6;dbebf4;dbebf4;dbebf4;deeef7;deecf5;deecf5;ddebf4;ddecf2;e0eef7;e3f2f8;e0eff5;deedf3;dcebf1;deedf3;dfedf6;ddecf2;e0eff5;e7f6fc;e6f5fb;e5f4fa;ddecf2;deedf3;dfedf6;dfeef4;deecf5;ddebf4;dbe9f2;ddebf4;deecf5;ddedf6;daeaf3;deecf5;deecf5;deecf5;dbe9f2;dceaf3;deedf3;ddecf2;e0eff5;deedf3;dfedf6;ddebf4;dcecf5;daeaf3;dbebf4;d9e9f3;dbebf4;dbebf4;daeaf3;dbebf4;daeaf3;daeaf3;dcecf5;dcedf3;dbecf2;d8e9ef;dcecf5;d9e9f2;d8e8f1;daeaf3;ddedf6;dcecf5;deeef7;d9e9f2;d8e8f1;dcecf5;d9e9f2;daeaf3;d7e7f0;d6e6ef;daeaf3;daeaf3;dbebf5;d9e9f2;d8e8f2;d6e6f0;daeaf4;dcecf6;dbebf4;d8e8f1;d7e7f1;d9e9f3;daeaf4;daeaf4;daeaf4;daeaf4;dcecf6;d9e9f3;d9e9f2;dcecf5;daeaf3;d9e9f2;d7e7f0;daeaf3;daeaf3;d8e9f3;d8e9f3;d9eaf4;d9eaf4;d8e9f3;d7e7f1;d6e6f0;d5e6f0;d4e5ef;d8e9f3;dcedf7;d9ebf3;d9e9f2;d9e9f2;dcecf5;daeaf3;dbebf4;daeaf4;daeaf4;d6e6f0;daeaf4;d7e7f1;d7e7f0;d7e7f1;d8e8f2;d5e6f0;d5e6f0;d4e5ef;d2e3ed;d4e7f1;d2e5ef;d5e8f2;d5e8f2;d5e8f4;d3e6f2;d5e6f2;d6e9f5;d5e6f0;d6e7f1;d7e8f4;d4e5f1;d0e1ed;d5e6f2;d2e3ef;d4e5f1;d4e5f1;d3e4f0;d6e7f3;d6e7f3;d7eaf4;daedf7;dff2fc;daedf7;e1f2fc;dcedf7;daedf7;d7eaf6;d3e6f2;d9ecf8;d9ecf6;d7e8f2;d8e9f3;dcedf7;dfeff8;e3f3fc;deeef7;dbebf4;e0f0fa;dcecf6;dbebf5;dfeff9;ddedf7;dfeff9;dfeff8;8d8b95;7a7376;7c7572;7b7265
dcebf1;dbeaf0;deedf3;d6e5eb;d7e5ee;dcecf5;daeaf3;d8e8f1;d9e9f2;d5e5ee;d7e7f0;d4e4ed;d5e5ee;d5e5ee;d7e7f0;dbebf4;d9ebf3;d9e9f2;d9e9f2;d9eaf0;d9eaf0;dbecf2;dbecf2;d7e8ee;dbebf4;d9e9f2;d9e9f2;daeaf3;d8e8f1;daeaf3;d9e9f2;d9e9f2;daeaf3;daebf1;dcedf3;ddedf6;daeaf3;deeef7;ddedf6;daeaf3;dff0f6;deeef7;deeef7;ddedf6;deeef7;dfeff8;dfeff8;e0f0f9;e0f0f9;dcecf5;ddeef4;daebf1;deeff5;e1f2f8;dbecf2;dff0f6;dcedf3;deeef7;dfeff8;dfeff8;e0f0f9;e0f0f9;dfeff8;e0f0f9;deeff5;deeff5;e1f2f8;dff0f6;e0f1f7;ddeef4;e0f1f7;e3f3fc;e1f1fa;e1f2f8;e0f1f7;e3f4fa;e2f3f9;e3f4fa;dff0f6;ddeef4;e1f1fa;e2f2fb;e0f1f7;ddeef4;dfeff8;e0f1f7;e1f1fa;e1f2f8;e1f2f8;deeff5;e2f3f9;dcedf3;e1f2f8;e1f1fa;e1f1fa;dcecf5;ddedf6;e2f2fb;deeef7;deeef7;ddedf6;ddedf6;ddedf6;ddedf6;deeef7;dcecf5;dfeff8;ddedf6;deeef7;dfeff8;e0f0f9;ddedf6;e6f6ff;ebfbff;e6f6ff;dfeff8;e0f0f9;daeaf3;dff0f6;dcedf3;ddedf6;ddedf6;ddedf6;dcecf5;deeef7;ddeef4;deeff5;ddedf6;dcecf5;dbebf4;deeef7;deeef7;deeef7;ddedf6;e1f1fa;ddedf6;deeef7;deeef7;ddedf6;deeff5;dff0f6;e0f0f9;ddedf6;dbecf2;daeaf3;dbebf4;deeef7;dfedf6;dfedf6;dfedf6;dbebf4;dcedf3;dcedf3;dfeff8;dff0f6;ddeef4;ddedf6;deeff5;ddeef4;deeff5;deedf3;e0eff5;deeff5;d9eaf0;ddeef4;dfeff8;dfeff8;ddedf6;deecf5;e1eff8;e1f0f6;deedf3;e0eff5;e0eff5;e0eff5;dfeef4;dcebf1;dfeef4;e0eff5;dfeef4;d8e7ed;c6d5db;cfdee4;dceaf3;ddebf4;dfedf6;deecf5;dceaf3;e0eef7;dfedf6;dfedf6;dfeff8;ddedf6;dcecf5;dfedf6;ddebf4;dfedf6;ddebf4;e0eef7;deedf3;deedf3;ddecf2;ddebf4;deecf5;dceaf3;dbebf5;ddedf6;dbebf4;dfeff9;dcecf6;dbebf5;d9e9f2;ddedf6;dcecf5;dcecf5;dcecf5;dcedf3;daebf1;deedf3;dfedf6;dbebf4;dbebf4;ddedf6;deeef7;dfeff8;dfeff8;dcecf5;d9e9f2;d7e7f0;dcecf5;daeaf3;d9e9f2;dbebf4;d7e7f0;d7e7f1;d8e8f2;d9e9f3;dbebf5;daeaf4;d7e7f1;ddedf7;ddedf7;dcecf6;ddedf7;daeaf4;daeaf4;daeaf4;dcecf6;ddedf7;daeaf3;d6e6ef;daeaf3;daeaf3;ddedf6;d9e9f2;dcecf5;dcecf5;dcecf5;d8e9f3;daebf5;d8e9f3;d9eaf4;d4e5ef;d6e6f0;d6e7f1;d8e9f3;d6e6ef;d8eaf2;d8e9f3;d6e8f0;d8e8f1;daeaf3;d9e9f2;d9e9f2;d9e9f2;daeaf3;d8e8f1;daeaf4;daeaf4;d9e9f3;daeaf4;daeaf4;d9e9f3;d8e8f2;d6e7f1;d6e7f1;d6e7f1;d2e5ef;d6e9f3;d6e9f3;d5e8f2;d6e9f5;d4e7f3;d7eaf6;d6e9f5;d5e6f0;d5e6f0;d6e7f1;d4e5f1;d5e6f2;d4e5f1;d3e4f0;d4e5f1;d4e5f1;d5e6f2;d7e8f4;d6e7f3;d5e8f4;d5e8f2;d8ebf5;dbeef8;dcedf7;ddeef8;dcedf7;d5e8f2;d2e5ef;d6e9f3;daedf7;ddeef8;e0f2fa;deeef7;e2f2fb;e2f2fc;e0f0f9;deeef8;e0f0fa;dfeff8;e0f0f9;e0f1fb;e0f0f9;e5f1fb;ecf1fb;958c98;817277;80776c;7e756a
ddeaef;dde8ed;ddeaef;d9e5ec;d9e8ee;ddecf2;d8e8f1;daeaf3;daeaf3;d8e8f1;d4e4ed;d5e5ee;d5e5ee;d5e6ec;d7e8ee;d8e8f1;d4e4ed;d7e7f0;d9e9f2;daeaf3;d9eaf0;d9eaf0;dcedf3;dbecf2;d8e9ef;d8e8f1;dcecf5;dbebf4;d9e9f2;dbebf4;d9e9f2;dbebf4;dbebf4;d8e8f1;daeaf3;dbebf4;deeef7;dfeff8;ddedf6;dbebf4;daebf1;d9eaf0;dcedf3;daebf1;deeef7;e0f0f9;ddedf6;dfeff8;deeef7;deeef7;dcedf3;e1f2f8;dcedf3;dcedf3;dbecf2;dfeff8;dfeff8;ddedf6;dfeff8;ddedf6;e2f2fb;e0f1f7;e2f3f9;ddeef4;daebf1;ddeef4;e0f0f9;deeff5;ddeef4;dcedf3;deeff5;dcedf3;ddeef4;deeff5;ddedf6;dfeff8;ddedf6;e0f0f9;d9e9f2;daeaf3;ddedf6;ddedf6;deeef7;dcecf5;deeef7;dbecf2;ddeef4;dbecf2;dbebf4;dbebf4;dbebf4;deeef7;d9e9f2;d9e9f2;dbebf4;dcecf5;dbebf4;daeaf3;d9e9f2;d9e9f2;dbebf4;dcecf5;deeef7;deeef7;dcecf5;ddedf6;deeef7;ddedf6;dbebf4;dcecf5;deeef7;d8e8f1;cddde6;daeaf3;deeef7;ddedf6;dfeff8;ddedf6;dcecf5;ddedf6;ddedf6;e0f0f9;ddedf6;deeef7;deeef7;dcecf5;dcedf3;ddeef4;deeff5;deeef7;dbebf4;dbebf4;e0eef7;dfedf6;ddedf6;daeaf3;dbecf2;dbecf2;dbebf4;dcedf3;dcedf3;deeff5;dcedf3;dbecf2;dfedf6;e0eef7;ddedf6;ddedf6;dceaf3;ddedf6;e0eef7;dcebf1;dfeef4;e1f0f6;dfeef4;deedf3;deedf3;daebf1;d9eaf0;e1f0f6;e4f3f9;deeff5;dfeef4;deeff5;e1f0f6;e1f0f6;e1f0f6;e2f0f9;e0eff5;e1f0f6;e2f1f7;dfeef4;e2f1f7;e1f0f6;ddecf2;ddecf2;e0eff5;e1f0f6;deedf3;deeaf1;d5e1e8;dbe7ee;dfeef4;e2f0f9;dceaf3;deecf5;ddebf4;dceaf3;dfedf6;deecf5;dfedf6;ddebf4;deecf5;deedf3;dcebf1;dfebf2;dfebf2;dfebf2;dfebf2;ddecf2;ddecf2;ddecf2;deecf5;dbe9f2;dfedf6;dfedf6;ddebf4;dceaf3;deecf5;ddebf4;ddebf4;dbe9f2;dcecf5;dcedf3;e0eff5;dcebf1;dbecf2;dcedf3;e1eff8;d8e8f1;d6e6ef;d8e8f1;d9e9f2;d9e9f2;daeaf3;d9e9f2;dbebf5;dbebf5;d9e9f3;d8e8f2;daeaf4;dbebf4;daeaf3;d9e9f2;d6e6f0;d8e8f2;dbebf5;d8e8f2;dbebf4;d8e8f1;ddedf6;daeaf3;dcecf5;d9e9f2;d9e9f2;daeaf3;dcecf5;daeaf3;d9e9f2;d6e6ef;d8e8f1;dbebf4;d9e9f2;d6e6ef;dcecf5;dbebf4;d9e9f2;daeaf3;daeaf4;d8e8f2;daeaf4;d8e9f3;d8e9f3;d8e8f2;daeaf4;dcecf5;d8e8f1;dbebf4;dbebf4;dcecf5;dcecf5;dbebf4;daeaf3;d7e7f0;d9e9f2;d7e7f0;d7e7f0;d5e5ee;d4e4ed;d8e8f1;d9e9f2;d8e8f2;d7e7f1;d9e9f3;d7e7f1;d4e4ee;d6e6ef;d6e6ef;d7e9f1;d8e9f3;d8e9f3;d6e7f1;d3e4ee;d9eaf4;d9eaf4;d7e8f2;d6e7f1;d5e6f0;d6e6f0;d8e8f2;d9e9f3;d9e8f5;d8e7f4;d3e4f0;d5e6f2;d7e8f4;d7e8f2;dbecf8;d6e7f3;d8e9f5;d7e8f2;dcecf6;e0f0fa;e0f0fa;ddedf6;daecf4;def0f8;dbedf5;deeef7;deeef7;ddedf6;e0f0fa;dbebf5;dfeff9;e0f0fa;e0f0fa;dfeff8;dfeff8;e3f3fc;e1f1fa;e1edf7;e9eef9;83808e;83757d;807475;7d736a
e0edf2;dee9ee;e0ebf0;dde9f0;dce8ef;dde9f0;d9e8ee;dbe9f2;d9e7f0;dceaf3;dbebf4;d7e7f0;d3e4ea;d5e6ec;d9eaf0;d7e7f0;d6e6ef;d5e5ee;d4e4ed;d7e7f0;d6e7ed;d7e6ec;dae9ef;d8e7ed;d9e8ee;d7e5ee;dbebf4;d8e8f1;d9e9f2;d8e8f1;d8e8f1;d8e8f1;ddebf4;dbe9f2;dbe9f2;daeaf3;d9e9f2;daeaf3;dbebf4;dbecf2;d7e8ee;ddedf6;ddedf6;deeef7;d9e9f2;dbebf4;d9e9f2;dcecf5;dcecf5;dbebf4;daeaf3;dcedf3;d5e6ec;d3e4ea;d9eaf0;dbebf4;d7e7f0;d8e8f1;ddedf6;d7e7f0;dbebf4;d5e6ec;daebf1;d7e8ee;d8e9ef;d5e5ee;d9e9f2;d8e8f1;d8e8f1;d9eaf0;daebf1;dbecf2;d8e9ef;d8e8f1;dbebf4;d8e8f1;d9e9f2;d7e7f0;daeaf3;d9e9f2;d8e8f1;dbebf4;d9e9f2;d9e9f2;daeaf3;d9eaf0;d9eaf0;d7e7f0;daeaf3;daeaf3;d9e9f2;dfeff8;deeef7;d8e8f1;d7e7f0;dbebf4;d9e9f2;ddedf6;dcecf5;dbebf4;dcecf5;deeef7;dcecf5;dcecf5;dcecf5;ddeef4;deeef7;daeaf3;dcecf5;dcecf5;ddedf6;daeaf3;d6e6ef;c5d5de;ccdce5;dbe9f2;ddedf6;daeaf3;daeaf3;dbebf4;dfeff8;dff0f6;dcecf5;dcecf5;daeaf3;ddedf6;ddeef4;e0eff5;ddecf2;e1eff8;e0eef7;deecf5;deecf5;dceaf3;e0eef7;dfeef4;dfeef4;e0eff5;deeff5;e0eff5;e2f1f7;e3f2f8;e0eff5;deedf3;e0eff5;dcebf1;deecf5;e1eff8;dfedf6;e1eff8;dfeef4;dfeef4;e1f0f6;e3f2f8;e1f0f6;e1f0f6;e2f1f7;e0eff5;ddecf2;dfeef4;e2f1f7;e3f2f8;e2f1f7;e3f2f8;e3f2f8;e0eff5;dfedf6;e1eff8;e2f1f7;dfeef4;e2eef5;e1edf4;e1edf4;deeaf1;e1edf4;dcebf1;e0ecf3;e1edf4;e1edf4;e2eef5;e1edf4;e2eef5;e4f0f7;e1eff8;e0eef7;e1edf6;e3eff8;deeaf3;dfebf4;e2eef7;deeaf3;dfebf4;e0ecf5;e0ecf3;e2eef5;e3eff6;dfebf2;e2eef5;dfebf2;deedf3;deedf3;deedf3;e0eef7;e1eff8;e0eef7;dceaf3;deecf5;deecf5;e0eef7;e0eef7;dfedf6;dbe9f2;deecf5;dfeef4;dfeef4;ddecf2;e2f1f7;deecf5;ddebf4;dbe9f2;daeaf3;d9e9f2;ddebf4;dbebf4;d8e8f1;d9e9f2;deeef7;dcecf6;dbebf5;d9e9f3;daeaf3;daeaf3;dcecf5;d4e4ed;daeaf3;daeaf3;d8e8f1;dbebf4;daeaf3;daeaf3;d9e9f2;d8e8f1;d8e8f1;dcecf5;dbebf4;d9e9f2;d5e5ee;daeaf3;dbebf4;d8e8f1;dbebf4;deeef7;dbebf4;d9e9f2;dbebf4;ddedf6;d9e9f2;daeaf3;dbebf4;d6e6ef;d8e8f1;daeaf4;d9e9f3;daeaf4;dbebf4;daeaf3;d9e9f2;d9e9f2;d6e6ef;daeaf3;deeef7;dbebf4;daeaf3;daeaf3;dcecf5;dbebf4;d6e6ef;d9e9f2;dfeff8;dbebf4;d9e9f2;dbebf4;d7e7f0;dbebf4;d9e9f2;d7e7f0;d9e9f2;daeaf3;d8e8f1;d7e7f0;d7e8f2;daebf5;d6e7f1;daebf5;dcedf7;d5e6f0;d8e8f2;d7e7f1;d8e8f2;d9e9f2;d9e9f3;d9e9f3;d6e6f0;d8e8f2;daebf5;d9eaf4;daeaf4;d6e6f0;d7e7f1;d9e9f3;deeef8;dfeff9;dcecf5;e1f1fa;dcecf5;dbebf4;deeef7;dbebf4;dfeff8;ddedf6;e1f1fb;dfeff9;e0f0fa;deeef8;e0f0f9;e1f1fa;dfeff8;e1f1fa;e0f0f9;dfeff8;e3eefb;e5f3fd;7d798a;7b737a;7f7576;7e746d
dde9f0;e2edf2;dee9ee;d9e5ec;d8e4eb;dde9f0;d7e3ea;dae6ed;dae6ed;dde9f0;d7e6ec;d7e6ec;d1e0e6;d3e2e8;d4e3e9;d7e6ec;dae9ef;d9e8ee;d9e8ee;d9e8ee;d9e8ee;dae9ef;d8e7ed;d5e4ea;d9e5ec;dae6ed;dbeaf0;dae9ef;dae9ef;dbeaf0;d9e8ee;d7e6ec;dae9ef;d9e7f0;dae8f1;d6e4ed;d7e5ee;dae8f1;d9e8ee;dbeaf0;dae9ef;dae9ef;d7e6ec;d7e7f0;d6e6ef;d8e7ed;d8e7ed;d7e8ee;d6e6ef;d7e7f0;d5e5ee;d6e4ed;d6e5eb;d7e6ec;dae9ef;d7e8ee;d6e7ed;d4e5eb;d8e9ef;d5e5ee;d6e6ef;d7e8ee;d7e6ec;d5e6ec;d8e9ef;d5e6ec;d7e8ee;d7e8ee;d9eaf0;daebf1;d5e6ec;d9eaf0;d8e9ef;d6e7ed;d6e7ed;d6e7ed;d8e9ef;d9e9f2;d8e8f1;d8e8f1;d5e5ee;d6e6ef;d8e8f1;d5e5ee;d8e8f1;dbeaf0;d9e8ee;dae9ef;d7e8ee;d8e9ef;dae9ef;d7e7f0;daeaf3;d7e7f0;d8e8f1;daeaf3;d9e9f2;deecf5;ddebf4;daebf1;d9eaf0;e0eff5;e1f0f6;deedf3;dfeef4;e0eff5;dcebf1;deedf3;dfeef4;e0eff5;dbeaf0;e1edf4;e0ecf3;e1edf4;e1edf4;e0ecf3;dfeef4;e0eff5;deedf3;e2eef5;deedf3;e2eef5;deedf3;dfeef4;dfeef4;dfeef4;e0eff5;e3eff6;e2eef5;e1f0f6;e0eef7;dfedf6;e0eff5;deedf3;e2eef5;e5f1f8;e7f3fa;e5f1f8;e5f1f8;e3eff6;e6f2f9;e6f2f9;e2eef5;e6f3f8;e5f1f8;e3eff6;e4f0f7;e4f3f9;e6f2f9;e0eff5;e5f1f8;e7f3fa;e5f1f8;e6f2f9;e7f3fa;e6f2f9;e4f0f7;e2eff4;e1edf4;e3eff6;e5f2f7;e2eff4;e3eff6;e4f0f7;e5eff6;e3edf4;e7f1f8;e3eff6;e2eef5;e6f0f7;e6f0f7;e6f0f7;e4eef5;e8f2f9;e3eff6;e2eef5;e2eef5;e6f2f9;e4f0f7;e3eff6;e5f1f8;e3eff6;e5eff6;e6f0f7;e5eff6;e5eff6;e5eff6;e4eef5;e5eff6;e5eff6;e8f2f9;e5eff6;e4eef5;e3edf4;e5eff6;e4eef5;e4f0f7;e3eff6;e3eff6;e6f2f9;e3eff6;e5f1f8;e5f1f8;e4f0f7;e1edf4;e5eff6;e5f1f8;e6f2f9;e2eef5;e4f0f7;e2eef5;e4f0f7;e2eef5;e5f1f8;e6f2f9;e4f0f7;e4f0f7;e2eef5;e1eff8;e0eef7;e0eef7;dfedf6;e1edf6;e2eef7;e1edf6;deecf5;ddebf4;e1eff8;e0eef7;e0eef7;e1eff8;e1eff8;ddebf4;e0eef7;deecf5;dfedf6;e0eef7;deecf5;dceaf3;e0eef7;deecf5;e1f0f6;deedf3;dfeef4;e1eff8;deedf3;deedf3;deedf3;e0eef7;e2f1f7;dfeef4;e3f1fa;dfeff8;e1f0f6;e1f0f6;e3f2f8;e0eff5;dfeef4;ddebf4;e1eff8;deecf5;dbe9f2;dfedf6;e0eef7;ddebf4;dbe9f2;dceaf3;e1eff8;dbe9f2;d9e7f0;e0eef7;e2f0f9;ddebf4;ddebf4;dceaf3;e1eff8;e3eff8;e1edf6;dfedf6;e3f1fa;dfedf6;dceaf3;dceaf3;ddebf4;deecf5;deecf5;e0eff5;ddedf6;ddedf6;deeef7;dcecf5;daeaf3;deeef7;dbebf4;dcecf5;deeef7;d9e9f2;dcecf5;e1eff8;e0eef7;deecf5;ddedf6;ddedf6;deeef7;ddedf6;dbebf4;deeef7;dcecf5;dfeff8;deeef7;e1f1fa;e3f3fc;e1f1fa;e0f0f9;dfeff8;deeef7;deeef7;e0f0f9;dcecf5;ddedf6;e1f1fb;deeef8;e0f0f9;e0f0f9;e1f1fa;e1f1fa;e1f1fa;e0f0fa;dfeff9;e4f4fe;e7f2ff;e8effa;7b7c82;7a7579;7b7374;7c746d
dde9f0;dce8ef;e1eef3;deeaf1;dfebf2;dce8ef;dbe7ee;dbe7ee;dae6ed;d8e4eb;d7e3ea;d7e3ea;d7e3ea;d5e4ea;d9e5ec;d8e4eb;d9e5ec;d7e4e9;dbe7ee;dae6ed;d6e2e9;d8e4eb;dae6ed;dae6ed;dbe7ee;d8e4eb;d9e5ec;d7e3ea;dae6ed;dce9ee;dce9ee;dde9f0;dde9f0;deeaf3;d9e7f0;dae8f1;dbe9f2;d6e4ed;dae9ef;dae9ef;dcebf1;dae9ef;d9e8ee;dbeaf0;d9e8ee;dae9ef;ddecf2;dcebf1;dceaf3;dae8f1;dbe9f2;dae9ef;d9e8ee;dbeaf0;dcebf0;dbeaef;dcebf1;ddecf2;dbeaf0;dceaf3;dceaf3;dcebf1;dbeaf0;d7e6ec;dae9ef;dbeaf0;dcebf1;ddecf2;ddecf2;dbeaf0;dcebf1;ddecf1;ddecf2;ddecf2;dbeaf0;daebf1;daebf1;d8e9ef;d6e7ed;d9eaf0;d9e9f2;dbebf4;dbe9f2;dae9ef;dae9ef;dfeef4;deedf3;ddecf2;deedf3;deedf3;dcebf1;dae8f1;dbecf2;dfeef4;dbeaf0;dfedf6;dfedf6;dcebf1;dfeef4;dfeef4;deedf3;e0eff5;dfeef4;e0eff5;e6f2f9;e4f0f7;e2f1f7;e3f2f8;e4f3f9;e0eff5;e1f0f6;e3eff6;e5f1f8;e3eff6;e6f2f9;e5f1f8;e3eff6;e6f2f9;e6f2f9;e8f4fb;e5f1f8;e4f0f7;e5f1f8;e2f1f7;e2f1f7;e4f0f7;e7f3fa;e8f4fb;e1edf4;e6f2f9;e6f2f9;e3eff6;e7f3fa;e4f0f7;e5f2f7;e5f2f7;e9f4f9;e8f4fb;e6f2f9;e5f1f8;e6f2f9;e8f4fb;e5f2f7;e7f4f9;e6f3f8;e5f2f7;e8f5fa;e5f2f7;e5f2f7;e7f4f9;e6f3f8;e6f2f9;e6f2f9;e6f2f9;e9f3fa;e8f2f9;e5eff6;e8f3f8;e8f3f8;eaf5fa;e8f3f8;e6f1f6;e9f4f9;e9f4f9;e7f2f7;e8f2f9;e8f2f9;e7f1f8;e9f3fa;e6f0f7;e6f0f7;e5eff6;e6f0f7;e7f1f8;e5eff6;e6f0f7;e8f2f9;e7f1f8;e6f0f7;e5eff6;e8f2f9;e6f0f7;e6f0f7;e8f2f9;e8f2f9;e9f1f8;e8f0f7;e6f0f7;e6f0f7;e5eff6;e5eff6;e6f0f7;e6f0f7;e6f0f7;e6f0f7;e7f1f8;e6f0f7;e7f3fa;e7f3fa;e3eff6;e4f0f7;e6f2f9;e7f1f8;e5eff6;e6f0f7;e5eff6;e3edf4;e5f0f5;e8f3f8;e6f0f7;e3edf4;e4eef5;e6f0f7;e7f1f8;e4eef5;e8f2f9;e6f0f7;e3eff6;e3eff6;e1edf6;dfebf4;e2eef7;e0ecf5;e2eef5;e2eef5;e1edf4;e2eef7;e4f0f9;e3eff8;e8f4fb;e4f0f7;e5f1f8;e5f1f8;e2eef5;e4f0f9;e2eef7;e2eef7;e6f2fb;e3eff8;e0ecf3;e2f1f7;e4f3f9;e4f3f9;e3f2f8;e5f1f8;e0ecf3;e3eff6;e4f0f7;e4f0f7;e2eef5;e2eef5;e1f0f6;e1f0f6;e0eff5;e1f0f6;dfeef4;deedf3;e1f0f6;e2f1f7;e1f0f6;e3f1fa;e2f0f9;ddebf4;dfedf6;deecf5;e4f0f9;e3eff8;e1edf6;e1edf6;e0ecf3;dfedf6;e0eef7;e2f1f7;deecf5;ddebf4;e3eff8;e3eff8;e1edf6;e3eff8;dbe9f2;dfedf6;deecf5;deecf5;e3eff8;e2eef7;e0eef7;dfedf6;ddebf4;deeff5;dbecf2;dbebf4;dcecf5;dfedf6;dbebf4;deeef7;deeff5;dbebf4;dfeef4;dfeef4;deedf3;ddecf2;ddecf2;dcecf5;dbebf4;dcecf5;dfeff8;dbebf4;e0f0f9;deeef7;dfeff8;deeef7;e0f0f9;e1f1fa;dfeff8;e3f3fc;deeef7;ddedf6;dfeff8;e0f0f9;ddedf6;e0f0f9;e0f0fa;deeef7;ddedf6;deeef7;e0f0f9;e1f1fa;e1f1fa;dfeff8;e0f0fa;e4effc;e2e9f4;898a90;797478;7d7677;79746a
dfebf2;dce9ee;ddeaef;deebf0;deebf0;dae7ec;dbe7ee;d8e4eb;d9e5ec;dae6ed;d5e1e8;d6e2e9;d7e3ea;d9e5ec;dae6ed;d8e4eb;d7e6ec;d8e7ec;dae9ee;dae9ee;d9e5ec;d8e4eb;d5e1e8;d6e2e9;dce8ef;e0eaf1;dae4eb;dbe7ee;dae6ed;dee9ee;deebf0;dfe9f0;dce6ed;dde7ee;dce8ef;dae6ed;e0ecf3;e0ecf3;dde9f0;dde9f0;e1edf4;deeaf1;e0ecf3;deeaf1;dfebf2;e1edf4;ddeaef;deebf0;deeaf1;e1edf4;dfebf2;dfebf2;dbe7ee;deebf0;e0edf2;dfecf1;e0edf2;e0edf2;dfebf2;dde9f0;deeaf1;dde9f0;e0ecf3;e1edf4;e1eef3;e0ecf3;dfebf2;deeaf1;e0ecf3;e1edf4;e1eef3;deebf0;e0edf2;e1eef3;dfecf1;e2eff4;deedf3;e0eff5;deedf3;deedf3;deedf3;dfeef4;e1edf4;e1edf4;e3eff6;e2eef5;dfebf2;e0edf2;dfebf2;e5f1f8;e2eef5;e1edf4;e1f0f6;e2eef5;e5f1f8;e2eef5;e3eff6;e5f1f8;e4f0f7;e3eff6;e5f1f8;e4f1f6;e4f1f6;e6f3f8;e5f2f7;e6f3f8;e3f0f5;e3f0f5;e5f2f7;e7f4f9;e5f2f7;e4f1f6;e5f2f7;e6f2f9;e4f0f7;e5f1f8;e2eef5;e8f5fa;e9f4f9;e7f2f7;e5f0f5;e7f2f7;e5f0f5;e2eff4;e4f1f6;e4eff4;e7f2f7;e8f3f8;e9f4f9;e7f1f8;e6f0f7;e7f1f8;e7f1f8;e5f0f5;e9f4f9;e6f1f6;e8f3f8;e7f2f7;e7f2f7;e5eff6;e5eff6;e6f1f6;e7f2f7;e7f2f7;e9f4f9;e7f2f7;e8f3f8;e7f2f7;e6f1f6;e9f4f9;e7f2f7;e9f4f9;e7f2f7;e8f3f8;e9f4f9;e9f4f9;e9f4f9;e8f3f8;e7f2f7;e8f3f8;e9f4f9;e8f3f8;edf6fb;eaf5fa;e5f0f5;e8f3f8;e9f4f9;e5f0f5;e8f3f8;e7f1f8;e7f1f8;e8f2f9;e7f1f8;e6f0f7;e7f2f7;e7f2f7;e6f0f7;e6f1f6;e6f0f7;e6f1f6;e7f2f7;e6f1f6;e8f3f8;e9f2f7;e9f2f7;eaf3f8;ebf4f9;e7f0f5;eaf3f8;e8f2f9;e5eff6;e5eff6;e7f1f8;e6f0f7;e7f1f8;e6f1f6;e6f1f6;e6f1f6;e6f1f6;e7f1f8;e6f0f7;e6f0f7;e6f0f7;e7f1f8;e9f4f9;e7f2f7;e6f1f6;eaf5fa;e7f2f7;e9f4f9;e8f2f9;e9f3fa;e5f1f8;e5eff6;e1edf4;e3eff6;e5f1f8;e2eef5;e3eff6;e5f1f8;e2ecf3;e4eef5;e7f1f8;e4eef5;e3edf4;e3edf4;e2eef5;e0ecf3;e3eff6;e3eff6;e5eff6;e5eff6;e4eef5;e4f0f7;e2eef5;e3eff6;e4f0f7;e4f0f7;e4eef5;e3eff6;e5f1f8;e3eff6;e2eef5;e4f0f7;e5f1f8;e2eef5;e0ecf3;e3eff6;e2eef5;e3eff6;e4f0f7;e4f1f6;e3f0f5;e5f2f7;e5f1f8;e3eff6;e4f0f7;e3eff6;e1edf4;e0ecf3;dfeef4;deedf3;e0ecf3;e2eef7;e4f0f9;e2eef5;dfebf2;e4f0f7;e4f0f7;e3eff6;e1edf6;e2eef7;e0ecf5;dde9f2;e2eef7;e2eef7;e5f1fa;e2eef7;e0ecf5;dde9f2;e3eff6;ddebf4;dfedf6;dfedf6;deecf5;deecf5;deecf5;e1eff8;deeff5;dbecf2;ddecf2;ddebf4;dbeaf0;ddecf2;dfeef4;dfeef4;e0eef7;e0eef7;dfeef4;dcebf1;deedf3;e1f0f6;e0eff5;dfeef4;ddebf4;daeaf3;dcecf5;dbe9f2;e0eef7;dfeff8;e0f0f9;e1f1fa;e0f0f9;e3f3fc;e1f1fb;ddedf7;dfeff8;dfeff8;e0f0f9;dcecf5;dbebf5;e1f1fb;dfeff9;deeef8;e1f1fb;e1f1fa;e0f0f9;e2f2fb;e3f3fc;e1f1fb;e3eff9;e2e9f4;8a8b91;757074;797273;776f68
dbe8ed;e0edf2;ddeaef;dfecf1;deebf0;dbe8ed;dce9ee;dce8ef;dce8ef;dce8ef;d9e8ee;d9e5ec;d6e2e9;d7e3ea;d8e4eb;dae6ed;dae6ed;dbe7ee;dbe7ee;d8e7ed;deeaf1;dbe7ee;d9e5ec;d8e4eb;dae6ed;dae6ed;dbe7ee;deeaf1;dde9f0;dfeaef;e0edf2;e1ecf1;dde7ee;dfe9f0;dde7ee;e0eaf1;dde9f0;deeaf1;dfebf2;dfebf2;dfebf2;dfebf2;dfebf2;e1edf4;dfecf1;ddeaef;dfecf1;ddeaef;deeaf1;dfebf2;deeaf1;e0ecf3;deeaf1;e0ecf3;e0edf2;dfecf1;dde9f0;dfebf2;e1edf4;e0ecf3;e1edf4;deeaf1;e0ecf3;dfebf2;e2eef5;dfebf2;e1edf4;e2eef5;dfebf2;e6f2f9;e3eff6;dfebf2;dfebf2;e2eef5;e3eff6;e3eff6;e2eef5;e1edf4;e2eef5;e1edf4;e2eef5;e0ecf3;e0ecf3;e4f0f7;e5f1f8;dfebf2;e3eff6;e4f0f7;e2eef5;e2eef5;e0ecf3;e1edf4;e4f0f7;e3eff6;e3eff6;e2eef5;e4f0f7;e1edf4;e0ecf3;e0ecf3;e3eff6;e1eef3;e6f1f6;e8f3f8;e2eff4;e3f0f5;e4f1f6;e2eef5;e4f1f6;e4f1f6;e6f3f8;e6f3f8;e7f4f9;e4f0f7;e5f1f8;e7f1f8;e7f1f8;e5eff6;e7f1f8;e8f2f9;eaf5fa;e5f0f5;e6f1f6;e8f3f8;e9f4f9;e7f2f7;e8f3f8;e8f3f8;e8f3f8;e8f3f8;e9f4f9;e7f2f7;e8f2f9;e8f2f9;e7f2f7;e9f4f9;e8f3f8;e8f3f8;e8f3f8;e8f2f9;e7f1f8;e7f1f8;eaf4fb;ebf6fb;e5f0f5;e8f3f8;eaf5fa;e9f4f9;e9f4f9;e8f3f8;e7f2f7;e6f1f6;e9f4f9;e8f3f8;e8f3f8;e8f3f8;e5f0f5;e9f4f9;e9f4f9;e7f2f7;ecf5fa;eaf5fa;ecf5fa;e7f2f7;e9f4f9;e8f3f8;e9f4f9;e7f2f7;e8f3f8;e6f0f7;e7f2f7;e7f1f8;e9f3fa;e9f4f9;e8f3f8;e7f2f7;e7f1f8;e5eff6;e7f1f8;e8f3f8;e8f3f8;e9f4f9;e7f1f8;e9f1f8;e8f0f7;ebf3fa;ebf3fa;eaf3f8;e8f3f8;e8f3f8;e6f1f6;e6f1f6;e6f0f7;e6f0f7;e6f0f7;e8f3f8;e6f1f6;e8f3f8;e8f3f8;e7f1f8;e8f2f9;e7f1f8;e9f3fa;e9f3fa;e7f1f8;e9f3fa;e7f1f8;e7f1f8;e6f1f6;e6f2f9;e3eff6;e4f0f7;e7f3fa;e6f0f7;e4f0f7;e5f1f8;e6f0f7;e6f0f7;e4eef5;e3edf4;e8f2f9;e5eff6;e4f0f7;e3eff6;e4f0f9;e2eef7;e3eff8;e5eff8;e5eff8;e5eff8;e2ecf3;e6f0f7;e7f1f8;e8f2f9;e4f0f7;e6f0f7;e5eff6;e5eff6;e7f1f8;e3eff6;e2eef5;e1edf4;e5f1f8;e3eff6;e2eef5;e5f1f8;e0ecf5;e3eff6;e4f0f7;e4f0f7;e3eff6;e4f0f7;e2eef5;e6f2f9;e4f0f7;e5f1f8;e6f2f9;e2eef5;e0ecf3;dfebf2;e3eff6;e1edf4;e2eef5;e4f0f7;e2eef5;e1edf4;e2eef5;e2eef5;e6f2f9;e3eff6;e5f1fa;e3eff8;e3eff8;e5f1fa;e4f0f9;deeaf3;dfebf4;deeaf3;e1edf6;e1edf6;e1f0f6;e0eff5;ddecf2;dfedf6;e0eef7;deecf5;dbe9f2;deedf3;dcebf1;e0eff5;dfedf6;dbe9f2;e0eef7;ddedf6;deeef7;dcecf5;ddebf4;deecf5;ddebf4;deecf5;e4f0f7;e2eef5;e1f0f6;e0eff5;ddecf2;ddedf6;deeef7;e1eff8;e2f0f9;e1f1fa;e0f0f9;e1f1fb;e1f1fb;e0f0f9;e1f1fb;e1f1fa;deeef7;e2f2fb;e1f1fa;e0f0f9;e2f2fc;deeef8;dcecf6;deeef8;e5f5ff;e4f4fd;e4f4fd;e4f4fd;e2f2fb;e4f4fd;e7f3fd;e4ecf5;86878d;757074;7a7273;786f6a
dfecf1;e0edf2;e2eff4;dfecf1;d9e6eb;dce9ee;d9e6eb;d6e5eb;dae9ef;d7e6ec;d7e6ec;d6e5eb;d9e5ec;d6e2e9;dce8ef;d8e4eb;d8e4eb;dae6ed;dae6ed;d7e6ec;d9e8ee;d8e7ed;deeaf3;d8e4ed;dae6ef;dbe7f0;dde9f0;dce8ef;d9e6eb;dce7ec;e1eef3;e4eff4;dfeaef;dfe9f0;e2ecf3;dee8ef;dce8ef;e0ecf3;dce8ef;dce8ef;e1edf4;dce8ef;dfebf2;dfebf2;deebf0;dfecf1;dfecf1;dfebf2;dde9f0;e1edf4;dfebf2;dfebf2;dce8ef;e0ecf3;deeaf1;e0ecf3;dbe7ee;dfebf2;e1ebf2;e0ecf3;dce8ef;dfebf2;dfebf2;dfebf2;dde9f0;e1edf4;e0ecf3;e0ecf3;e2eef5;e4f0f7;e0ecf3;deeaf1;e3eff6;e2eef5;dfebf2;e1edf4;e1edf4;e2eef5;e0ecf3;e1edf4;e0ecf3;e0ecf3;deeaf1;e0ecf3;e4f0f7;e3eff6;e4f0f7;deeaf1;e1edf4;e2eef5;e3eff6;e2eef5;e1edf4;e4f0f7;e3eff6;e4f0f7;e5f1f8;e1edf4;e3eff6;e0ecf3;e3eff6;e4f1f6;e9f4f9;e7f2f7;e3f0f5;e4f1f6;e1eef3;e4f1f6;e2eef5;e4f0f7;e7f3fa;e8f4fb;e1edf4;e5f1f8;e4f0f7;e7f1f8;e7f1f8;e9f3fa;e5eff6;e8f2f9;e7f2f7;e8f3f8;e3eef3;e7f2f7;e7f2f7;e7f2f7;e6f1f6;eaf5fa;e9f4f9;e7f2f7;e8f3f8;e8f3f8;e8f2f9;e8f2f9;e8f2f9;e6f0f7;e6f1f6;e7f2f7;eaf5fa;e7f1f8;e7f1f8;e5eff6;e5eff6;e7f2f7;eaf5fa;e8f3f8;eaf5fa;e7f2f7;e8f3f8;e7f2f7;e7f2f7;e8f3f8;e8f3f8;eaf5fa;e8f3f8;e4eff4;e6f1f6;e9f4f9;e7f2f7;e8f3f8;ecf5fa;ebf6fb;ebf4f9;e9f4f9;e8f3f8;eaf5fa;e8f3f8;e6f1f6;e8f3f8;e8f2f9;eaf5fa;e6f1f6;e7f2f7;e9f4f9;e9f4f9;e7f2f7;e8f3f8;e6f1f6;e8f3f8;e7f2f7;e7f2f7;eaf3f8;e9f2f7;e9f1f8;e7f1f8;e7f1f8;e8f2f9;e5eff6;e7f2f7;e7f2f7;e5f0f5;e8f3f8;e6f1f6;e5eff6;e7f1f8;e9f2f7;e9f2f7;e8f1f6;e7f0f5;e4eef5;e2ecf3;e7f1f8;e6f0f7;e6f0f7;e6f0f7;e6f0f7;e7f1f8;e8f2f9;e8f2f9;e5eff6;e4f0f7;e6f2f9;e6f0f7;e4eef5;e4f0f7;e3eff6;e6f0f7;e6f0f7;e5eff6;e4eef5;e2ecf3;e2eef5;dfebf2;e2eef5;e1edf4;e1edf6;e1edf6;e0ecf5;e0ecf5;e6f0f9;e3edf4;e2ecf3;e2ecf3;e8f2f9;e4eef5;e5eff6;e4eef5;e9f3fa;e6f0f7;e6f0f7;e3eff6;e3eff6;e3eff6;e3eff6;e4f0f7;e1edf4;e1edf6;deeaf3;e0ecf3;e3eff6;e3eff6;e3eff6;e0ecf3;e0ecf3;e1edf4;e2eef5;e5f1f8;e4f0f7;e5f1f8;dfebf2;dfebf2;e1edf4;e2eef5;dfebf2;e0ecf3;e2eef5;e2eef5;e3eff6;e2eef5;e4f0f7;e3eff8;e1edf6;deeaf3;e1edf6;deeaf3;dfebf4;dfebf4;e0ecf5;dfebf4;dceaf3;dfedf6;e0eff5;dfedf6;e1eff8;dfedf6;deecf5;dbe9f2;ddecf2;deedf3;ddecf2;dceaf3;deecf5;e0eef7;d9e9f2;ddebf4;e0eef7;dfedf6;deecf5;e0ecf5;e2eef7;e4f0f9;e0ecf3;dcebf1;e0eff5;deedf3;ddeef4;dfeff8;dfedf6;e0eef7;ddebf4;deecf5;e2f0fa;e4f2fb;e2f2fb;e1f1fa;e3f3fc;e1f1fa;e2f2fb;e1f1fa;e4f4fd;e0f0fa;dfeff9;e0f0fa;e0f0fa;e2f2fc;e1f1fa;e1f1fa;e2f4fc;e2f4fc;e3f5fd;e7f3fd;eaf2fb;87888e;746f73;797172;756c67
ddeaef;deebf0;ddeaef;deebf0;ddeaef;d9e6eb;dbe8ed;dae6ed;dae9ef;dbeaf0;d8e7ed;d7e3ea;d9e5ec;d8e4eb;dce6ed;dce6ed;d9e5ec;d7e3ea;d9e5ec;d8e7ed;d6e5eb;d7e6ec;dbe7f0;dce8f1;d9e5ee;dae6ef;d8e4eb;d9e5ec;dbe8ed;d9e6eb;dfecf1;dfecf1;deebf0;dce8ef;dce8ef;deeaf1;dde9f0;dde9f0;dbe7ee;dde9f0;deeaf1;dde9f0;dfebf2;dde9f0;dce8ef;e0ecf3;e0ecf3;e2eef5;dcebf1;deedf3;dde9f0;dae6ed;deeaf1;e1edf4;dbe7ee;dde9f0;dbe7ee;deeaf1;e0ecf3;dce8ef;dde9f0;dfebf2;e2eef5;dde9f0;e1edf4;e1edf4;deeaf1;e0ecf3;e2eef5;deeaf1;dce8ef;dfebf2;e2eef5;dfebf2;e2eef5;e1edf4;e1edf4;e0ecf3;e4f0f7;e0ecf3;e2eef5;e0ecf3;e2eef5;e2eef5;e2eef5;e4f0f7;e3eff6;dfebf2;e1edf4;e3eff6;e4f0f7;e2eef5;e3eff6;e2eef5;e4f0f7;e4f0f7;dfecf1;e4f0f7;e4f0f7;e0ecf3;e3eff6;e3eff6;e5f2f7;e3f0f5;e5f2f7;e1eef3;e3f0f5;e3f0f5;e6f3f8;e6f3f8;e6f2f9;e5f1f8;e5f1f8;e2eef5;e7f1f8;e7f1f8;e6f0f7;e5f0f5;e5f0f5;e8f2f9;e6f0f7;e9f4f9;e6f1f6;e6f1f6;e7f2f7;e9f4f9;e7f2f7;e8f3f8;e6f1f6;e5f0f5;e4eff4;e8f3f8;e7f1f8;e7f1f8;e8f2f9;e5eff6;e6f0f7;e7f1f8;eaf5fa;e8f3f8;e7f2f7;e7f2f7;e4eff4;e4f1f6;e8f3f8;e9f4f9;e5f0f5;e7f2f7;eaf5fa;eaf4fb;e6f0f7;e7f2f7;e8f3f8;eaf5fa;eaf5fa;e9f4f9;e7f1f8;eaf5fa;e8f3f8;e8f3f8;e9f2f7;eaf3f8;e9f2f7;ecf5fa;e9f4f9;e8f3f8;e8f3f8;e8f3f8;eaf5fa;eaf3f8;e9f2f7;e8f3f8;e6f1f6;e9f4f9;eaf5fa;ebf4f9;e8f1f6;e7f2f7;eaf5fa;e9f4f9;e4eff4;e9f2f7;eaf2f9;e6f0f7;e8f2f9;e8f2f9;e8f2f9;e7f1f8;e7f2f7;e8f3f8;e5f0f5;e8f3f8;e7f2f7;e9f1f8;e6eef5;ebf3fa;e9f1f8;e9f2f7;e6f1f6;e4eff4;e5eff6;eaf5fa;e9f4f9;eaf4fb;e8f2f9;e6f0f7;ebf5fc;eaf4fb;e6f0f7;e7f1f8;e9f3fa;eaf4fb;e5eff6;e6f0f7;e6f0f7;e4f0f7;e7f1f8;e6f0f7;e8f2f9;e7f1f8;e4f0f7;e2eef5;e0ecf3;e1edf4;e3eff6;e4eef7;dee8f1;e2ecf5;e4eef7;e3edf4;e4eef5;e1ebf2;e6f0f7;e7f1f8;e4eef5;e5eff6;e8f2f9;e9f3fa;e6f0f7;e5eff6;e9f3fa;e8f2f9;e7f1f8;e5f1f8;e0ecf3;e3eff6;e6f2f9;e2eef5;e4eef5;e5eff6;e5eff6;e6f2f9;e7f3fa;e2eef5;e6f2f9;e5f1f8;e3eff6;e4f0f7;e4f0f7;e5f1f8;e5f1f8;e4f0f7;e1f0f6;e0eef7;ddecf2;dbeaf0;ddecf2;e4f0f7;e2eef5;e3eff6;e0ecf3;e3eff6;dfedf6;ddebf4;e2eef7;e2eef7;e4f0f9;e1f0f6;e0eff5;ddecf2;deedf3;ddecf2;dae8f1;dfedf6;e0eef7;deeaf3;e0ecf5;dde9f2;e2eef7;dde9f2;dceaf3;e0eef7;e2f0f9;dbebf4;deecf5;daeaf3;dbe9f2;e0eef7;e2f0f9;e0eef7;ddebf4;dfedf6;deecf5;deecf5;ddebf4;dfeff8;dbebf4;e0f0f9;ddedf6;e2f0f9;e5f3fc;e4f2fb;e1eff8;e5f3fc;e4f2fb;e3f1fa;e4f2fb;e2f2fb;e2f2fb;e3f3fc;e4f4fd;deeef7;ddedf7;e0f0f9;e0f0f9;e2f2fb;e1f1fa;dff1f9;e3f5fd;e2f2fb;e7f3fd;ecf4fd;95969c;716d74;756e71;726964
ddeaef;e1eef3;dce9ee;e0edf2;deebf0;dfebf2;dae6ed;dce8ef;d8e4eb;d9e8ee;d8e7ed;dbe7ee;dae6ed;dae4eb;dae5ea;dbe5ec;dbe7ee;dde9f0;dce8ef;dae9ef;d6e5eb;d7e6ec;d9e5ec;dbe7ee;dbe7f0;dde9f2;dae6ed;dae6ed;dbe7ee;dce9ee;deebf0;ddeaef;ddeaef;dfebf2;dbe8ed;deeaf1;deeaf1;dde9f0;dbe7ee;deeaf1;dfebf2;dfebf2;dde9f0;dfebf2;e1edf4;e1edf4;e0edf2;dfecf1;dfebf2;dfebf2;dde9f0;dfebf2;dfebf2;e2eef5;e0ecf3;deeaf1;dde9f0;dfecf1;e1eef3;e3eff6;e0ecf3;dbe7ee;dfebf2;deeaf1;e0ecf3;e1edf4;e1edf4;e0ecf3;e0eaf1;e3edf4;dfebf2;dfebf2;dfebf2;e3eff6;e2eef5;e2eef5;e1edf4;e1edf4;e1edf4;e0ecf3;e1edf4;e0ecf3;e4f0f7;e2eef5;e1edf4;e2eef5;e2eef5;e0ecf3;e1edf4;e1edf4;e4f1f6;e4f0f7;e3eff6;e4f0f7;e3edf4;e4eef5;e2ecf3;e4f0f7;e5f1f8;e4f1f6;e5f2f7;e3f0f5;e3f0f5;e1eef3;e4f1f6;e4f1f6;e4f1f6;e6f3f8;e4f1f6;e2eff4;e7f3fa;e5f1f8;e4f0f7;e4f0f7;e4eef5;e4eff4;e5f0f5;e5f0f5;e6f1f6;e6f1f6;e5f0f5;e5f0f5;e6f1f6;e8f3f8;e6f1f6;eaf5fa;e9f4f9;e4eff4;e7f2f7;e6f1f6;e8f3f8;e8f3f8;e5eff6;e7f1f8;e8f2f9;eaf4fb;e5f2f7;e9f4f9;e8f3f8;e9f4f9;e4eff4;e6f1f6;e8f3f8;e8f3f8;e8f3f8;e6f1f6;e6f1f6;e8f3f8;e6f1f6;e8f2f9;e8f3f8;e7f2f7;eaf3f8;e9f4f9;e7f2f7;e8f3f8;e9f4f9;e7f2f7;e9f4f9;e7f2f7;e8f1f6;ebf4f9;ecf5fa;e8f1f6;e6f1f6;e6f1f6;e8f3f8;e8f3f8;e8f3f8;e9f4f9;eaf3f8;e8f3f8;e8f3f8;eaf5fa;ecf5fa;ecf5fa;eaf3f8;edf6fb;e8f3f8;e9f2f7;e9f4f9;ebf3fa;e8f0f7;e7f1f8;e7f1f8;e5eff6;e5eff6;e7f1f8;e9f3fa;e7f2f7;e7f2f7;e9f4f9;e8f3f8;e8f1f6;e7f0f5;e9f1f8;e9f1f8;e9f2f7;e8f3f8;e7f2f7;e8f3f8;eaf5fa;e8f3f8;e9f4f9;e9f3fa;e7f1f8;eaf4fb;e7f1f8;e8f0f7;eaf2f9;eaf2f9;e8f2f9;e4eef5;e2ecf3;e6f0f7;e7f1f8;e8f2f9;e9f3fa;e8f2f9;e6f0f7;e4f0f7;e4f0f7;e3eff6;e5f1f8;e3eff6;e4eef7;e1ebf4;e2ecf5;e4eef7;e6f0f7;e6f0f7;e5eff6;e4eef5;e6f0f7;e8f2f9;e7f1f8;e7f1f8;e6f0f7;e7f1f8;e9f3fa;ebf5fc;e7f1f8;e4f0f7;e6f2f9;e1edf4;e4f0f7;e5f1f8;e7f1f8;e8f2f9;e3eff6;e5f1f8;e6f2f9;e4f0f7;e3eff6;e4f0f7;e6f2f9;e3eff6;e6f2f9;e3eff6;e3eff6;e6f2f9;e5f1f8;e4f2fb;e1eff8;dae8f1;e0eff5;e0eff5;e3eff6;e6f2f9;e5f1f8;e1edf4;e0ecf3;e0eff5;dfedf6;e1edf6;e3eff8;e5f1f8;e5f1f8;dfeef4;dfeef4;dcebf1;dfeef4;ddebf4;dfedf6;e3eff8;e2eef7;e1edf6;e0ecf5;dde9f2;dfebf4;dce8f1;dae8f1;deecf5;ddebf4;e1eff8;dcecf5;dceaf3;deecf5;e0eef7;deecf5;dfedf6;dceaf3;dceaf3;ddebf4;deecf5;dbebf4;deeef7;dbebf4;ddedf6;e2f2fb;e2f2fb;e3f1fa;e4f2fb;e4f2fb;e1eff8;e4f2fb;dfedf6;e3f1fa;e4f4fd;e2f2fb;dfeff8;e0f0f9;e0f0f9;deeef7;e0f0f9;e3f3fc;e0f0f9;deeef7;e0f0f9;e3f3fc;e7f3fd;e6eef7;8b8c92;736d74;726b6e;736a65
ddeaef;dce7ec;e0ebf0;e1ecf1;e0edf2;dfecf1;dbe7ee;dde9f0;dfebf2;dfebf2;dbe7ee;d9e5ec;d8e4eb;d9e4e9;d9e4e9;dbe5ec;dbe5ec;dce8ef;d6e2e9;d9e5ec;d6e5eb;d8e7ed;d9e5ec;dbe7ee;deeaf1;dee8ef;dde7ee;dce8ef;dbe7ee;dbe7ee;dde9f0;dfecf1;dfebf2;deeaf1;deebf0;ddeaef;dfebf2;dbeaf0;dce8ef;deeaf1;deeaf1;deeaf1;deeaf1;deeaf1;dfebf2;dde9f0;dce8ef;e0ecf3;e0ecf3;dde9f0;ddeaef;deebf0;dfecf1;e2eff4;e0edf2;dfecf1;dce8ef;e2eff4;e0edf2;e2eff4;dde9f0;e1edf4;e1edf4;e2eef5;e1edf4;dfebf2;deeaf1;dce8ef;e1edf4;e0eaf1;e2eff4;e1eef3;e0ecf3;e2eef5;e3eff6;e0ecf3;e1edf4;deeaf1;e0ecf3;e0ecf3;e3eff6;e2eef5;e1eef3;e3eff6;e3eff6;e2eef5;e3eff6;dfebf2;e3f0f5;e4f1f6;e2eff4;e3eef3;e6f1f6;e2edf2;e3edf4;e6f0f7;e4f0f7;e5eff6;e4eef5;e6f0f7;e6f0f7;e6f0f7;e5f1f8;e4f0f7;e5f1f8;e2eff4;e3f0f5;e5f2f7;e4f1f6;e3f0f5;e5f2f7;e5f1f8;e2eef5;e6f1f6;e7f2f7;e6f1f6;e5f0f5;e5f0f5;e7f2f7;e7f2f7;e7f2f7;e6f1f6;e8f3f8;e8f3f8;e8f3f8;e6f1f6;e5f0f5;e2edf2;e2edf2;e2edf2;e6f1f6;e9f4f9;e7f2f7;e6f1f6;e8f2f9;e8f3f8;ebf6fb;eaf7fc;e8f3f8;e5f0f5;e5f0f5;e8f3f8;e8f3f8;e8f3f8;e9f4f9;e9f4f9;e9f4f9;ebf6fb;e8f3f8;e7f1f8;e7f1f8;e6f0f7;ebf6fb;ebf6fb;e9f4f9;eaf5fa;e6f1f6;e9f4f9;e7f2f7;eaf5fa;ecf5fa;eef7fc;e8f1f6;eaf3f8;eaf3f8;e8f3f8;e6f1f6;e6f1f6;eaf5fa;e9f4f9;e8f3f8;e9f4f9;e9f4f9;e7f2f7;eaf5fa;e9f4f9;eaf3f8;ebf6fb;e7f2f7;e6f1f6;e7f2f7;e2ecf3;e3edf4;e3edf4;e6f0f7;e7f1f8;e8f3f8;e8f3f8;e6f0f7;e7f1f8;e6f1f6;e6f1f6;e6f1f6;eaf3f8;eaf3f8;e9f4f9;e9f2f7;e5f0f5;eaf5fa;e5f0f5;e6f1f6;e6f1f6;e7f2f7;e7f2f7;e8f2f9;e6f0f7;e7eff6;e6eef5;e9f1f8;e9f1f8;e9f1f8;e8f2f9;e4eef5;e7f1f8;e7f1f8;e8f2f9;e9f3fa;e9f3fa;e8f2f9;e7f1f8;e7f1f8;e7f3fa;e6f2f9;e3edf4;e5eff6;e1ebf4;e3edf6;e3edf4;e5eff6;e5eff6;e5eff6;e6f0f7;e3edf4;e5eff6;e4eef5;e7f1f8;e7f1f8;e6f0f7;e6f0f7;e7f1f8;e6f0f7;e8f2f9;e7f3fa;e6f2f9;e1edf4;e6f0f7;e6f0f7;e8f2f9;e5eff6;e5f1f8;e4f0f7;e2eef5;e3eff6;e1f0f6;e2f1f7;e3eff6;e2f1f7;e4f2fb;e2eef7;e4f0f9;e3eff8;e0ecf5;dfebf2;e3eff8;e4f3f9;e2f1f7;e3eff6;e6f2f9;e7f3fa;e4f3f9;e4f3f9;e3f2f8;e0eef7;e4f0f9;e4f0f9;e6f2f9;e3eff6;e4f0f7;e5f1f8;e5f1f8;e3eff6;e2eef5;e2eef5;e1edf4;e3eff6;e3eff6;e3eff6;e5f1fa;e1edf6;dde9f2;deecf5;ddebf4;dfedf6;dfeef4;ddebf4;e2f0f9;e2f0f9;dfedf6;e2f0f9;dbebf4;dbe9f2;e1eff8;e1eff8;dfedf6;e3f1fa;dfedf6;deecf5;ddedf6;e1f1fa;e1f1fa;dfeff8;e2f2fb;e1f1fa;e2f2fb;e5f5fe;e6f4fd;e5f3fc;e5f3fc;e3f3fc;e1f1fa;e4f4fd;e1f1fa;dfeff8;e0f0f9;e2f2fb;e0f0f9;e1f1fa;e1f1fa;e1f1fa;e1f1fa;e5f1fb;e3e8f3;918f97;736d74;726a6d;726964
dce9ee;dce9ee;dce9ee;e2edf2;deebf0;d8e5ea;dbe7ee;dde9f0;dbe7ee;dde9f0;dae6ed;dbe7ee;d8e4eb;d6e0e7;dbe6eb;dce6ed;dbe5ec;dae4eb;dce6ed;dae6ed;d9e5ec;dce8ef;dde9f0;dde7ee;dbe5ec;dbe5ec;dee8ef;deeaf1;dde9f0;deeaf1;dbe7ee;e0ecf3;dde9f0;dde9f0;e0edf2;ddeaef;e0ecf3;dde9f0;dbe7ee;dce8ef;deeaf1;deeaf1;dde9f0;deeaf1;dbe7ee;dce8ef;dde9f0;dfebf2;e0ecf3;deeaf1;e0edf2;e3eef3;e0edf2;dfecf1;deeaf1;dde9f0;e1edf4;e0ecf3;dfebf2;dfebf2;dbe7ee;e1edf4;dfebf2;deeaf1;e0ecf3;e0ecf3;e0ecf3;e0ecf3;e3f0f5;e4eff4;e2edf2;e1ecf1;e2ecf3;e2eef5;e0ecf3;e0ecf3;e2eef5;e1edf4;e1edf4;e4f0f7;e3eff6;e0ecf3;e1eef3;e3eff6;e2eff4;e0ecf3;e1edf4;e0ecf3;e3eff6;e5f1f8;e3f0f5;e2edf2;e4eff4;e6f1f6;e6f2f9;e5f1f8;e3eff6;e5f1f8;e4eef5;e7f1f8;e7f2f7;e4eff4;e3f0f5;deebf0;e3f0f5;e3f0f5;e6f3f8;e5f2f7;e6f3f8;e5f2f7;e7f4f9;e3f0f5;e5f0f5;e7f2f7;e8f3f8;e4eff4;e5f0f5;e7f2f7;e8f3f8;e5f2f7;e4f1f6;e8f3f8;e8f3f8;e6f1f6;e7f2f7;e4eef5;e0eaf1;dde7ee;e0eaf1;e0ebf0;e2edf2;e4eff4;e8f3f8;e9f3fa;eaf4fb;e8f3f8;e7f2f7;eaf5fa;e9f4f9;e8f3f8;e7f2f7;eaf5fa;e9f4f9;e9f4f9;e8f3f8;e8f3f8;e9f4f9;e9f4f9;e7f2f7;eaf4fb;e9f3fa;e8f2f9;e9f4f9;eaf5fa;e8f5fa;e7f2f7;e6f1f6;e9f4f9;eaf5fa;e9f4f9;e7f2f7;eaf3f8;eaf3f8;eaf3f8;ebf4f9;eaf3f8;e8f1f6;e7f2f7;e8f3f8;e7f2f7;e6f1f6;e8f3f8;eaf5fa;e8f3f8;e9f4f9;e7f2f7;e7f2f7;e6f1f6;eaf5fa;e9f4f9;e5f0f5;e7f1f8;e7f1f8;e7f1f8;e4eef5;e7f1f8;e7f1f8;e7f2f7;e7f1f8;eaf4fb;e7f1f8;e8f2f9;e8f1f6;e8f1f6;ebf4f9;e8f3f8;e8f3f8;e5f0f5;e7f2f7;e8f3f8;eaf5fa;e8f3f8;e8f3f8;e6f1f6;e9f3fa;e9f3fa;eaf2f9;e8f0f7;ecf4fb;ecf4fb;e9f3fa;e7f2f7;e7f1f8;e6f0f7;e8f2f9;e7f1f8;e7f1f8;e6f0f7;e8f2f9;e6f0f7;e9f3fa;e8f4fb;e7f3fa;e6f0f7;e6f0f7;e5eff8;e5eff8;e6f0f7;e4eef5;e6f0f7;e4eef5;e0eaf1;e2ecf3;e4eef5;e1ebf4;e4eef5;e4f0f7;e8f2f9;e2eef5;e3edf4;e8f2f9;e6f0f7;e4eef5;e7f1f8;e6f0f7;e4eef5;e7f1f8;e4eef5;e2eef5;e4f0f9;e4f0f9;e4f0f7;e4f0f7;e3eff6;e3eff6;e5f1f8;e1eff8;e1eff8;e1edf6;e3eff8;e1edf6;e0ecf5;e2eef5;e4f0f7;e1edf4;dfebf2;e2eef5;e2eef5;e4f0f7;e2f1f7;e3f2f8;e3f2f8;e3eff8;e5f1fa;e4f0f9;e5f1f8;e3eff6;e4f0f7;e6f2f9;e4f0f7;e5f1f8;e6f2f9;e5f1f8;e3eff6;e3eff6;e5f1f8;e5f1f8;e2eef7;e5f1fa;e1edf6;e2f0f9;e0eef7;e1eff8;e1f0f6;e3f2f8;e5f3fc;e1f0f6;deedf3;e2f0f9;deeef7;e3f1fa;e4f2fb;e2f0f9;e1eff8;e0eef7;e1eff8;e1eff8;deecf5;e1eff8;e1eff8;e2f2fb;e2f2fb;deeef7;e2f2fb;e3f3fc;e2f2fb;e3f1fa;e5f3fc;e5f3fc;e2f2fb;e4f4fd;dfeff8;e0f0f9;e4f4fd;ddedf6;deeef7;ddedf6;e1f1fa;e0f0f9;e3f3fc;e8f4fe;e7ecf7;96949c;716b72;766e71;6f6661
deebf0;e1eef3;e2edf2;dfeaef;dee9ee;dbe6eb;dde7ee;e1edf4;dde9f0;d9e5ec;dae6ed;d8e4eb;d8e4eb;dae6ed;dae4eb;dbe5ec;d5dfe6;dbe5ec;dbe5ec;dee8ef;dce8ef;dde9f0;deeaf1;dfe9f0;dde9f0;dde7ee;dde7ee;dbe7ee;deeaf1;dfebf2;dce8ef;e0ecf3;dde9f0;dce8ef;deeaf1;deebf0;deeaf1;deeaf1;e0ecf3;deeaf1;dbe7ee;deeaf1;deeaf1;dde9f0;e0ecf3;deeaf1;d9e5ec;deeaf1;dde9f0;dde9f0;dde9f0;dfebf2;e2eef5;e0ecf3;e2ecf3;e4eef5;e3edf4;dfe9f0;e0eaf1;e2edf2;e1ecf1;e2ecf3;e3edf4;deeaf1;dfebf2;e2eef5;deebf0;e3f0f5;e0edf2;e4eff4;e0ebf0;e2edf2;e4eff4;e2ecf3;dfeaef;e3edf4;e2eef5;e3eff6;e2eef5;e0ecf3;dde9f0;e0ecf3;e1edf4;e3eff6;deeaf1;e4f0f7;e2eef5;e0ecf3;e1edf4;deeaf1;e1eef3;e2eff4;e3f0f5;e2eff4;e3f0f5;e6f2f9;e3eff6;e5f1f8;e1edf4;e4f0f7;e2eef5;e7f1f8;e5f1f8;e7f3fa;e3eff6;e1eef3;e2eff4;e3f0f5;e4f1f6;e3f0f5;e4f1f6;e4f1f6;e4f1f6;e5f1f8;e7f1f8;e5f0f5;e6f1f6;e9f4f9;e6f2f9;e7f3fa;e2eef5;e9f3fa;e6f1f6;e4f0f7;e1edf4;dce8ef;dfebf2;dde9f0;e1edf4;dfeaef;dce7ec;e1ecf1;e4eff4;e7f2f7;e4eff4;e8f3f8;e8f3f8;e9f4f9;e6f1f6;e7f2f7;e8f3f8;e9f4f9;e8f3f8;ebf6fb;eaf5fa;e7f2f7;e5f0f5;e8f3f8;e7f2f7;e7f2f7;eaf4fb;e6f0f7;e8f2f9;e8f4fb;e7f3fa;e5f0f5;e6f1f6;e8f3f8;e6f1f6;e9f4f9;e9f4f9;e8f3f8;e9f4f9;ebf4f9;eaf3f8;e8f1f6;eaf3f8;e7f2f7;e8f3f8;eaf5fa;e8f3f8;e9f4f9;e9f4f9;e7f2f7;e8f3f8;e8f3f8;e7f2f7;e7f2f7;eaf5fa;e9f4f9;e7f2f7;e8f3f8;e5f0f5;e8f3f8;e6f1f6;e7f1f8;e7f1f8;e7f1f8;ebf3fa;eaf2f9;ebf4f9;eaf3f8;e6f1f6;e3eef3;e6f1f6;eaf5fa;e8f3f8;e8f3f8;e7f2f7;e9f3fa;e7f1f8;e9f4f9;eaf4fb;e4eef5;e7f2f7;e8f3f8;e9f4f9;e8f3f8;e9f4f9;ebf6fb;e6f1f6;e7f2f7;e7f1f8;e7f1f8;e8f2f9;e8f2f9;e6f0f7;e3eff6;e4f0f7;e5f1f8;e5f1f8;e2eef5;e4f0f7;e6f0f7;e8f2f9;e6f0f7;e6f0f7;e6f0f7;e4eef5;e8f2f9;e1ebf2;e1ebf2;e0eaf1;e1ebf4;dfebf4;e3eff8;e2eef7;e3eff6;e2eef5;e8f2f9;e9f3fa;e7f1f8;e5f1f8;e3eff6;e5eff6;e2eef5;e6f2f9;e4f0f7;e4f0f7;e3eff8;e2f0f9;e4f0f9;e4f0f7;e2eef5;e4f0f7;e6f2f9;e2f0f9;e3f1fa;e4f0f9;e3eff8;e5f1f8;e1edf4;e2eef5;e2eef5;e1edf4;e6f2f9;e2eef5;e1edf4;e5f1f8;e5f1f8;e5f4fa;e1f0f6;deedf3;e3f1fa;e5f1f8;e4f0f7;e5f1f8;e4f0f7;e2eef5;e2eef5;e2f1f7;e3f2f8;e4f3f9;e2f1f7;e3f2f8;e3f2f8;e0eff5;e3f2f8;e2f1f7;e1f0f6;e1eff8;e1eff8;e0eef7;e2f0f9;e2f0f9;e1f0f6;e1f0f6;e1eff8;dfedf6;e2f0f9;e1eff8;e0eef7;e1eff8;dfedf6;e0eef7;e1eff8;dfedf6;e0eef7;deedf3;e2f0f9;e6f4fd;e3f3fc;e0f0f9;e1f1fb;dfeff8;e2f2fb;e4f4fd;e4f4fd;e4f4fd;e2f2fb;e2f2fb;e2f2fb;e1f1fa;e1f1fb;dbebf5;dcecf6;ddedf7;dfeff9;dfeff9;e3f3fd;e6f1fe;e5ecf7;94949c;706c73;756e72;6c6660
dce9ee;ddeaef;dfecf1;ddeaef;dce9ee;dfecf1;dde9f0;e0ecf3;deeaf1;dde9f0;dae6ed;d8e4eb;d9e5ec;d9e5ec;d8e4eb;dde7ee;dde7ee;e0eaf1;dfe9f0;dee8ef;dde7ee;dae6ed;d7e3ea;dae6ed;d8e4eb;dde9f0;dce8ef;dbe7ee;dce8ef;dce8ef;deeaf1;dce8ef;dde9f0;deeaf1;dde9f0;dde9f0;deeaf1;dae6ed;dfebf2;e0ecf3;dfebf2;deeaf1;dde9f0;e0ecf3;deeaf1;dde9f0;deeaf1;e0ecf3;dde9f0;dde9f0;e0ecf3;e0ecf3;e0ecf3;e1edf4;dce8ef;e2ecf3;dfe9f0;e3edf4;e1ebf2;e3eef3;e2edf2;e3eef3;deebf0;deebf0;dce8ef;e0ecf3;ddeaef;deebf0;deebf0;dfecf1;dfecf1;dee9ee;dfeaef;e3edf4;e3eef3;e6f0f7;e6f2f9;d7e3ea;e0ecf3;dfebf2;e0ecf3;e3eff6;e1edf4;e2eff4;deebf0;e6f2f9;e0ecf3;e2eef5;e1edf4;e2eef5;e3eff6;e3f0f5;e1edf4;e3eff6;e5f2f7;e4f0f7;e4f0f7;e3eff6;e5f1f8;e4f0f7;e5f1f8;e6f2f9;e6f2f9;e6f2f9;e7f3fa;e6f3f8;e7f4f9;e5f2f7;e7f2f7;e8f3f8;e4f1f6;e8f3f8;e5f1f8;e4f0f7;e6f0f7;e7f1f8;e6f2f9;e9f3fa;e6f2f9;e6f2f9;e7f3fa;e4f0f7;e4eef5;e2eef5;deeaf1;dde9f0;deeaf1;dde9f0;e1edf4;dee9ee;e3eef3;e4eff4;e4eff4;e6f1f6;e3edf4;e8f3f8;ebf6fb;e8f3f8;e6f1f6;e9f4f9;e8f3f8;e6f1f6;e7f2f7;eaf5fa;e8f3f8;e8f3f8;e9f4f9;e8f2f9;e8f2f9;e8f3f8;eaf5fa;e8f2f9;e8f2f9;e6f2f9;e8f4fb;e8f3f8;e6f1f6;e5f0f5;e5f0f5;ebf6fb;e9f4f9;e8f3f8;e9f4f9;ecf5fa;eaf3f8;ecf5fa;eaf3f8;e7f1f8;e9f3fa;e8f3f8;eaf5fa;e9f4f9;e8f3f8;ebf6fb;e7f2f7;e7f2f7;e8f3f8;e7f2f7;e8f3f8;e7f2f7;e8f3f8;e9f4f9;e8f3f8;e6f0f7;e8f2f9;e7f1f8;e7f1f8;ebf3fa;ebf4f9;e9f2f7;eaf3f8;e7f0f5;e7f2f7;e6f1f6;e8f3f8;e6f1f6;e9f4f9;ebf4f9;e7f2f7;e9f3fa;e9f3fa;e9f3fa;e5f1f8;e6f2f9;e6f3f8;e7f2f7;ebf6fb;eaf5fa;e9f4f9;e8f3f8;e7f2f7;e6f1f6;e5eff6;e8f2f9;e5eff6;e3eff6;e4f0f7;e4f0f7;e5f1f8;e5f1f8;e6f2f9;e3eff6;e5f1f8;e5f1f8;e7f1f8;e7f1f8;e7f1f8;e4eff4;e3eef3;e4eef5;e3edf4;e1ebf2;e0eaf1;dde9f0;deeaf3;e0ecf5;e0ecf5;e5f1fa;e6f2fb;e7f3fa;e6f0f7;e3eff6;e3eff6;e4f0f7;e2eef5;e2eef5;e3eff6;e3eff6;e3eff8;e3eff8;e5f3fc;e3eff8;e1edf4;e5f1f8;e3eff6;e2eef5;e3eff6;e2eef5;e4f0f7;e2eef5;e4f0f7;e4eef5;e2eef5;e1edf4;e3eff6;e3eff6;e4f0f7;e5f1f8;e5f1f8;e4f0f7;e4f0f7;e4f2fb;e2f1f7;e6f5fb;e2f1f7;e1f0f6;e7f3fa;e7f3fa;e5f1f8;dfedf6;dfedf6;e2f0f9;e2f0f9;dfeef4;dfeef4;e2f0f9;e0eff5;e4f3f9;e8f4fd;e5f1fa;e0eef7;dfedf6;e2f0f9;e1eff8;e1eff8;dfedf6;e0eef7;e3f1fa;e0eef7;dfedf6;dceaf3;e0eef7;deecf5;deecf5;e2f0f9;e0eef7;dfedf6;e0eef7;e2f0f9;e4f2fb;e1f1fa;dfeff8;e0f0f9;e3f3fd;e1f1fa;e4f4fd;e2f2fb;e1f1fa;e1f1fa;e2f2fb;e2f2fb;e0f0f9;e1f1fb;dfeff9;dfeff9;dfeff9;dfeff9;e0f0fa;e2f3fd;e0f0fa;e1ecf9;e7eef9;848088;706c73;797276;6c6663
dfecf1;deeaf1;deeaf1;deebf0;deebf0;deebf0;deeaf1;dce8ef;dbe7ee;dae9ef;dae9ef;d7e6ec;d9e8ee;d9e5ec;dae6ed;dae6ed;dbe7ee;dbe7ee;dde9f0;dee8ef;dbe5ec;dde7ee;dfe9f0;dce8ef;dbe7ee;dce8ef;dde9f0;dde7ee;dce6ed;e0eaf1;dfe9f0;dde9f0;d7e3ea;d9e5ec;dce8ef;dfebf2;dfebf2;deeaf1;dfebf2;dfebf2;dae6ed;e0ecf3;deeaf1;dde9f0;dde9f0;e0ecf3;deeaf1;e2ecf3;dfebf2;e1edf4;dfebf2;dfebf2;deeaf1;dfebf2;e0ecf3;e0ecf3;e1edf4;e0ecf3;dfebf2;deebf0;e0ecf3;e0ecf3;deeaf1;e1edf4;e2eef5;dfebf2;deeaf1;e0ecf3;e2eef5;e3f0f5;e0edf2;e3eff6;e5f2f7;e4eef5;e3eef3;e4eff4;dee9ee;e2ecf3;e3eff6;e2eef5;e4f1f6;e5f2f7;e3f0f5;e5f2f7;e5f2f7;e3f0f5;e5f1f8;e5f2f7;e1edf4;e4f0f7;dfebf2;e3eff6;e4f0f7;e4f0f7;e6f2f9;e5f1f8;e4f0f7;e7f3fa;e5f1f8;e5f1f8;e6f2f9;e5eff6;e5eff6;e6f0f7;e3f0f5;e4f0f7;e4f0f7;e5f1f8;e6f1f6;e8f3f8;e6f1f6;e7f1f8;e4f0f7;e2eef5;e7f1f8;e6f0f7;e6f0f7;e4eef5;e5eff6;e4eef5;e5eff6;e3edf4;dee8ef;dee8ef;dce8ef;deeaf1;e2eef5;e0ecf3;e1edf4;e3eef3;e5f0f5;e6f1f6;e7f2f7;e5eff6;e8f2f9;e7f2f7;e7f2f7;e7f2f7;e6f1f6;e7f2f7;e8f3f8;e9f4f9;e9f4f9;e9f4f9;e8f3f8;eaf5fa;e9f4f9;eaf5fa;e8f3f8;e7f2f7;ecf5fa;e6f1f6;eaf5fa;e9f4f9;e8f3f8;e9f4f9;e9f4f9;e9f4f9;eaf5fa;e7f2f7;e8f3f8;e6f1f6;e8f3f8;e7f2f7;e7f2f7;e9f4f9;e7f2f7;e6f0f7;e9f3fa;e9f2f7;ebf4f9;e8f3f8;e7f2f7;e9f4f9;e9f4f9;e8f3f8;e7f2f7;e7f2f7;e7f2f7;e7f2f7;eaf5fa;eaf5fa;e9f4f9;e9f2f7;e7f0f5;e6eef5;e7eff6;ecf4fb;ebf4f9;eaf3f8;e6f1f6;e6f1f6;e8f3f8;e8f3f8;e7f2f7;e7f2f7;e8f3f8;eaf5fa;ecf7fc;eaf4fb;ebf5fc;e8f2f9;e6f2f9;e8f4fb;e7f3fa;e4f0f7;e8f4fb;e9f4f9;e9f4f9;e9f3fa;e7f1f8;e6f0f7;e9f3fa;e8f2f9;e2ecf3;e5eff6;e4f0f7;e5f1f8;e7f3fa;e5f1f8;e6f2f9;e8f4fb;e6f2f9;e4f0f7;e6f0f7;e4eef5;e6f1f6;e8f3f8;e5f0f5;e8f3f8;e6f0f7;e3edf4;e4eef5;e4f0f7;e0ecf3;e0ecf3;e1edf4;e6f2f9;e3eff6;e4f0f7;e5f1f8;e7f3fa;e8f4fb;e5f1f8;e3eff6;e3eff6;e3eff6;e3eff6;e3eff6;e3eff6;e5f1f8;e7f3fc;e6f2f9;e8f4fb;e5f1f8;e3eff6;e3eff6;e3eff6;e4f0f7;e2eef5;e4f0f7;e4f0f9;e3eff8;e3eff8;e2f0f9;e3eff6;e4f0f7;e6f2f9;e4f0f7;e0ecf3;e2eef5;e3f2f8;e0eff5;e2f1f7;e3f2f8;e2f1f7;e4f3f9;e4f0f7;e4f0f9;e1eff8;e1eff8;e3f1fa;e0eef7;dfedf6;dfedf6;e0eef7;e2f0f9;e1eff8;ddebf4;e3f1fa;e0eef7;e0eef7;deecf5;e0eef7;e2f0f9;dfedf6;e2f0f9;e3f1fa;e0eef7;e0eef7;e1eff8;e1eff8;e3f1fa;e4f2fb;e4f2fb;e1eff8;dceaf3;e1eff8;e1eff8;e0f0f9;e0f0f9;e2f2fb;e1f1fa;dfeff8;e4f2fb;e6f4fd;e2f0f9;e1eff8;e4f2fb;e5f3fc;e3f3fc;e2f2fc;e1f1fb;deeef8;ddedf7;d8e8f2;d8e8f2;ddeef8;ddeef8;deeff9;daebf7;daeaf4;8f8f97;6f6b72;766f73;6c6663
e3eff6;e0ecf3;dde9f0;dfebf2;dfebf2;deeaf1;dde9f0;dfebf2;dfebf2;dbeaf0;d6e5eb;d8e7ed;d5e4ea;dae9ef;dde9f0;dce8ef;d9e5ec;dbe7ee;dde9f0;dde9f0;dae6ed;deeaf1;dce8ef;dce8ef;dce8ef;dde9f0;deeaf1;deeaf1;deeaf1;e2edf2;e1ecf1;dee9ee;deebf0;deeaf1;deeaf1;e0ecf3;deeaf1;dce8ef;e1edf4;deeaf1;dbe7ee;deeaf3;e1edf6;e1edf6;dde9f2;dfebf2;dfebf2;deeaf1;e1edf4;e0ecf3;deeaf1;dae6ed;dce8ef;dfebf2;deeaf1;dfebf2;dce8ef;e0ecf3;e1eef3;e1eef3;dfebf2;deebf0;deebf0;dce8ef;dfebf2;e2eef5;e2eef5;e1edf4;dfebf2;e2eef5;e0ecf3;e2eef5;dfebf2;dfebf2;e3eff6;e3eff6;dce6ed;dfe9f0;e3eff6;e4f0f7;e4f0f7;dfebf2;e2eff4;e3f0f5;e6f1f6;e2edf2;e3eef3;e3f0f5;e3f0f5;e0ecf3;e5f1f8;e1edf4;e5f1f8;e4f0f7;e5f1f8;e3eff6;e1edf4;e3eff6;e5f1f8;e4f0f7;e3eff6;e6f1f6;e3eef3;e6f1f6;e5f0f5;e4eef5;e9f3fa;e2eef5;e5f1f8;e5f1f8;e3edf4;e5eff6;e4f0f7;e3eef3;e4eff4;e4eef5;e6f0f7;e5eff6;e1ebf2;e1ebf2;e5f1f8;dfebf2;dde9f0;dde9f0;dfebf2;e2eef5;e2eef5;e4f1f6;e5f2f7;e8f3f8;e9f4f9;e9f4f9;e6f0f7;e5eff6;e7f1f8;e7f1f8;e6f1f6;e8f3f8;e7f2f7;e7f2f7;e9f4f9;e6f1f6;e9f4f9;eaf5fa;e8f3f8;ebf6fb;e9f4f9;eaf3f8;ebf4f9;e7f0f5;eaf3f8;e9f2f7;eaf5fa;eaf5fa;e8f3f8;eaf5fa;eaf5fa;e7f2f7;e5f0f5;e9f4f9;e9f4f9;eaf5fa;e9f4f9;e7f2f7;e9f4f9;e8f3f8;ebf6fb;e7f1f8;e9f3fa;e8f3f8;eaf3f8;eaf3f8;e9f2f7;e8f3f8;e9f4f9;eaf5fa;e9f4f9;eaf5fa;e6f1f6;e9f4f9;e8f3f8;e9f2f7;eaf3f8;e8f1f6;ebf4f9;e4ecf3;e4ecf3;ebf4f9;e6eff4;eaf3f8;e8f3f8;e6f1f6;e9f4f9;eaf5fa;e8f3f8;ecf5fa;ebf6fb;eaf5fa;e6f1f6;e9f4f9;eaf5fa;e9f4f9;ebf5fc;e6f0f7;e8f2f9;eaf4fb;e6f0f7;e8f2f9;e7f1f8;e8f2f9;e3edf4;e8f2f9;e8f2f9;e5eff6;e5eff6;eaf4fb;e6f0f7;e8f2f9;e5eff6;e6f0f7;e3eff6;e5f1f8;e4f0f7;e3eff6;e9f3fa;e8f2f9;e6f1f6;e5f0f5;e4eff4;e6f0f7;e5eff6;e6f0f7;e4eef5;e8f2f9;e4eef5;e4eef5;e6f0f7;e4f0f9;e3eff6;e3eff8;e5f1fa;e4f0f7;e2eef5;e4f0f7;e3eff6;e4f0f7;e2eef5;e4f0f7;e7f3fa;e6f2f9;e6f2f9;e7f3fa;e2eef5;e2eef5;e4f0f7;e5f1f8;e5f1f8;e1edf4;e4f0f7;e4f0f7;e2eef7;e4f0f9;e5f1fa;e4f0f7;e2f1f7;e5f1f8;e3eff6;e5f1f8;e2eef5;e4f0f7;e2f1f7;e2f1f7;e4f3f9;e8f7fd;e4f0f7;e3eff6;e5f1fa;e4f0f7;e4f0f7;e3f2f8;e4f3f9;e3f2f8;e4f3f9;e1eff8;e0eef7;e1eff8;e2f0f9;e2f0f9;e1eff8;deecf5;e2eef7;dfedf6;dfebf4;e1eff8;ddebf4;e0eef7;e0eef7;deeef7;dcecf5;dcecf5;deecf5;dfeff8;e0f0f9;dfeff8;e0eef7;e2f0f9;e1eff8;dfedf6;e2f2fb;e1f1fa;e0f0f9;e1f1fa;e3f3fc;e6f4fd;e5f3fc;e6f4fd;e4f2fb;e3f1fa;e3f1fa;e4f2fb;e4f2fb;e3f3fd;e0f0fa;dfeff9;deeef8;deeef8;dcecf6;dcecf6;deeef8;e2f2fc;dfecf9;e9f0fb;948a93;6f676e;736c70;706966
dfebf2;e0ecf3;e0ecf3;deeaf1;deeaf1;e0ecf3;dde9f0;dce8ef;dce8ef;d8e4eb;d9e8ee;d6e5eb;d3e2e8;d9e5ec;dae6ed;dae6ed;dbe7ee;dbe7ee;dae6ed;dae6ed;dbe7ee;dce8ef;dbe7ee;deeaf1;dae6ed;deeaf1;dce8ef;dce8ef;dde9f0;deebf0;dfecf1;ddeaef;ddeaef;ddeaef;dce9ee;ddeaef;e1edf4;e2ecf3;dce8ef;deeaf1;dde9f0;deeaf1;dae6ed;dde9f0;dae6ef;e0ecf3;dde9f0;deeaf1;e0ecf3;dde9f0;e0ecf3;e0ecf3;deeaf1;dfebf2;e2eef5;e0ecf3;dfebf2;deeaf1;e0ecf3;dfebf2;deeaf1;dfebf2;dfebf2;e1edf4;deeaf1;dce8ef;deeaf1;dce8ef;dfebf2;e2eef5;e1edf4;dfebf2;e1edf4;e0ecf3;e2eef5;e4f0f7;dae6ed;dde9f0;e3eff6;e4f0f7;e3eff6;e3eff6;e2eef5;e2eff4;e7f2f7;e6f1f6;e3eef3;e4f1f6;e4f0f7;e0ecf3;e6f2f9;e1edf4;e3eff6;e5f1f8;e3eff6;e5f1f8;e3eff6;e3eff6;e3eff6;e0ecf3;e0edf2;e4eff4;e6f1f6;e7f2f7;e4eff4;e6f0f7;e7f1f8;e5eff6;e3edf4;e3eff6;e5eff6;e2eef5;e0ecf3;e1ecf1;dfeaef;e0eaf1;e2ecf3;dfe9f0;dfe9f0;e1ebf2;dfebf2;dce8ef;d9e5ec;dce8ef;e1edf4;e5eff6;e2ecf3;e5f0f5;eaf5fa;edf8fd;ebf6fb;e7f2f7;e9f4f9;e8f3f8;e8f2f9;e9f3fa;e7f1f8;e9f4f9;e6f1f6;ebf6fb;e9f4f9;e9f4f9;e7f2f7;e7f2f7;e7f2f7;e8f3f8;eaf3f8;eef7fc;ebf4f9;ecf5fa;ebf4f9;e8f3f8;e9f4f9;eaf5fa;e8f3f8;e7f2f7;e7f2f7;e8f3f8;e8f3f8;e8f3f8;e9f4f9;e8f3f8;e7f2f7;eaf5fa;e5f0f5;e8f3f8;e9f4f9;e8f3f8;e9f4f9;e8f2f9;ecf5fa;e8f3f8;e7f2f7;e6f1f6;e6f1f6;e6f1f6;e8f3f8;e7f2f7;e9f3fa;e9f3fa;e9f2f7;e6eef5;e9f1f8;e8f1f6;e9f2f7;e8f1f6;e9f2f7;ecf5fa;ecf7fc;ebf6fb;ecf7fc;edf8fd;ecf7fc;eaf5fa;eef9fe;eef9fe;f0fbff;ebf6fb;ecf7fc;e8f3f8;e7f2f7;eaf5fa;e9f4f9;e9f4f9;e9f4f9;e8f2f9;e8f2f9;e5eff6;e5eff6;e7f1f8;e6f0f7;e6f0f7;e8f2f9;e8f2f9;e6f0f7;e7f1f8;e4eef5;e8f2f9;e6f0f7;e8f2f9;e7f1f8;e4f0f7;e4f0f7;e4f0f7;e6f0f7;e9f4f9;e3eef3;e2edf2;e4eff4;e5eff6;e4eef5;e4eef5;e3edf4;e6f0f7;e2ecf3;e0eaf1;e3edf4;e1edf6;e3eff6;dce8ef;e1edf4;e0ecf3;e4f0f7;e5f1f8;e4f0f7;e1edf4;e3eff6;e4f0f7;e6f2f9;e4f0f7;e4f0f7;e6f2f9;e4f0f7;e1edf4;e1edf4;e4f0f7;e7f1f8;e5f1f8;e3eff6;e5f1f8;e1edf4;e1edf4;e0eff5;e4f3f9;e1f0f6;dde9f0;e3eff6;e4f0f7;e2eef5;e3f2f8;e4f3f9;e3f2f8;e4f3f9;e5f1f8;e0ecf3;e4f0f9;e3eff8;e3eff6;e4f0f7;e2f1f7;e2f1f7;e2f1f7;e1f0f6;e3f1fa;e0eef7;e6f2fb;deecf5;e1eff8;e1eff8;e1eff8;e2f0f9;e3f1fa;e2eef7;deecf5;e0eef7;e2f0f9;deecf5;daeaf3;ddedf6;dfeff8;e0f0f9;dbebf4;ddedf6;dcecf5;deeef7;dcecf6;dcecf6;e0eef7;e1eff8;e2f2fb;dfeff8;e3f3fc;e5f3fc;e7f5fe;e3f1fa;e6f4fd;e5f3fc;e4f2fb;e4f2fb;e2f0f9;e3f1fa;e3f3fc;e3f3fc;deeef7;e0f0fa;dcecf6;dbebf5;dcecf6;dbebf5;dfeff9;e0ebf8;e5ecf7;8f8d95;706a71;787073;6e6764
dbe7ee;ddecf2;e1edf4;e3eff6;e1edf4;dde9f0;e1edf4;dfebf2;deeaf1;dde9f0;dae6ed;dae9ef;dbeaf0;d9e8ee;dbe7ee;dce8ef;dde9f0;dae6ed;d9e5ec;dde9f0;d9e8ee;dcebf1;dae9ef;dbeaf0;dde9f0;d9e5ec;dce8ef;d9e7f0;ddecf2;dde9f0;dce8ef;e2eff4;dfecf1;deebf0;ddeaef;dfecf1;e0edf2;e0edf2;dfebf2;dde9f0;deeaf1;e0ecf3;dfebf2;ddecf2;e0ecf3;e0ecf3;dfebf2;e1edf4;e2eef5;dce8ef;e0ecf3;dde9f0;dde9f0;dde9f0;dce8ef;deeaf1;dde9f0;dde9f0;e1edf4;dae6ed;dce8ef;e0ecf3;deeaf1;e3eef3;e0ecf3;e1edf4;deeaf1;dfeef4;deedf3;e1edf4;e1edf4;e0ecf3;e0ecf3;dfebf2;e2eef5;e2eef5;e1eef3;e5f1f8;e3f0f5;e1edf4;e1edf4;e1edf4;e4f0f7;e5f1f8;e2eef5;e2eff4;e1eef3;e6f0f7;e3eff6;e2eef5;e3eff6;e1edf4;e2eef5;e4f0f7;e1edf4;e3eff6;e2eef5;e3eff6;e2eef5;dfecf1;e1eef3;e2edf2;e2ecf3;e3edf4;e4eef5;dfe9f0;e2ecf3;e1ebf2;e3edf4;e7f1f8;e4f0f7;e1edf4;e5eff6;e5f0f5;e2edf2;dde7ee;e0eaf1;e0eaf1;dce6ed;dde7ee;dbe5ee;dee8ef;dce8ef;deeaf1;e2eef5;e7f2f7;ebf6fb;edf8fd;effaff;ebf6fb;e9f4f9;ebf6fb;ebf6fb;eaf5fa;e9f4f9;e8f3f8;e6f1f6;e9f4f9;e9f4f9;e9f4f9;ebf6fb;e6f1f6;e9f4f9;eaf5fa;e9f4f9;eaf5fa;e9f2f7;eaf3f8;ecf5fa;ebf4f9;e7f2f7;e6f1f6;e8f3f8;eaf5fa;e7f2f7;ebf6fb;e8f3f8;e5f0f5;e8f3f8;e6f1f6;e6f1f6;e6f1f6;e7f1f8;e7f1f8;e8f2f9;e7f1f8;e6f1f6;eaf5fa;eaf5fa;e9f4f9;eaf3f8;e7f0f5;e9f2f7;e8f2f9;e6f0f7;e8f2f9;e6f0f7;e5eff6;ebf5fc;e5f0f5;e4edf2;e5eef3;e2ebf0;e6eff4;eef7fc;edf6fb;ecf5fa;eff8fd;eef9fe;eef9fe;edf8fd;eef9fe;effaff;ebf6fb;eef9fe;edf8fd;eef9fe;ecf7fc;e9f4f9;edf8fd;e8f3f8;e9f4f9;ecf5fa;e9f2f7;ecf5fa;eaf4fb;ebf7fe;e8f4fb;e6f2f9;e4f0f7;e7f3fa;e9f3fa;e5eff6;e6f0f7;e7f1f8;e6f0f7;e7f1f8;e7f1f8;eaf4fb;e9f3fa;e3eff6;e6f2f9;e7f3fa;e5f1f8;e5f1f8;e6f2f9;e4f0f7;e5f1f8;e6f2f9;e5f1f8;e5f1f8;e3eff6;e3edf4;e5eff6;e5eff6;e6f0f7;e2ecf3;e2eef5;dfebf2;e0ecf3;e3eff6;e6f2f9;e5eff6;e4f0f7;e3eff6;e4f0f7;e0eff5;e2f0f9;e2f1f7;e2eef5;e3eff6;e5f1f8;e5f1f8;e3eff6;e3eff6;e4eef5;e5eff6;e6f0f7;e4f0f7;e4f0f7;e5f1f8;e2eef5;e3eff6;e6f2f9;e1f0f6;e3eff6;e3f2f8;e4f0f7;e4f0f7;e3f2f8;e3f2f8;e2f1f7;e2f1f7;e5f4fa;e3eff6;e5f1f8;e2eef5;e1edf4;e2eef5;e3f2f8;e1f0f6;e0eef7;e2f0f9;e8f6ff;e2f0f9;e2f0f9;e1eff8;e2f0f9;ddebf4;e0eef7;e0eef7;e1eff8;ddebf4;e1eff8;dfedf6;e0eef7;e0eef7;ddedf6;e1eff8;dfeff8;dfeff8;deeef7;dfeff8;e0f0fa;dcecf5;e0eef7;e3f1fa;e2f0f9;e2f0f9;e2f2fb;dfeff8;e1f1fa;e4f4fd;e2f2fb;e5f3fc;e5f3fc;e2f0f9;e4f2fb;e2f2fb;e2f2fb;e3f1fa;e1f1fa;e4f4fd;e1f1fa;ddedf6;dcecf6;d9e9f3;d8e8f2;d9e9f3;d7e7f1;dfecf9;e4ebf6;91909e;777178;766f72;6e6862
dcebf1;deedf3;dde9f0;deeaf1;e1edf4;e0ecf3;e1edf4;deeaf1;dfebf2;deeaf1;dbe7ee;d8e4eb;dce8ef;dae9ef;dae9ef;d8e4eb;dbe7ee;dbe7ee;deeaf1;dbe7ee;dbe7ee;dbeaf0;dae9ef;dbeaf0;ddecf2;dae9ef;ddecf2;dbe9f2;ddecf2;deeaf1;dfebf2;dfebf2;e2eff4;dfecf1;ddeaef;deebf0;ddeaef;dde9f0;e0ecf3;e0ecf3;dfebf2;dfebf2;deeaf1;e1edf4;dfebf2;e2eef5;deeaf1;dfebf2;deeaf1;dde9f0;dfebf2;dbe7ee;dfebf2;deeaf1;deeaf1;dfebf2;deeaf1;dde9f0;dfebf2;e1ebf2;dfe9f0;e0eaf1;e4eef5;e0eaf1;e1edf4;e3eff6;e3eff6;e0ecf3;dfebf2;e0ecf3;e1edf4;e0ecf3;e1edf4;e1edf4;e5eff6;e4eef5;e1eef3;e5f2f7;e1eef3;dfecf1;e0ecf3;e2eef5;e4f0f7;e5f1f8;e3eff6;e1edf4;e2eef5;e5eff6;e7f1f8;e3eff6;e4f0f7;e4f0f7;e3eff6;e0ecf3;e0ecf3;e1edf4;e3eff6;deeaf1;dfebf2;e5f2f7;e3f0f5;e6f1f6;e5eff6;e1ebf2;dfe9f0;e2ecf3;e0eaf1;e6f0f7;e5eff6;e7f1f8;e5eff6;e6f0f7;e6f0f7;e0eaf1;e0eaf1;dfe9f0;dee8ef;e0eaf1;dce6ed;dce6ed;d3dde4;d2dce3;e1ebf2;e3edf4;e7f1f8;e8f3f8;ecf7fc;edf8fd;ecf7fc;e8f3f8;e8f3f8;e9f4f9;e7f2f7;e7f2f7;e7f2f7;e7f2f7;e8f3f8;eaf5fa;e7f2f7;e8f3f8;eaf5fa;e7f2f7;e7f2f7;eaf5fa;e8f3f8;eaf5fa;edf6fb;eaf3f8;edf6fb;ebf4f9;e8f3f8;e8f3f8;e7f2f7;e8f3f8;e7f2f7;e9f4f9;e9f4f9;e6f1f6;e8f3f8;e8f3f8;eaf5fa;e6f1f6;e7f1f8;e7f1f8;e7f1f8;eaf4fb;ebf6fb;e8f3f8;e7f2f7;eaf5fa;e7f2f7;e8f3f8;e9f3fa;e5eff6;e5eff6;e6f0f7;e5eff6;e4eef5;e4eef5;e2ebf0;e3ecf1;e8f1f6;edf6fb;ebf4f9;eaf3f8;ebf6fb;ebf6fb;ecf7fc;eaf5fa;ebf6fb;ecf7fc;eaf5fa;eaf5fa;ecf7fc;eaf5fa;ecf7fc;e9f4f9;e9f4f9;e9f4f9;ebf6fb;e9f4f9;e6f1f6;ebf4f9;ecf4fb;eaf4fb;e9f3fa;e8f4fb;e7f3fa;e6f2f9;e7f3fa;e3eff6;e2ecf3;e8f2f9;e6f0f7;e5eff6;e6f0f7;eaf4fb;e9f3fa;e7f1f8;e4f0f7;e5f1f8;e5f1f8;e6f2f9;e4f0f7;e1edf4;e4f0f7;e6f2f9;e4f0f7;e6f0f7;e8f2f9;e4f0f7;e4f0f7;e4f0f7;e5eff6;e5f1fa;e4f0f7;deeaf1;e4f0f7;e5f1f8;e2ecf3;e7f1f8;e6f0f7;e6f0f7;e9f3fa;e3eff6;e3eff6;e2f1f7;e2f0f9;e3f2f8;e1f0f6;e6f2f9;e5f1f8;e5f1f8;e3eff6;e0ecf3;e6f0f7;e7f1f8;e6f0f7;e2eef5;e4f0f7;e4f0f7;e4f0f7;e3eff6;e4f0f7;e6f2f9;e4f0f7;e6f2f9;e2eef5;e5f1f8;e4f3f9;e5f4fa;e4f3f9;e1f0f6;e2f1f7;e5f1f8;e6f2f9;e3f2f8;e2f1f7;e5f1f8;e3eff8;e5f1f8;e2eef7;e2f0f9;deecf5;e1eff8;e1eff8;e0eef7;dfedf6;e0eef7;dfedf6;e2f0f9;e2f0f9;e1eff8;e1eff8;e1eff8;e1eff8;dfedf6;dfeff8;dfedf6;e0eef7;dfeff8;dcecf5;dcecf5;ddedf6;dfeff8;e1eff8;e2f0f9;e3f1fa;e5f3fc;e2f2fb;e1f1fa;e0f0f9;e3f3fc;e0f0f9;e4f2fb;e4f2fb;e3f1fa;e6f4fd;e4f2fb;e4f2fb;e6f4fd;e2f2fb;e0f0f9;deeef7;daeaf3;d7e7f1;d7e7f1;d7e6f3;daebf7;dcebf8;dfeefb;e4edfa;9897a5;726e75;746d70;726d67
dcebf1;ddecf2;dcebf1;dfebf2;e1edf4;dae9ef;dcebf1;dbeaf0;dce8ef;dce8ef;dbe7ee;d8e4eb;dae6ed;d7e6ec;d9e8ee;dbeaf0;dae6ed;d9e5ec;d8e4eb;dde9f0;dde9f0;deedf3;dae6ed;dde9f0;dfebf2;e0ecf3;dae6ed;e0ecf3;deeaf3;deeaf1;dde9f0;e0ecf3;dfeef4;deedf3;ddecf1;ddecf1;dbeaf0;dde9f0;deeaf1;dde9f0;dde9f0;dfebf2;deeaf1;e0ecf5;deeaf3;dce8f1;deeaf3;dae6ed;dfebf2;dde9f0;ddeaef;e0ebf0;dfe9f0;dfe9f0;e1ebf2;e0ecf3;deeaf1;deeaf1;e0ecf3;dfebf2;e1edf4;e1edf4;e0eaf1;e0eaf1;e3eef3;e2ecf3;e0ecf3;e1edf4;dfebf2;dfebf2;dde9f0;e0ecf3;e1edf4;e2eef5;e6f0f7;e5eff6;e3eff6;e1edf4;e0ecf3;e0ecf3;e0ecf3;e2eef5;e2eef5;e5f1f8;e6f2f9;e5f1f8;e4f0f7;e7f1f8;e6f0f7;e6f0f7;e8f3f8;e2edf2;e3eff6;e1edf4;e2eef5;e3eff6;e2eef5;e1eef3;e0edf2;e5f2f7;e7f2f7;e3eef3;e5eff6;e2eef5;e0ecf3;e5f1f8;e7f1f8;e6f0f7;e5eff6;e7f1f8;e4eef5;dfe9f0;e2edf2;e0ebf0;e4eff4;e3eef3;e3eef3;e5f0f5;e5f0f5;e7f2f7;eaf5fa;ebf6fb;ecf7fc;ebf6fb;ecf7fc;e9f4f9;eaf5fa;e9f3fa;e9f3fa;e6f1f6;e6f1f6;e9f4f9;e8f3f8;e6f0f7;e7f1f8;e5eff6;e9f4f9;e8f3f8;e7f2f7;e7f2f7;e8f3f8;e9f4f9;e7f2f7;eaf5fa;eaf5fa;edf6fb;ecf5fa;eaf3f8;eaf3f8;ecf5fa;ebf4f9;eef7fc;e8f1f6;e8f3f8;e9f4f9;e7f2f7;e8f3f8;e6f1f6;e8f3f8;edf6fb;ebf4f9;ecf5fa;e8f3f8;e8f3f8;e9f3fa;e6f0f7;e4eff4;e5f0f5;ebf6fb;ebf4f9;e6f1f6;e6f1f6;e5eff6;e3edf4;e6f0f7;e4eef5;e5f0f5;e3eef3;e7f2f7;e9f4f9;edf8fd;edf8fd;effaff;ebf6fb;ebf6fb;ebf5fc;eaf4fb;ecf6fd;ebf5fc;eaf4fb;e6f0f7;e8f2f9;ebf5fc;e9f3fa;e8f2f9;e9f3fa;e9f3fa;e7f2f7;e4eff4;e6f1f6;e8f3f8;e9f4f9;eaf5fa;e7f1f8;ebf5fc;e8f3f8;e6f3f8;e6f2f9;e6f2f9;e4f0f7;e7f3fa;e3edf4;e7f1f8;e6f0f7;e4eef5;e9f3fa;eaf4fb;e6f0f7;e9f3fa;e5f1f8;e3eff6;e2eef5;e5f1f8;e3eff6;e5f1f8;e3eff6;e8f4fb;e7f3fa;e5eff6;e8f2f9;e4f0f7;e1edf4;e3eff6;e6f0f7;e0ecf3;e3eff6;e3eff6;e4f0f7;e5f1f8;e7f3fa;e1edf4;e2eef5;e4f0f7;e6f2f9;e6f2f9;e7f3fa;e5f1f8;e1eff8;e4f0f9;e3f1fa;dfedf6;e4f0f7;e1edf4;e3eff6;e2eef5;e4f0f7;e4f0f7;e5f1f8;e7f3fa;e7f3fa;e3eff6;e4f0f7;e2eef5;e1edf4;e4f0f7;e4f0f7;e7f3fa;e3eff6;e4f0f7;e5f4fa;e2f1f7;e1f0f6;e0eff5;e2f1f7;e4f3f9;e3f2f8;e0eff5;e2f1f7;e4f0f7;e4f0f9;deecf5;e1eff8;e2f0f9;e2f0f9;e0eef7;e1eff8;e2f0f9;e1eff8;e2f1f7;dfedf6;e1eff8;e1eff8;ddebf4;dfedf6;dfeff8;ddedf6;e1f1fa;dcecf5;dceaf3;e1eff8;e0eef7;e0eef7;e0eef7;e3f1fa;e1eff8;e2f0f9;e2f0f9;e2f1f7;e4f3f9;e4f2fb;e5f3fc;e2f2fb;deeef7;e0f0f9;e5f3fc;e7f6fc;e7f6fc;e4f2fb;e3f1fa;e3f1fa;e6f4fd;e3f3fc;e2f2fb;e1f1fa;deeef8;d6e5f2;d8e7f4;d6e5f2;d9eaf6;d8e9f5;deebf8;dfeefb;9b9caa;6e6d73;70696c;696361
e0eff5;dcebf1;deedf3;e0ecf3;e2eef5;dcebf1;dae9ef;dcebf1;d7e3ea;dae6ed;dce9ee;dbe7ee;dbe7ee;d9e5ec;dde9f0;dde9f0;dbe7ee;dce8ef;e0ecf3;deebf0;dce8ef;dde9f0;dae6ed;dde9f0;dae6ed;dce8ef;dbe7ee;deeaf1;deeaf1;deeaf1;deeaf1;deeaf1;e0eff5;dcebf1;ddecf1;ddecf1;dfeef4;e2eef5;e2eef5;e0ecf3;e2eef5;deeaf1;e1edf4;e1edf6;dbe7f0;deeaf3;dde9f2;dfebf2;e3edf4;e2ecf3;e0ebf0;e3eef3;e2ecf3;e1ebf2;dde7ee;e1ebf2;e2ecf3;dde9f0;e0ecf3;e1edf4;e1edf4;e0ecf3;dfe9f0;e1ecf1;e1ecf1;e4eff4;e1edf4;e2eef5;e1edf4;e2eef5;e2eef5;e2eef5;e1edf4;e1edf4;e4eef5;e6f0f7;e4f0f7;e1edf4;e3eff6;e4f0f7;e2eef5;e3eff6;e5f1f8;e1edf4;e1edf4;e4f0f7;e2eef5;e4eef5;e5eff6;e7f1f8;e6f1f6;e5f0f5;e3eff6;e4f0f7;e2eef5;e0ecf3;e1edf4;e3eff6;e2eff4;e2eff4;e3f0f5;e4f1f6;e7f1f8;e6f0f7;e7f3fa;e7f1f8;e3edf4;e1edf4;e1ebf2;e3edf4;e6f0f7;e6f1f6;e8f3f8;e9f4f9;edf8fd;ebf6fb;edf8fd;ecf7fc;eaf5fa;eef9fe;eef9fe;f0fbff;eef9fe;f0fbff;effaff;ecf7fc;e8f3f8;e8f2f9;e9f3fa;e6f1f6;e8f3f8;ebf6fb;eaf5fa;e7f2f7;e3edf4;e5eff6;e3eef3;e2edf2;e4eff4;e5f0f5;eaf5fa;e7f2f7;e6f1f6;e8f3f8;e8f3f8;e9f4f9;e9f2f7;e9f2f7;eaf3f8;e9f2f7;e7f1f8;e8f2f9;e8f0f7;e7f1f8;e3edf4;e4eff4;e5f0f5;e6f1f6;e5eef3;eaf3f8;edf6fb;ebf4f9;ebf4f9;e8f3f8;e9f3fa;eaf4fb;e8f3f8;eaf5fa;e7f2f7;e8f3f8;e7f2f7;e6f0f7;e3edf4;e3edf4;e2ecf3;e3edf4;e7f2f7;e8f3f8;edf8fd;edf8fd;eaf5fa;edf8fd;ebf6fb;eaf5fa;e7f1f8;e8f2f9;e9f3fa;e8f2f9;e7f1f8;e6f0f7;e6f0f7;e6f0f7;e6f0f7;e3edf4;e3edf4;e7f1f8;e5eff6;e3edf4;e3edf4;e9f3fa;e7f1f8;e8f2f9;ecf7fc;e9f3fa;ecf6fd;eaf4fb;e7f3fa;e7f3fa;e6f2f9;e7f3fa;e6f2f9;e8f2f9;e6f0f7;e7f1f8;e9f3fa;ebf5fc;e7f1f8;e8f2f9;e6f0f7;e4f0f7;e6f2f9;e6f2f9;e7f3fa;e5f1f8;e7f3fa;e4eef5;e6f0f7;e9f3fa;e8f2f9;e7f1f8;e5f1f8;e4f0f7;e4f0f7;e5eff6;e2eef5;e1edf4;e1edf4;e4f0f7;e4f0f7;e4f0f7;e0ecf3;e0ecf3;e2eef5;e4f0f7;e3eff6;e4f0f7;e3eff8;e3eff8;e1edf6;e4f0f9;e1eff8;e3eff6;e6f2f9;e3eff6;e3eff6;e2eef5;e1edf4;e7f3fa;e6f2f9;e4f0f7;e1edf4;e4f0f7;e3eff6;e5f1f8;e3eff6;e3eff6;e4f0f7;e5f1f8;e2eef5;e2f1f7;e2f1f7;e1f0f6;e4f3f9;e4f3f9;e1f0f6;e1f0f6;e5f4fa;e6f5fb;e4f3f9;e4f0f7;e0eff5;dfedf6;e4f2fb;e2f0f9;e3f1fa;e3f1fa;e2f0f9;e2f0f9;e0eef7;e2f0f9;e1eff8;e0eef7;e2f0f9;e2f0f9;e2f0f9;e0eef7;e1f1fa;dfedf6;e1eff8;e3f1fa;ddedf6;e1f0f6;e2f1f7;e2f1f7;e2f0f9;e0eef7;e1eff8;e1eff8;e3f1fa;e3f1fa;e2f0f9;e5f3fc;e0f0f9;e1f1fa;e4f4fd;e2f2fb;e6f4fd;e6f4fd;e5f3fc;e3f1fa;e1eff8;e4f4fd;e4f4fd;e2f2fb;ddedf7;d9e8f5;d7e6f3;d4e3f0;d6e7f3;d5e8f4;dbeaf7;dce7f4;999aa8;787078;716a6e;5f5b59
e2eff4;deebf0;deebf0;deeaf1;deeaf1;dce8ef;e2eef5;dde9f0;dce8ef;dce8ef;dde8ed;dde8ed;dce9ee;dae6ed;dde9f0;dde9f0;dde9f0;deeaf1;ddeaef;dce9ee;dce9ee;ddeaef;dde9f0;dde9f0;deeaf1;deeaf1;dde9f0;e0ecf3;e0ecf3;dde9f0;deeaf1;dfebf2;dde9f0;dfebf2;e0ecf3;dfecf1;dfebf2;dfebf2;deeaf1;e1edf4;dfebf2;dfebf2;dfebf2;e2ecf3;deeaf3;dae6ed;dfebf2;e1ebf2;e0eaf1;e2ecf3;e0ecf3;e1edf4;deeaf1;e1edf4;e0eaf1;e2ecf3;e4eef5;e0ecf3;e2eef5;e1edf4;dfebf2;deeaf1;e3edf4;e2edf2;dee9ee;e3eef3;e2edf2;dfecf1;e0edf2;e2eef5;dfebf2;e1edf4;e1edf4;e0ecf3;e3eff6;e4f0f7;dfe9f0;e3edf4;e4f0f7;e4f0f7;e0ecf3;e2eef5;dfebf2;e3eff6;e4f0f7;e6f2f9;e4f0f7;e5f1f8;e7f1f8;e5eff6;e5f0f5;e3eef3;e0ecf3;e2eef5;e5f1f8;e5f1f8;e4f0f7;e4f1f6;e3f0f5;e4f1f6;e0edf2;e4f1f6;e5f0f5;e7f2f7;e6f0f7;e5f0f5;e8f3f8;e7f2f7;eaf5fa;eaf5fa;e9f4f9;eef9fe;eef9fe;ecf7fc;edf8fd;edf8fd;eef9fe;ecf7fc;eef9fe;eef9fe;eef9fe;f0fbff;eef9fe;eef9fe;eef9fe;edf8fd;edf8fd;edf8fd;ebf6fb;eef9fe;eef9fe;eef9fe;ebf6fb;ebf6fb;ecf7fc;ebf6fb;ecf7fc;e9f4f9;e8f3f8;e5f0f5;e6f1f6;e1ebf2;e0eaf1;e3edf4;e4eef5;e8f0f7;e8f1f6;e8f1f6;e9f1f8;e8f0f7;e8f2f9;e7f1f8;e4eef5;e6f1f6;eaf5fa;ebf6fb;edf8fd;e9f4f9;ecf5fa;e6eff4;e7f0f5;e8f1f6;eaf3f8;eaf3f8;e7f2f7;e9f2f7;e9f4f9;e6f1f6;e4eff4;e3eef3;e6f0f7;e5eff6;e3edf4;e4eef5;e8f2f9;eaf4fb;e9f4f9;edf8fd;ecf7fc;edf8fd;edf8fd;eaf5fa;ebf6fb;e7f1f8;e5eff6;e8f2f9;e5eff6;e7f1f8;e7f1f8;eaf4fb;e5eff6;e5eff6;e4eef5;e4eef5;dfe9f0;e1ebf2;dee8ef;e1ebf2;e5eff6;e8f2f9;eaf4fb;e9f3fa;e9f4f9;e9f4f9;e7f2f7;e8f3f8;ebf5fc;e9f3fa;e8f2f9;e8f2f9;eaf4fb;e9f3fa;ebf5fc;e8f2f9;e8f2f9;ebf5fc;e7f3fa;e8f4fb;e4f0f7;e8f4fb;e7f1f8;e9f3fa;e9f3fa;e7f1f8;e7f1f8;e8f2f9;e8f2f9;ebf5fc;eaf4fb;e8f2f9;e7f3fa;e5f1f8;e5eff6;e5eff6;e6f0f7;e5eff6;e5eff6;e3eff6;e1edf6;deeaf3;e0ecf5;e4f0f7;dfebf2;e4f0f7;e2eef7;e2eef7;e1edf6;e4f0f9;e0ecf5;e3eff8;e4f0f9;e6f4fd;e5f3fc;e1f0f6;e1f0f6;e3eff6;e4f0f7;e1edf4;e3eff6;e8f4fb;e5f1f8;e4f0f7;e2eef5;e2eef5;e2eef5;e0ecf3;e2eef5;e2eef5;e6f2f9;e4f0f7;e4f0f7;e0eff5;e2f0f9;e3f2f8;e1f0f6;e3f2f8;e4f3f9;e5f4fa;e4f3f9;e5f1f8;e0eff5;dfeef4;e1eff8;e0eef7;e3f1fa;e4f2fb;e3f1fa;e3f1fa;e3f1fa;e2f0f9;e2f0f9;e4f2fb;e1eff8;e1eff8;dfedf6;e2f0f9;deedf3;dfeff8;e0f0f9;dff0f6;deeff5;dbecf2;deedf3;e1f0f6;e1eff8;e1eff8;e2f0f9;e0eef7;e2f0f9;e2f2fb;e2f0f9;e3f1fa;e1f1fb;e1f1fa;dfeff8;e1f1fa;e2f2fb;e3f3fc;e4f4fd;e1f1fa;e2f0f9;e2f2fb;e3f3fc;dfeff9;dfeff9;dcecf6;d7e6f3;d4e3f0;d5e6f2;d9eaf6;d9ebfa;d8e9f5;91949b;726e75;736c70;464444
deebf0;dfecf1;deebf0;deeaf1;dde9f0;dbe7ee;d8e4eb;dfebf2;dbe8ed;deebf0;dde8ed;dde8ed;d9e5ec;dae6ed;dbe7ee;dde9f0;dce8ef;dde7ee;dfe9f0;e0ebf0;dfecf1;dce9ee;dfecf1;dde9f0;deeaf1;dde9f0;dde9f0;deeaf1;dce8ef;dfebf2;dce8ef;dfebf2;dfebf2;dfebf2;deeaf1;e0edf2;e2eff4;e1ecf1;e0ecf3;e0ecf3;deeaf1;e0ecf3;dde9f0;e1edf4;deeaf1;e2eef5;e1edf4;dfe9f0;dee9ee;dfe9f0;e0ecf3;deeaf1;dfebf2;dce8ef;e0ecf3;e0ecf3;e3edf4;dfebf2;dfebf2;deeaf1;e3edf4;e2eef5;e5eff6;e5f0f5;dfecf1;e1eef3;e3f0f5;e1eef3;dfecf1;ddeaef;e0edf2;e2eff4;e1eef3;e1edf4;e4f0f7;e2eef5;e5eff6;e4eef5;e1ebf2;e2ecf3;e3eff6;e4f0f7;e0ecf3;e0ecf3;e6f2f9;e2eef5;e2eef5;e1edf4;deeaf1;e5f1f8;e1eef3;e4f1f6;e3eff6;e4f0f7;e4f0f7;e2eef5;e2eef5;e4f1f6;e2eff4;e5f2f7;e5f0f5;e7f2f7;e7f2f7;eaf5fa;e8f3f8;ecf7fc;ecf7fc;edf8fd;ecf7fc;ecf7fc;ebf6fb;edf8fd;ecf7fc;edf8fd;ebf6fb;edf8fd;ecf9fe;eaf7fc;ebf8fd;ebf8fd;ecf9fe;ebf8fd;effaff;edfaff;effaff;effaff;effaff;ecf9fe;edf8fd;eef9fe;f1fcff;effaff;eef9fe;eef9fe;ecf7fc;eef9fe;eef9fe;effaff;effaff;edf8fd;f0fbff;edf8fd;ecf7fc;eaf5fa;e6f1f6;e5f0f5;e5f0f5;e6f1f6;e7f2f7;e7f0f5;e8f1f6;e6f1f6;eaf5fa;edf8fd;eef9fe;edf8fd;effaff;f0fbff;f2fbff;eef7fc;eff8fd;eaf3f8;e4edf2;e6eff4;eaf3f8;e7f0f5;e6f1f6;e6f1f6;e9f4f9;e7f2f7;e9f4f9;ebf6fb;e7f2f7;e6f1f6;e6f0f7;e6f0f7;eaf3f8;e9f4f9;eaf5fa;ebf6fb;eaf5fa;e7f2f7;e8f3f8;e6f1f6;e5f0f5;e7f2f7;e7f1f8;e6f0f7;e4ecf3;e6eef5;e3ebf2;e5eef3;dfeaef;dee8ef;dfe9f0;e1ebf2;e5eff6;e6f0f7;ebf5fc;e9f3fa;e9f3fa;ecf6fd;e9f4f9;e8f3f8;e9f4f9;e6f1f6;e8f2f9;ebf5fc;eaf4fb;ebf5fc;e9f3fa;eaf4fb;e9f3fa;e9f3fa;e9f3fa;e9f3fa;e9f3fa;ebf5fc;e7f1f8;e9f3fa;ebf5fc;eaf4fb;e9f3fa;e8f2f9;e9f3fa;e7f1f8;e9f3fa;e9f3fa;ecf6fd;e8f2f9;e5f1f8;e6f2f9;e8f4fb;e5f1f8;e7f1f8;e6f0f7;e5eff6;e4f0f7;e6f2f9;e3eff8;dfebf4;dfebf2;e2eef5;e2eef7;e2f0f9;e0eef7;e2eef7;e4f0f9;e4f0f9;e3eff6;e5f1f8;e2eef5;e2eef5;dfeef4;dfeef4;dfebf2;dfebf2;e3eff6;e4f0f7;e6f2f9;e5f1f8;e4f0f7;e2eef5;e4f0f7;e1edf4;e6f2f9;e1edf4;e2eef5;e2eef7;e4f0f9;e3eff8;e2eef5;e3eff6;e1edf4;e5f1f8;e5f1f8;e2eef5;e3f2f8;e3f1fa;e1eff8;e0eef7;e4f2fb;e7f3fa;e5f1fa;e2eef7;e4f0f9;e3eff8;e2eef7;e5f4fa;e2f1f7;e4f2fb;e5f3fc;e1eff8;e1f0f6;e3f2f8;e2f1f7;dfeef4;e0f1f7;dff0f6;e1f2f8;e2f2fb;e0f0f9;e1eff8;dfedf6;e0eef7;dfeff8;dfedf6;e1eff8;e0f0f9;e1f1fa;e2f2fb;dfeff8;e2f2fb;e3f3fc;e3f3fc;e4f4fd;e4f4fd;e3f3fc;e4f4fd;e3f3fc;e4f4fd;e0f0fa;e1f1fb;e2f2fc;deeef8;d5e5ef;d7e6f3;d5e4f1;d2e3ef;d5e6f2;daeaf9;e1ecf9;989097;756f76;716c70;434141
e2eff4;e1eef3;dde9f0;dbe7ee;deeaf1;e0ecf3;e0ecf3;deeaf1;dae7ec;e0ecf3;dae7ec;dbe8ed;dce8ef;d9e5ec;dce8ef;deeaf1;dae4eb;dfe9f0;dce6ed;dbe6eb;dce9ee;deebf0;dce9ee;dce8ef;deedf3;ddecf2;dbeaf0;dce9ee;deebf0;e0ecf3;dce8ef;dfebf2;deeaf1;deeaf1;deeaf1;e0ecf3;e0ebf0;e1ecf1;e3eff6;e3eff6;dce8ef;e0ecf3;e0ecf3;e0ecf3;dfebf2;deeaf1;dfebf2;e1ebf2;e2ecf3;e0ecf3;e0ecf3;e0ecf3;e0ecf3;e0ecf3;e3edf4;e0eaf1;e5eff6;e0ecf3;e0ecf3;e1edf4;e4eef5;e4f0f7;e2eef5;e0ecf3;e2eff4;e0edf2;e1eef3;e2eff4;e0edf2;deebf0;ddeaef;e4f1f6;e1ecf1;dde9f0;e1edf4;e0ecf3;e1ebf2;e5eff6;e5eff6;e3edf4;e5eff6;e2eef5;e4f0f7;e2eef5;e5f1f8;e1edf4;e5f1f8;e4f0f7;e3eff6;e4f0f7;e1edf4;e4f0f7;e3eff6;e3eff6;e2eef5;e5f1f8;e4f0f7;deebf0;e5f2f7;e7f4f9;e9f4f9;e9f4f9;e8f3f8;eaf5fa;e9f4f9;ecf7fc;eaf5fa;ecf7fc;e8f3f8;ebf6fb;e6f2f9;e7f4f9;ecf7fc;edf8fd;ecf7fc;ebf6fb;edf8fd;eaf7fc;ebf8fd;eaf7fc;eaf7fc;ecf9fe;ebf8fd;ecf9fe;ebf8fd;eef9fe;f0fbff;edf8fd;effaff;ecf7fc;f0fbff;ecf7fc;ecf7fc;effaff;effaff;edf8fd;ecf7fc;eef9fe;effaff;ecf7fc;f0fbff;edf8fd;eef9fe;eef9fe;eef9fe;effaff;edf8fd;edf8fd;eef7fc;f0f9fe;eff8fd;eff8fd;edf6fb;ebf6fb;eef9fe;edf8fd;edf8fd;edf8fd;eff8fd;eef7fc;eff8fd;eef7fc;eef7fc;e8f1f6;e4edf2;e6eff4;e6f1f6;ecf5fa;e7f2f7;ecf7fc;e6f1f6;eaf5fa;eaf5fa;e9f4f9;e9f1f8;e4ecf3;e2ebf0;dee9ee;e3ecf1;e5eef3;e6eff4;e8f1f6;e4edf2;e6eff4;e2edf2;e5f0f5;e3edf4;e6eef5;e2eaf1;e4ecf3;e5edf4;e6eff4;e6f0f7;e5eff6;e6f0f7;e5eff6;e8f2f9;e9f3fa;e8f2f9;e8f2f9;e7f1f8;e5eff6;e6f0f7;eaf4fb;ebf6fb;e7f2f7;ebf5fc;ebf5fc;e7f1f8;ecf6fd;eaf4fb;eaf4fb;eaf4fb;e9f3fa;e8f2f9;e7f1f8;ebf5fc;ebf5fc;eaf5fa;e9f3fa;ebf5fc;e9f4f9;e9f4f9;e9f3fa;eaf4fb;e5eff6;e5eff6;e9f3fa;e8f2f9;e9f3fa;e8f2f9;e3eff6;e2eef5;e6f2f9;e3eff6;e6f0f7;e5eff6;e4f0f9;dfebf4;e2ecf5;dfebf4;e2ecf5;e0eaf3;e1ebf4;e1edf6;e2eef7;dfebf4;e4f0f9;e5f1fa;e6f2fb;e5f1f8;e1edf6;e4f0f7;e3f2f8;e5f1f8;e4f0f9;e6f2fb;e5f1fa;e3eff8;e4f0f9;e5f1f8;e3eff6;e6f2f9;e6f2f9;e4f0f7;e5f1f8;e4f0f7;e2eef5;e3eff8;e5f1fa;e3eff6;e3eff6;e6f2f9;e2eef5;e4f0f7;e6f2f9;e7f3fa;e2f1f7;e0eef7;e0eef7;e4f2fb;e2f0f9;e0eef7;e2eef7;e4f0f9;e4f0f9;e5f1f8;e5f1f8;e2f1f7;e0eff5;e2f1f7;e1eff8;e0eff5;e3f2f8;e0eff5;e3f2f8;e2f1f7;dfeff8;deeef7;dcedf3;dfeff8;e1eff8;e2f0f9;e0eef7;e0eef7;dfedf6;e3f1fa;e2f1f7;e2f0f9;e0f0f9;e2f0f9;e0f0f9;e4f4fd;e2f2fb;e0f0f9;e1f1fa;e1f1fa;e4f4fd;e3f3fc;e0f0f9;e2f2fb;e3f3fc;e1f1fb;deeef8;ddedf7;dae9f6;d7e6f3;d5e4f1;d1e2ee;d6e7f3;dcecfb;e0e9f6;978f96;776f76;676266;373737
dee9ee;e1ecf1;dde7ee;e1edf4;e1edf4;deeaf1;e1edf4;e0ecf3;deeaf1;e0eaf1;dae6ed;dce8ef;dbe7ee;dfebf2;dbe7ee;dbe7ee;dbe7ee;dce8ef;dce8ef;dfebf2;dce8ef;dde9f0;dbeaef;dbeaf0;dce8ef;dde9f0;dde9f0;deeaf1;dfebf2;e1edf4;e2eef5;e2eef5;e4f0f7;dde9f0;dce8ef;dfebf2;e0ecf3;dfebf2;e1edf4;e1edf4;deeaf1;dde9f0;dce8ef;deeaf1;dfebf2;dfebf2;dfebf2;deeaf1;dde9f0;dfebf2;e0ecf3;e3edf4;dde9f0;dfebf2;dfebf2;dfebf2;e1edf4;e0edf2;dfecf1;dfebf2;e1edf4;e1edf4;e0ecf3;e3eff6;e4f1f6;e3f0f5;e0ebf0;e0ebf0;e4eff4;e4eff4;e0ebf0;e1eef3;e4eff4;e2eef5;e1edf4;e2eef5;e3eff6;e2ecf3;e3edf4;e3edf4;e3edf4;e5eff6;e5f1f8;e4f0f7;e0ecf3;e2eef5;e1edf4;e3eff6;e1ebf2;e3eff6;e3eff6;e3eff6;e0ecf3;e0ecf3;e2ecf3;e4eef5;e2ecf3;e4eff4;e3edf4;e6f0f7;e8f3f8;e6f0f7;e6f0f7;e7f1f8;e7f1f8;ebf6fb;e7f3fa;e8f4fb;e5eff6;e8f2f9;e6f0f7;e8f2f9;ebf5fc;e9f3fa;e9f3fa;eaf5fa;eaf5fa;ebf6fb;e9f4f9;e9f6fb;e9f6fb;edfaff;ebf8fd;ecf9fe;ecf9fe;effaff;eef9fe;effaff;effaff;eaf5fa;edf8fd;eef9fe;edf8fd;ebf6fb;eef9fe;effaff;effaff;eef9fe;f0fbff;effaff;eef9fe;ecf7fc;ecf7fc;eef9fe;eef9fe;edf8fd;edf8fd;ecf7fc;f0fbff;f2fbff;eff8fd;eff8fd;ebf4f9;e6f1f6;e9f4f9;e9f4f9;ecf7fc;edf6fb;eff8fd;eef7fc;eff8fd;eaf5fa;ebf6fb;eaf5fa;e8f3f8;e5f0f5;e5f0f5;e6f1f6;e6f1f6;eaf4fb;e7f2f7;e8f3f8;eaf5fa;edf8fd;ecf7fc;eaf5fa;e5f0f5;e0ebf0;e1ebf2;e0e8ef;e2eaf1;e2eaf1;e3ebf2;e2ebf0;e3ecf1;e2ebf0;e4ecf3;dfe7ee;e1e9f0;e1e9f0;e6eef5;e5edf4;e8f2f9;eaf4fb;e5eff6;eaf4fb;e9f3fa;e7f1f8;ebf5fc;e6f2f9;e9f3fa;e8f2f9;e8f2f9;e7f1f8;e8f3f8;e8f3f8;e4f0f7;e7f3fa;e6f2f9;eaf4fb;eaf4fb;ebf5fc;eaf4fb;e8f2f9;e8f2f9;e7f1f8;ecf6fd;e8f2f9;e6f0f7;e9f3fa;ebf5fc;ebf6fb;eaf5fa;eaf4fb;e8f2f9;e7f1f8;e5eff6;e9f3fa;e7f1f8;eaf4fb;e5eff6;e6f0f7;e5f1f8;e2eef7;e3eff8;e3eff8;e1edf6;e1edf6;e2ecf5;e2ecf5;e4eef7;e2ecf5;e4eef7;e2ecf5;dfebf4;e0ecf5;e0ecf5;e3eff8;e1edf6;e1edf6;e3eff8;e3eff8;e3eff8;e5f1f8;e4f0f7;e4f0f7;e4f0f7;e6f2f9;e5f1f8;e4f0f7;e4f0f7;e7f3fa;e6f2f9;e5f1f8;e3eff6;e6f2f9;e4f0f7;e4f0f7;e5f1f8;e5f1f8;e4f0f7;e6f2f9;e4f0f7;e5f1f8;e5f1f8;e8f4fb;e8f4fb;e5f1f8;e5f3fc;e1eff8;dfedf6;e3f1fa;ddebf4;e3eff8;e5f1fa;e5f1f8;e5f1f8;e5f1f8;dfedf6;e0eef7;e2f1f7;e2f0f9;e2f1f7;e4f3f9;e1f0f6;e1f0f6;deedf3;e1f0f6;dceaf3;deecf5;deecf5;e0eef7;e0eef7;ddebf4;e1eff8;e2f0f9;e3f1fa;e4f2fb;e4f2fb;e1f1fa;e3f1fa;e0f0f9;e0f0f9;e1f1fa;e2f2fb;e3f3fc;e6f6ff;e5f5fe;e2f2fb;e2f2fb;e3f3fc;e3f3fc;e0f0fa;deeef8;dbeaf7;d6e5f2;d7e6f3;d4e3f2;d0e0ef;d4e5f1;dbeaf9;e8effc;8b8991;736d74;69636a;363638
dde8ed;dde7ee;e2ecf3;dde9f0;d8e4eb;dce8ef;dfebf2;dfebf2;deeaf1;dde9f0;dce8ef;dde9f0;dbe7ee;dde9f0;dae6ed;deeaf1;deeaf1;dbe7ee;dde9f0;d8e4eb;dbe7ee;dbe7ee;dce8ef;dde9f0;dce8ef;dde9f0;dde9f0;e0ecf3;e2eef5;e1edf4;e0ecf3;deeaf1;dde9f0;dce8ef;dbe7ee;deeaf1;e1edf4;deeaf1;e0ecf3;e0ecf3;dfebf2;e1edf4;dfebf2;deeaf1;dfebf2;e0ecf3;dfebf2;dfebf2;deeaf1;dce8ef;dde9f0;dfebf2;dfebf2;deeaf1;dce8ef;e0ecf3;dfebf2;e1eef3;e1eef3;e1edf4;deeaf1;e1edf4;e3edf4;e0eaf1;e3eef3;e3eef3;e0ebf0;e3eef3;e4eff4;e3eef3;dfeaef;e3eef3;e6f1f6;e2eef5;e3eff6;e5f1f8;e3eff6;e3edf4;e0eaf1;e4eef5;e3edf4;e3eff6;e1edf4;e1edf4;e2eef5;e5eff6;e5eff6;e6f0f7;e5eff6;e1edf4;deeaf1;e4f0f7;e2eef5;e2eef5;e4eef5;e2ecf3;e2ecf3;e6f0f7;e6f0f7;e4eef5;e4eef5;e6f0f7;e6f0f7;e6f0f7;e6f0f7;e5eff6;e5f1f8;e3eff6;e8f2f9;e8f3f8;e6f1f6;e7f1f8;e5eff6;e6f0f7;e8f2f9;eaf5fa;eaf5fa;e9f4f9;ebf6fb;ecf7fc;eaf7fc;eaf7fc;edf8fd;ecf7fc;ebf6fb;effaff;eef9fe;effaff;edf8fd;eef9fe;eef9fe;effaff;edf8fd;edf8fd;eef9fe;ecf7fc;eef9fe;eef9fe;effaff;eef9fe;ecf7fc;e9f4f9;e9f4f9;ecf7fc;edf8fd;eef9fe;ecf7fc;edf8fd;e9f4f9;ebf6fb;ecf5fa;eaf3f8;eaf5fa;eaf5fa;e5f0f5;e7f2f7;e9f2f7;e5eef3;e8f1f6;eef7fc;eef7fc;eaf5fa;e9f4f9;ecf7fc;ecf7fc;ebf6fb;e5f0f5;e2edf2;e4eff4;e6f0f7;e7f2f7;eaf5fa;eaf5fa;e9f4f9;e8f3f8;e9f4f9;e9f4f9;eaf5fa;e2eaf1;e1e9f0;dee6ed;e0e8ef;e3ebf2;e1e9f0;dfe8ed;e2ebf0;e5eef3;e7eff6;e8f0f7;e6eef5;e6eef5;e8f0f7;e5eff6;e8f2f9;e6f0f7;ebf5fc;edf7fe;e9f4f9;eaf4fb;e7f3fa;ecf6fd;e6f0f7;e7f1f8;e8f2f9;e9f4f9;e9f4f9;e8f4fb;e8f4fb;e6f2f9;e3eff6;e6f2f9;e6f0f7;e9f3fa;ebf5fc;e7f1f8;e5eff6;eaf4fb;e6f0f7;e9f3fa;eaf4fb;e7f1f8;e9f3fa;e9f4f9;e9f3fa;e7f1f8;e5eff6;e7f1f8;e8f2f9;e6f0f7;e9f3fa;e8f2f9;e9f3fa;e3eff6;e3eff8;e4f0f9;e5f1fa;e1edf6;e4f0f9;e1edf6;e3edf6;e2ecf5;e6f0f9;e5eff8;e1ebf4;e1ebf4;dee8f1;e1edf6;e4f0f9;e1edf6;deeaf3;e2eef7;e2eef7;e0ecf5;e2eef7;e4f0f9;e3eff8;e3eff8;e2eef7;e1edf4;e5f1fa;e7f3fa;e5f1f8;e7f3fa;e6f2f9;e7f3fa;e8f4fb;e3eff6;e3eff6;e6f2f9;e5f1f8;e4f0f7;e5f1f8;e3eff6;e5f1f8;e0ecf3;e3eff6;e6f2f9;e7f3fa;e2f0f9;e2f0f9;ddebf4;deecf5;e0eef7;e3f1fa;e4f0f9;e3eff6;e2eef5;e4f3f9;e3f1fa;e1eff8;dfedf6;e2f0f9;e0eef7;e3f2f8;deedf3;e2f1f7;e1f0f6;e2f0f9;e2f0f9;e1eff8;e3f1fa;e2f0f9;e3f1fa;e4f2fb;e2f0f9;e2f0f9;e4f2fb;e3f1fa;e1eff8;e0eef7;e1eff8;e0f0f9;e0f0f9;e1eff8;e7f5fe;e4f2fb;e6f4fd;e6f4fd;e2f2fb;e4f2fb;e4f2fb;e3f3fc;e2f2fc;ddedf7;d8e7f4;dae9f6;d7e6f3;d6e6f5;cfdfee;d0e1ed;dbe8f7;e8effc;817883;746c74;676168;363638
e0edf2;deeaf1;e0ecf3;e0ecf3;dfebf2;ddecf2;ddecf2;deeaf1;deeaf1;dde9f0;dbe7ee;dde9f0;d8e4eb;dbe7ee;dbe7ee;d9e5ec;dbe7ee;dce8ef;dde9f0;dce8ef;dce8ef;dde9f0;dde9f0;dfebf2;dfebf2;deeaf1;e0ecf3;e0ecf3;e2ecf3;e3edf4;dfe9f0;e3edf4;e0ecf3;e2eef5;dae6ef;dbe7ee;deeaf1;deeaf1;e1edf4;e0ecf3;dfebf2;deeaf1;e3eff6;e1ebf2;e2ecf3;e1ebf2;e3edf4;e2ecf3;dfe9f0;e0ecf3;e0ecf3;dfebf2;dde9f0;e0ecf3;dde9f0;e1edf4;e2eef5;e1edf4;e0ecf3;e3eff6;dfebf2;e2eef5;dfebf2;e0ecf3;e4eff4;e2edf2;e3eef3;e5f0f5;e2edf2;e3eef3;e5eff6;e2eef5;e1edf4;e2eef5;dce8ef;dfebf2;e5f1f8;e0ecf3;e6f0f7;e2ecf3;e2eef5;e2eef5;e1edf4;e2eff4;e4f0f7;e4eef5;e3edf4;e4eef5;e1edf4;e3eff6;e3eff6;e5f1f8;e6f0f7;e9f3fa;e4f0f7;e3edf4;e4eff4;e1ecf1;e4eef5;e4eef5;e4eef5;e2ecf3;e0eaf1;e4eef5;e5eff6;e5eff6;e0ecf3;e5f0f5;e8f3f8;e4eff4;e7f2f7;e8f3f8;e6f1f6;e8f2f9;e8f2f9;e8f3f8;e7f2f7;e6f3f8;e8f3f8;eaf5fa;eaf5fa;ecf7fc;edf8fd;edf8fd;eef9fe;eef9fe;ebf6fb;ebf6fb;ecf7fc;ebf6fb;edf8fd;edf8fd;eaf5fa;eef9fe;ebf6fb;ebf6fb;eaf5fa;ebf6fb;eaf5fa;eaf5fa;e8f3f8;ebf6fb;edf8fd;eef9fe;effaff;effaff;edf8fd;ecf7fc;eef9fe;eaf5fa;e5f0f5;e5f0f5;e8f3f8;e8f3f8;e6f1f6;e9f4f9;e6f1f6;e9f2f7;e7f0f5;eaf3f8;e9f4f9;eaf5fa;e9f4f9;ebf6fb;ecf7fc;ecf7fc;e9f4f9;e3eef3;e3eef3;e3eef3;e2edf2;e7f2f7;e4eff4;e8f3f8;e9f4f9;ebf6fb;ebf6fb;ebf6fb;eaf4fb;e6f0f7;dfe7ee;e2eaf1;e1e9f0;e5edf4;e5eef3;e6f1f6;e7f2f7;e8f3f8;ebf3fa;e8f3f8;e7f1f8;e4eef5;e5f0f5;e7f2f7;eaf5fa;e9f4f9;e5f2f7;ebf6fb;e8f3f8;e9f3fa;ebf5fc;ecf6fd;ecf6fd;ebf5fc;e9f4f9;eaf4fb;ebf5fc;eaf4fb;e9f4f9;e6f2f9;e8f2f9;e9f3fa;e8f2f9;e7f1f8;e9f3fa;ebf5fc;e7f3fa;e9f5fc;e7f3fa;e5f1f8;e5f1f8;e5f1f8;e8f2f9;e8f2f9;e5eff6;e6f0f7;e7f1f8;e7f1f8;e4eef5;e7f1f8;e9f3fa;e7f1f8;e2eef5;e4f0f7;e0ecf3;e3eff8;e6f2fb;e6f2fb;e4f0f9;e7f1f8;e5f1f8;e4f0f9;e5f1f8;e4f0f7;e3eff6;e1edf4;deeaf3;dce8f1;e2eef7;e2eef7;e0ecf5;e5f1f8;e4f0f7;e4f0f7;e1edf6;e2eef7;e3eff8;e3eff8;e3f2f8;e4f3f9;e4f0f7;e4f0f7;e3eff6;e2eef5;e3eff6;e6f2f9;e4f0f7;e2eef5;e6f2f9;e4f0f7;e3eff6;e2eef5;e2eef5;e5f1f8;e3eff6;e4f0f7;e3eff6;e5f1f8;e0eff5;dfedf6;e0eef7;e3f1fa;e0eef7;e2f1f7;e0eff5;e1f0f6;e1f0f6;dfedf6;e1eff8;dfedf6;e0eef7;ddebf4;e0eef7;e1f0f6;e1f0f6;e4f0f7;e2f1f7;deecf5;e1eff8;e2f0f9;dfedf6;e1eff8;e0eef7;deecf5;dfebf4;e1edf6;e3f1fa;e2f0f9;e3f1fa;e5f5fe;dfeff8;e1f1fa;e4f4fd;e2f2fb;e3f1fa;e3f1fa;e6f5fb;e4f3f9;e3f2f8;e3f1fa;e5f3fc;e3f3fc;e3f3fc;deeef8;dbebf5;d9e8f5;dae9f6;d7e6f3;cfe0ec;d2e3ef;dae9f8;e0e9f6;818189;726c73;645e65;3c3a3a
e0edf2;dfebf2;dde9f0;dfebf2;e1edf4;dce8ef;dce8ef;deeaf1;dde9f0;dce8ef;dce6ed;d9e5ec;dee8ef;e0ebf0;dee8ef;dbe5ec;dbe5ec;dee8ef;dce6ed;e0eaf1;dfe9f0;e2edf2;dce9ee;dde9f0;dbe7ee;deeaf1;e0ecf3;e0ecf3;e0eaf1;dfe9f0;dfe9f0;e0eaf1;e0eaf1;e1ebf2;e1edf6;e0ecf3;e2eef5;deeaf1;dce8ef;dde9f0;e0ecf3;dce8ef;dde9f0;e4eef5;e4eef5;e0eaf1;e1ebf2;e2ecf3;e0eaf1;e0eaf1;e0ecf3;e2eef5;deeaf1;dbe7ee;dde9f0;dde9f0;dfebf2;dfebf2;dfebf2;e0ecf3;e0ecf3;e2eef5;e4f0f7;e1edf4;e0ecf3;e1edf4;e3f0f5;e5f0f5;e5f0f5;e2edf2;e5eff6;e3edf4;e2ecf3;e2ecf3;e0eaf1;eaf6fd;e6f2f9;e8f2f9;e5eff6;e1edf4;e2eef5;e1edf4;e1edf4;e1edf4;e6f0f7;e2ecf3;e3edf4;e4f0f7;e7f3fa;e6f2f9;e2eef5;e3eff6;e4f0f7;e0ecf3;e2eef5;e5f1f8;e1eef3;e3f0f5;e5f0f5;e3edf4;dfe9f0;e3edf4;e1ebf2;e3edf4;e4eef5;e1ecf1;e3eef3;dfeaef;e0ebf0;e2edf2;e7f2f7;e7f2f7;e7f2f7;e8f3f8;eaf5fa;e6f3f8;e9f6fb;eaf7fc;e9f6fb;edf8fd;ecf7fc;ecf7fc;ecf7fc;eef9fe;eef9fe;edf8fd;ecf7fc;e8f3f8;eaf5fa;e4f1f6;e5f0f5;e5f0f5;e9f4f9;e7f2f7;e9f4f9;eaf5fa;e6f1f6;e6f1f6;e3eef3;e5eff6;edf8fd;eef9fe;effaff;edf8fd;ebf6fb;ecf7fc;ecf7fc;edf8fd;eef9fe;ecf7fc;e7f2f7;e5f0f5;eaf5fa;e7f2f7;e7f2f7;e8f3f8;e6f1f6;e4eff4;e4eff4;e6f1f6;e8f3f8;eaf5fa;eaf5fa;eaf5fa;eaf5fa;e9f4f9;ecf7fc;eaf5fa;ecf7fc;e6f1f6;e1ecf1;e4eff4;e4eff4;e7f2f7;e7f2f7;eaf5fa;ecf7fc;e9f4f9;ebf6fb;edf8fd;edf6fb;e6eff4;e8f1f6;e7f0f5;e6eff4;eaf5fa;e9f4f9;e6f1f6;e6f1f6;eaf5fa;eaf5fa;eaf5fa;eaf5fa;ebf6fb;ebf6fb;e9f4f9;e7f4f9;eaf6fd;e8f5fa;ecf7fc;ecf7fc;eaf5fa;e9f4f9;e8f2f9;e5f0f5;e8f3f8;ebf6fb;e9f4f9;e8f3f8;e5f1f8;e5f1f8;eaf4fb;e9f3fa;ebf5fc;eaf4fb;e8f2f9;e7f3fa;e6f2f9;e9f5fc;e7f3fa;e4f0f7;e6f2f9;eaf4fb;e7f1f8;e8f2f9;e8f2f9;e7f1f8;e6f0f7;e5eff6;e9f3fa;e7f1f8;e8f2f9;e5f1f8;e5f1f8;e4f0f7;e7f3fa;e5f1f8;e8f4fb;e8f4fb;e7f3fa;e4f0f7;e6f2f9;e9f5fc;e6f2f9;e7f3fa;e5f1f8;e1edf6;e0ecf5;dfebf4;e0ecf5;e1edf4;e4f0f7;e3eff6;e5f1f8;e3eff8;e2eef5;e3eff8;e7f3fc;e2f1f7;e4f3f9;e5f4fa;e5f1f8;e5f1f8;e5f1f8;e8f4fb;e5f1f8;e5f1f8;e6f2f9;e5f1f8;e3eff6;e2eef5;e2eef5;e1edf4;e6f2f9;e4f0f7;e3eff6;e3eff6;e3eff6;e4f0f7;e4f2fb;e3f1fa;e1eff8;e2f0f9;e0eff5;dfeef4;e2f1f7;e4f3f9;e2f0f9;deecf5;e3f1fa;deecf5;dfedf6;e0eef7;deecf5;ddebf4;deecf5;deecf5;e1eff8;dfedf6;dfedf6;dfedf6;dfedf6;e1eff8;e4f2fb;e1eff8;e2f0f9;e3f1fa;e2f0f9;e5f3fc;e2f0f9;e2f1f7;e3f1fa;e1f1fa;e0f0f9;e3f1fa;e8f7fd;e6f5fb;e8f7fd;e8f7fd;e5f4fa;e3f1fa;e3f1fa;e2f2fb;e1f1fb;d8e8f2;d6e6f0;d4e3f0;d7e6f3;cfe0ec;cddeea;dce9f8;e2e9f6;83838b;736d74;6a6569;413f3d
dcebf1;dbeaf0;dbeaf0;dcebf1;dde9f0;deeaf1;dfebf2;dfebf2;dde9f0;dae6ed;dce8ef;dce8ef;ddeaef;dee9ee;dee8ef;dce6ed;dee8ef;dce6ed;dbe5ec;dee8ef;dbe8ed;dfecf1;dfecf1;ddeaef;e0ecf3;deeaf1;deeaf1;dde9f0;dfe9f0;dde7ee;dce6ed;e0eaf1;e1ebf2;e0eaf1;e3edf4;dee8ef;dee8ef;e1ebf2;dee8ef;e1ebf2;dde9f0;dfebf2;e0ecf3;e0eaf1;dfe9f0;dfe9f0;e0eaf1;e2ecf3;e1edf4;e3edf4;e3edf4;e0ecf3;dce8ef;deeaf1;deeaf1;dbe7ee;dfebf2;e2ecf3;e5eff6;e2ecf3;e3edf4;e2ecf3;e0ecf3;e0ecf3;e0ecf3;e1edf4;e3eff6;e2eef5;e4f0f7;e5eff6;e4eef5;e2ecf3;e3edf4;dfebf2;e1edf4;e1edf4;e5f1f8;e3eff6;e4eef5;e3eff6;e5f1f8;e7f3fa;e4f0f7;e0ecf3;e4f0f7;e3eff6;e4f0f7;e0ecf3;e1edf4;e3eff6;e2eef5;e3eff6;e2eef5;e5f1f8;e3eff6;e4f0f7;e2eef5;e2eff4;e5f2f7;e8f3f8;e8f3f8;e8f3f8;e9f4f9;e6f1f6;e6f1f6;ebf6fb;e9f4f9;eaf5fa;ebf6fb;eef9fe;f0fbff;ecf7fc;edf8fd;effaff;effaff;e7f4f9;e8f5fa;ebf8fd;edfaff;ebf8fd;eaf5fa;eaf5fa;ecf7fc;eaf5fa;ecf7fc;ecf7fc;e7f2f7;e9f3fa;e8f2f9;e3edf4;e4eef5;e6f0f7;e4eef5;e5eff6;e4eff4;e6f1f6;e6f1f6;e3eef3;e4eff4;e6f1f6;e7f2f7;e8f3f8;eaf5fa;ecf7fc;ecf7fc;edf8fd;ecf7fc;ecf7fc;edf8fd;edf8fd;e9f4f9;ebf6fb;e7f2f7;e6f1f6;e6f1f6;e5f0f5;e8f3f8;e9f4f9;e6f1f6;e5f0f5;e4eff4;e5f0f5;e9f4f9;e8f3f8;ebf6fb;ebf5fc;e8f2f9;e9f3fa;eaf4fb;ebf6fb;e8f3f8;e5f0f5;e4eff4;e6eff4;e9f4f9;e9f4f9;ebf5fc;ebf5fc;e9f4f9;eaf5fa;ecf7fc;e9f4f9;e8f3f8;e9f4f9;e6f1f6;e8f3f8;e7f2f7;e5f0f5;e6f1f6;e5f0f5;eaf5fa;e6f0f7;e6f1f6;e9f3fa;e6f0f7;e8f3f8;e9f4f9;ecf7fc;eaf5fa;edf8fd;ecf7fc;ebf6fb;e9f4f9;e7f2f7;e9f4f9;e9f3fa;ebf5fc;e9f4f9;e9f3fa;e9f5fc;e8f4fb;e8f4fb;e9f5fc;eaf4fb;eaf4fb;e9f3fa;e6f2f9;e5f1f8;e5f1f8;e6f2f9;e8f5fa;eaf7fc;e8f5fa;e7f1f8;e7f1f8;e7f1f8;e6f0f7;e5eff6;e7f1f8;e7f4f9;e7f4f9;eaf5fa;e9f4f9;e7f2f7;e9f3fa;e7f1f8;e9f3fa;e6f0f7;e8f4fb;e9f5fc;e9f5fc;ebf7fe;e8f4fb;e7f3fa;eaf6fd;e7f3fa;e7f3fa;e1edf6;e2eef5;dae6ed;deeaf1;e3eff6;e2eef5;e4f0f7;e5f1f8;e2eef5;e4f0f7;e6f2fb;e4f3f9;e3f2f8;e1f0f6;e1f0f6;e3eff6;e4f0f7;e5f1f8;e4f0f7;e7f3fa;e5f1f8;e5f1f8;e0ecf3;e4f0f7;e4f0f7;e6f2f9;e5f1f8;e4f0f7;e3eff6;e2eef5;e5f1f8;e4f0f7;e3eff6;dfebf2;e4f0f9;e6f2fb;e4f0f7;e3eff6;e0ecf3;e6f2f9;e6f2f9;e2eef5;e6f2fb;e4f2fb;e2f0f9;e1eff8;dfedf6;e2f0f9;e2f0f9;dfedf6;e3f1fa;e2f0f9;e1eff8;e2f0f9;e4f2fb;e3f1fa;e3f1fa;e2f0f9;e2f0f9;dfedf6;e1eff8;e3f1fa;e5f4fa;e5f4fa;e2f1f7;e1eff8;e3f1fa;e3f2f8;e6f5fb;e7f6fc;e9f8fe;e8f7fd;e9f8fe;e3f2f8;e1f1fa;e4f4fd;e0f0fa;daeaf4;d7e6f3;d7e6f3;d3e2ef;d0dfec;cbdae7;dde8f5;d9e0eb;90888f;787077;6d686c;44433f
dae9ef;deedf3;dcebf1;dbe9f2;e0ecf5;dfebf4;e0ecf3;deeaf1;dbe7ee;dae6ed;dbe7ee;dde9f0;dce8ef;dde9f0;dbe7ee;dbe7ee;deeaf1;dbe5ec;dfe9f0;dfe9f0;dce9ee;dce9ee;ddeaef;dfebf2;dfebf2;dfebf2;dbe7ee;dce8ef;deeaf1;dee8ef;e1ebf2;e2ecf3;e0eaf1;dee8ef;e1ebf2;e1ebf2;e3edf4;e1ebf2;e1ebf2;dee8ef;e1ebf2;deeaf1;e1edf4;dfebf2;e1edf4;deeaf1;e1edf4;e4eef5;e4eef5;e1ebf2;e0eaf1;e2ecf3;e3edf4;dfebf2;e1edf4;dbe7ee;dfebf2;dfebf2;e0ecf3;e4f0f7;e6f0f7;e1edf4;e2eef5;e2eef5;e2eef5;e3eff6;e2eef5;e1edf4;e2eef5;e1ebf2;e3edf4;e3edf4;e5eff6;e4eef5;e5eff6;e2edf2;e3eef3;e2ecf3;e6f1f6;e1ecf1;e4f0f7;e2eef5;e4f0f7;e4f0f7;e2eef5;e5f1f8;e5f1f8;e0ecf3;e3eff6;e6f2f9;e7f3fa;e2eef5;e5eff6;e4f0f7;e3eff6;e5f1f8;e4f1f6;e4f1f6;e6f3f8;e9f4f9;ecf7fc;eaf5fa;e5f0f5;e9f4f9;eaf5fa;effaff;effaff;f1fcff;f0fbff;f0fbff;eef9fe;f0fbff;eef9fe;eaf5fa;ebf8fd;eaf7fc;ebf8fd;e6f3f8;ebf8fd;eaf7fc;ebf8fd;eaf7fc;ecf7fc;eaf4fb;ebf5fc;ecf6fd;e8f2f9;e7f1f8;e4eef5;e3edf4;e2ecf3;e2ecf3;e4eef5;e2ecf3;dfe9f0;e2ecf3;dfe9f0;dfe9f0;e6f1f6;e8f3f8;e6f1f6;e2edf2;e2ebf0;e5eef3;e9f2f7;eaf3f8;edf6fb;edf6fb;e8f3f8;eaf5fa;eef9fe;edf8fd;edf8fd;e9f4f9;e6f1f6;e5f1f8;e6f0f7;eaf4fb;e7f1f8;eaf4fb;e4eef5;e4eff4;e6f1f6;e7f2f7;eaf4fb;eaf4fb;e7f1f8;eaf4fb;ebf5fc;eaf5fa;e6f1f6;e9f4f9;e8f3f8;e5f0f5;e8f3f8;e8f2f9;e9f3fa;e9f3fa;eaf4fb;e8f3f8;ebf6fb;ebf6fb;ecf7fc;e7f1f8;e3edf4;e4eef5;e7f1f8;e6f0f7;e7f2f7;e3edf4;e8f2f9;e6f0f7;e6f0f7;e5eff6;e6f0f7;e2ecf3;e6f1f6;eaf5fa;eaf5fa;e7f2f7;eaf5fa;ecf7fc;ecf7fc;ebf6fb;e9f4f9;eaf5fa;eaf5fa;eaf5fa;e9f4f9;e9f4f9;e9f3fa;eaf4fb;e7f1f8;ecf6fd;ebf5fc;e8f2f9;e9f3fa;e9f3fa;e8f4fb;e6f1f6;e9f3fa;e8f2f9;e7f1f8;e8f3f8;e6f1f6;e9f4f9;eaf5fa;eaf5fa;e8f5fa;e8f5fa;eaf7fc;ecf7fc;ecf7fc;eaf5fa;ecf7fc;ebf6fb;e7f2f7;e9f6fb;eaf7fc;eaf7fc;eaf6fd;e8f4fb;e6f2f9;e8f4fb;e8f4fb;e8f4fb;e7f3fa;e9f5fc;e7f3fa;e6f2f9;e1edf4;e0ecf3;e1edf4;e4eef5;e8f2f9;e4f0f7;e3eff6;e4f0f7;e3eff6;e5f1f8;e3eff6;e3eff6;e5f1f8;e5f1f8;e7f3fa;e4f0f7;e1edf4;e4f0f7;e6f2f9;dde9f0;deeaf3;e6f2fb;e6f2fb;e4f0f9;e2f0f9;e0eef7;e3eff6;e4f0f7;e2eef5;e4f0f7;e2eef5;e3eff6;e6f2f9;e6f2f9;e4f0f7;e5f1f8;e4f0f7;e4f0f7;e4f0f7;e3eff8;e3f1fa;e2f0f9;dfedf6;e1eff8;dfedf6;e1eff8;e2f0f9;e0eef7;e1eff8;dfedf6;dfeef4;e2eef5;e1f0f6;e3f2f8;e1eff8;e1eff8;e2f0f9;e4f2fb;e4f2fb;e6f4fd;e3f1fa;e1f0f6;e4f3f9;e3f1fa;e5f3fc;e7f5fe;e6f4fd;e4f2fb;e2f2fb;e0f0f9;e3f3fc;e3f3fc;e4f4fd;ddedf7;d8e8f2;d8e7f4;d6e5f2;d2e1ee;d2e1ee;ceddea;d8e3f0;dbe0eb;7a7a82;726e75;696468;52504e
dbeaf0;dcebf1;d8e6ef;dce8f1;dbe7ee;d6e2e9;d7e3ea;d8e4eb;dae6ed;deeaf1;d9e5ec;dbe7ee;dbe7ee;dce8ef;dde9f0;dbe7ee;dbe7ee;dce8ef;dce6ed;e1ebf2;e3eef3;e0edf2;dfebf2;dfebf2;dbeaf0;dcebf1;dcebf1;e1edf4;dce8ef;e4eef5;dee8ef;dee8ef;e0eaf1;e2ecf3;e0eaf1;e0eaf1;e1ebf2;e2ecf3;e2ecf3;e0eaf1;dce6ed;dfebf2;deeaf1;dce8ef;dfebf2;dce8ef;deeaf1;e1ebf2;e0eaf1;dfe9f0;dfe9f0;e2ecf3;e0ecf3;dbe7ee;dfebf2;dde9f0;deeaf1;deeaf1;deeaf1;dfe9f0;e2ecf3;e2eef5;e0ecf3;e2eef5;e2eef5;e1edf4;e3eff6;e0ecf3;dde9f0;e0eaf1;e1ebf2;dce8ef;e2edf2;dfebf2;e0edf2;e3eef3;e0eaf1;e1ebf2;e3edf4;e1ebf2;e0ecf3;e1edf4;dde9f0;deeaf1;dfebf2;dfebf2;e0ecf3;dfebf2;e3eff6;e3eff6;e3eff6;e5eff6;e2ecf3;e2ecf3;e5eff6;e6f0f7;e4eef5;e2eff4;eaf5fa;eaf5fa;e9f4f9;ebf6fb;edf8fd;edf8fd;eef9fe;edfaff;f0fbff;eefbff;f0fbff;f0fbff;edf8fd;effaff;eef9fe;eaf5fa;ebf8fd;eaf7fc;ecf9fe;e8f7fc;e7f4f9;eaf7fc;ebf8fd;e7f4f9;eaf5fa;e5eff6;eaf4fb;e4eef5;e6f0f7;e8f2f9;e6f0f7;e4eef5;dfe9f0;e4eef5;e3edf4;e5eff6;e5f0f5;dfe9f0;e1eaef;e0ebf0;e9f4f9;e9f4f9;e7f2f7;e6f1f6;e1eaef;dfe8ed;e3ecf1;e2ebf0;e6eff4;e8f3f8;e8f3f8;e8f3f8;ebf6fb;ebf6fb;edf8fd;e7f4f9;e8f5fa;e3f0f5;e7f1f8;e7f1f8;e5eff6;e8f2f9;e6f0f7;e7f1f8;e4eef5;e5eff6;e8f2f9;e8f2f9;e9f3fa;eaf4fb;ebf6fb;e8f3f8;ecf7fc;ebf6fb;ebf6fb;ebf6fb;e5eff6;e7f1f8;e7f1f8;e8f2f9;e6f0f7;edf7fe;e7f1f8;edf7fe;eaf4fb;ebf5fc;e6f0f7;e6f0f7;e6f0f7;e8f2f9;e4eef5;e6f0f7;e1ebf2;e4eef5;e4eef5;e6f0f7;e4eef5;e6f0f7;e7f2f7;e9f4f9;eaf5fa;e9f4f9;ecf7fc;ecf7fc;ecf7fc;ebf6fb;eaf5fa;eaf5fa;ecf7fc;eaf5fa;e9f3fa;ecf6fd;e9f3fa;e9f3fa;e9f3fa;e9f3fa;e7f1f8;e8f2f9;e7f3fa;e6f2f9;e8f4fb;e9f6fb;e8f2f9;eaf4fb;e6f0f7;e6f1f6;ecf7fc;eef9fe;ecf7fc;edf8fd;e9f4f9;eaf7fc;edfaff;ebf8fd;ecf7fc;ecf7fc;eaf5fa;e9f4f9;e9f6fb;e9f6fb;e7f4f9;e9f5fc;e8f4fb;e7f3fa;e6f2f9;e7f3fa;e8f4fb;e5f1f8;e4f0f7;e6f2f9;e8f4fb;e8f4fb;e4eef5;dce6ed;dde7ee;e2ecf3;e6f0f7;e5f1f8;e5f1f8;e7f3fa;e5f1f8;e5f1f8;e4f0f7;e4f0f7;e4f0f7;e5f1f8;e5f1f8;e6f2f9;e6f2f9;e3eff6;e4f0f7;e7f3fa;e5f1f8;e5f1fa;e6f2fb;e4f0f9;e2f0f9;e1eff8;e3eff8;e5f1f8;e4f0f7;e2eef5;e4f0f7;e3eff6;e1edf4;e0ecf3;e4f0f7;e5f1f8;e5f1fa;e4f0f7;e4f0f7;e4f0f7;e2eef7;deecf5;dfedf6;e1eff8;e2f0f9;e3f1fa;e2f0f9;e0eef7;e0eef7;e4f2fb;e2f1f7;e1f0f6;e1f0f6;dfeef4;dfedf6;e0eef7;e2f0f9;e2f0f9;e2f0f9;e4f2fb;e5f3fc;e5f5fe;e6f5fb;e6f4fd;e5f3fc;e3f1fa;e1eff8;e4f2fb;e4f4fd;e2f2fb;e4f4fd;e4f4fd;e2f2fc;deeef8;d7e7f1;d8e7f4;d7e6f3;d5e4f1;d5e4f1;d0e0ea;d6e1ee;e0e5f0;808088;726e75;6d686c;585654
d8e7ed;dcebf1;dae9ef;dce8ef;dbe7ee;d6e2e9;dce6ed;e2ecf3;dee8ef;dee8ef;dae6ed;d6e2e9;dae6ed;d9e5ec;d8e4eb;d8e4ed;dae6ef;dde9f0;dae6ed;dce8ef;ddeaef;deebf0;dce8ef;dce8ef;dbeaf0;d9e8ee;ddecf2;dae6ed;dbe7ee;dde7ee;dee8ef;d8e2e9;dde7ee;e0eaf1;dee8ef;dfe9f0;dbe5ec;e2ecf3;e2ecf3;dfe9f0;e0eaf1;dfebf2;deeaf1;e0ecf3;deeaf1;deeaf1;deeaf1;e1ebf2;e1ebf2;dde7ee;e4eef5;e1ebf2;e1ebf2;dbe7ee;deeaf1;e1edf4;e3eff6;e2eef5;dfebf2;e3eff6;e2eef5;e0ecf3;dfebf2;deeaf1;deeaf1;e1edf6;e2ecf3;e0ecf3;e0ecf3;e5eff6;e5eff6;e5f0f5;e2edf2;e5f0f5;e5f0f5;e6f1f6;e3edf4;e2ecf3;e2ecf3;e4eef5;e4f0f7;e1ecf1;dfeaef;e2edf2;e5f0f5;e3eef3;e1eef3;e3f0f5;e3eff6;e3eff6;e6f1f6;e1ecf1;e4eff4;e5f0f5;e3eef3;e3eef3;e7f2f7;e4eff4;e7f2f7;e8f3f8;ebf6fb;eaf5fa;ebf6fb;eef9fe;ecf7fc;eefbff;ecf9fe;ecf9fe;eaf7fc;eaf7fc;ebf8fd;eaf7fc;eaf7fc;edfaff;eaf7fc;eaf7fc;e9f6fb;ebf8fd;e8f5fa;e9f6fb;eaf7fc;e8f5fa;e7f4f9;e8f5fa;e7f4f9;e3eff6;e3eff6;e5f1f8;e4eef5;dfe9f0;e1ebf2;e3eef3;e6f1f6;e6f1f6;e2edf2;e6eff4;e6eff4;e5f0f5;e8f3f8;e9f4f9;e6f1f6;e5f0f5;e8f3f8;e7f0f5;e2ebf0;e1eaef;dee9ee;e1ecf1;e5f0f5;e8f3f8;e7f2f7;e6f1f6;e8f3f8;e9f6fb;e8f5fa;e6f3f8;e5f0f5;e7f2f7;e8f3f8;e9f3fa;e8f2f9;e5eff6;e6f0f7;e6f0f7;e7f1f8;e8f2f9;e6f0f7;e9f4f9;ebf6fb;edf8fd;ebf6fb;eaf5fa;ecf6fd;ecf6fd;e6f0f7;e7f1f8;e2ecf3;e5eff6;eaf4fb;e6f2f9;e6f2f9;e8f2f9;e9f3fa;e5f1f8;e6f2f9;e6f2f9;eaf4fb;e9f3fa;e6f0f7;e3edf4;e2ecf3;e6f0f7;e5eff6;e5eff6;e8f2f9;e8f2f9;e7f1f8;e6f1f6;e7f2f7;eaf5fa;e9f4f9;eaf4fb;ebf6fb;e7f2f7;e7f1f8;eaf5fa;e9f4f9;e9f3fa;e8f2f9;e6f0f7;e9f3fa;eaf5fa;e8f3f8;eaf5fa;eaf4fb;e6f2f9;e9f5fc;e7f3fa;e6f2f9;e7f3fa;e8f4fb;e9f3fa;eaf4fb;e9f3fa;eaf4fb;ebf8fd;ecf9fe;ecf9fe;e9f6fb;eaf7fc;ebf8fd;e9f4f9;e8f3f8;ecf6fd;e9f5fc;e9f5fc;e7f3fa;e6f2f9;e6f2f9;e6f2f9;e5f1f8;e6f2f9;e6f2f9;e4f0f7;e7f3fa;e6f2f9;e5f1f8;e8f4fb;e7f3fa;e5f2f7;e7f2f7;e5f0f5;e0eaf1;e4eef5;e6f0f7;e6f2f9;e6f2f9;e5f1f8;e7f3fa;e6f2f9;e3eff6;e5f1fa;e6f2f9;e7f1f8;e9f3fa;ebf5fc;e5eff6;e3eff6;e5f1f8;e6f2f9;e8f4fb;e3f2f8;e3f2f8;e3f2f8;dfeef4;e3f2f8;e3f2f8;e5f1f8;e5f1f8;e4f0f7;e2eef5;e4f0f7;e2f1f7;e2f1f7;e1eff8;e2f0f9;e5f1fa;e6f2f9;e0ecf5;e4f0f9;e3eff8;e1eff8;e1eff8;e2f1f7;e4f3f9;e0eff5;dfedf6;dae8f1;d7e5ee;e1eff8;e2f0f9;dfeef4;e3f1fa;e4f3f9;e1eff8;e3f1fa;e2f0f9;e4f2fb;e3f1fa;e5f3fc;e5f3fc;e3f1fa;e3f1fa;e6f4fd;e5f3fc;e4f2fb;e6f4fd;e4f4fd;e3f3fc;e2f2fb;e7f5fe;e6f4fd;dfeff9;ddedf7;dae9f6;d9e8f5;d9e8f5;d5e4f1;d3e2ef;d1e1eb;d9e4f1;dde4ef;7c7c84;726e75;716a6d;5b5755
dae8f1;dae8f1;dce8ef;dde9f0;dde9f0;dde9f0;e2ecf3;e2ecf3;e0eaf1;dfe9f0;d9e3ea;dae4eb;dae6ed;deeaf1;dfebf2;dde9f0;dce8ef;dce8ef;dde9f0;deeaf1;dee9ee;dfeaef;dfebf2;dfebf2;ddecf2;dbeaf0;deeaf1;dbe7ee;e3eff6;e0eaf3;dde7f0;dfe9f0;e0eaf1;dfe9f0;e2ecf3;e1ebf2;e4eef5;e2ecf3;e1ebf2;e0eaf1;e4eef5;e1ebf2;dce8ef;e1edf4;e0ecf3;e0ecf3;e0edf2;e0edf2;e5eff6;e2ecf3;e0eaf1;dee8ef;e0ecf3;dde9f0;deeaf1;dfebf2;dfebf2;deeaf1;e3edf4;e2eef5;e3eff6;e1edf4;e0ecf3;e2eef5;e0ecf3;e1edf6;e2eef5;e3eff6;e4f0f7;e5eff6;e3eef3;e8f3f8;e9f4f9;e4eff4;e5f0f5;e6f1f6;e2eef5;e2eef5;e7f1f8;e5eff6;e5f1f8;e9f4f9;e1ecf1;e4eff4;e5f0f5;e8f3f8;e0edf2;e1eef3;dfebf2;e3eff6;e1ecf1;e2edf2;e4eff4;e4eff4;e1eef3;e5f0f5;e7f2f7;e2edf2;e7f2f7;e5f0f5;e5f0f5;e9f4f9;edf8fd;eef9fe;eef9fe;ecf7fc;ecf9fe;ecf9fe;e7f4f9;e6f3f8;e9f4f9;ebf8fd;ebf8fd;e8f5fa;eaf7fc;e8f5fa;e6f3f8;e4f1f6;e5f2f7;e8f5fa;eaf7fc;e6f3f8;e7f4f9;e3f0f5;e6f3f8;e4f0f7;e4f0f7;e4f0f7;e6f0f7;e6f0f7;e5f0f5;e7f2f7;e4eff4;e4eff4;e3eef3;e8f1f6;e9f4f9;e8f3f8;eaf5fa;eaf5fa;e9f4f9;e9f4f9;ecf7fc;e9f4f9;e9f4f9;e4eff4;e1ecf1;e1ecf1;e3eef3;e6f1f6;e4eff4;e8f3f8;e9f4f9;e5f2f7;eaf7fc;e9f4f9;e6f1f6;e8f3f8;e7f2f7;e7f2f7;e9f3fa;e6f0f7;e6f0f7;e7f1f8;e6f0f7;e6f0f7;e6f0f7;e7f2f7;e9f4f9;ecf7fc;ebf6fb;e9f4f9;e9f3fa;eaf4fb;e9f3fa;ebf5fc;e4eef5;e3edf4;e5eff6;e4f0f7;e6f2f9;e5f1f8;e7f3fa;eaf6fd;ebf7fe;e5eff6;e7f1f8;e8f2f9;eaf4fb;e7f1f8;e9f3fa;eaf4fb;e7f1f8;ebf5fc;e7f3fa;e9f3fa;e9f3fa;ecf7fc;e8f3f8;e8f3f8;e8f2f9;e8f2f9;eaf4fb;e8f2f9;eaf4fb;eaf4fb;e8f2f9;e9f3fa;e7f1f8;ebf5fc;eaf4fb;e9f4f9;e7f2f7;e9f3fa;e9f3fa;e2eef5;e5f1f8;e8f4fb;e7f3fa;e9f5fc;eaf6fd;ebf5fc;e8f2f9;e9f3fa;eaf4fb;e8f4fb;e8f4fb;ebf8fd;e9f6fb;ecf9fe;edf8fd;ecf7fc;eaf4fb;eaf4fb;ebf5fc;e9f5fc;e7f3fa;e5f1f8;e6f2f9;e5f1f8;e4f0f7;e6f2f9;e9f5fc;e6f2f9;e7f3fa;e5f1f8;e3eff6;e7f3fa;e9f5fc;e9f6fb;eaf5fa;eaf5fa;e8f3f8;e2ecf3;e0ecf3;e4f0f7;e5f1f8;e4f0f7;e5f1f8;e4f0f7;e4f0f7;e3eff6;e5f1f8;e6f0f7;e5eff6;e7f1f8;e8f2f9;e5f1f8;e6f2f9;e3eff6;e4f0f7;e3f2f8;e2f1f7;e3f2f8;e1f0f6;e3f2f8;e4f3f9;e4f3f9;e1edf4;e4f0f7;e4f0f7;e3eff6;dfeef4;e0eef7;e1f0f6;e2f1f7;e6f2fb;e7f3fc;e4f0f9;e8f4fd;e2eef7;e2f0f9;e3eff8;e5f1f8;e5f1f8;e3eff6;e3eff6;deecf5;dfedf6;deecf5;e1eff8;e0eef7;e0eff5;e4f3f9;e2f1f7;e2f1f7;e1eff8;e4f2fb;e5f3fc;e5f3fc;e6f4fd;e4f2fb;e2f0f9;e5f3fc;e5f5fe;e4f4fd;e4f4fd;e4f4fd;e4f4fd;e5f5fe;e5f5fe;e5f3fc;e2f2fc;dfeff9;d7e7f1;dae9f6;dae9f6;d5e4f1;d3e2ef;d0dfec;d8e3f0;e0e5f0;818288;746e75;746d70;605a58
d9e5ee;dae6ef;deeaf1;dde9f0;dce8ef;dce8ef;dde9f0;dce8ef;dee8ef;dfe9f0;d6e2e9;d8e4eb;dfe9f0;dbe7ee;dce8ef;dce8ef;dae6ed;dbe7ee;dce8ef;dce8ef;dfe9f0;dfe9f0;dfebf2;dde9f0;dfebf2;e0ecf3;dfebf2;deeaf3;deeaf1;dfebf2;deeaf3;dce8ef;e0eaf1;e3edf4;e0eaf1;e0eaf1;dee8ef;e0eaf1;e0eaf1;dde9f0;deeaf1;e2eef5;e0ecf3;dfebf2;dfebf2;dfebf2;dfebf2;dae6ed;e1edf4;dfebf2;e0ecf3;e0ecf3;deeaf1;e0ecf3;dfebf2;dce8ef;deeaf1;e1ebf2;e3edf4;e1ebf2;e3edf4;e0eaf1;e2ecf3;e2ecf3;e2ecf3;e2ecf3;deeaf1;e0ecf3;e1edf4;e0ecf3;e0edf2;e3eef3;e2edf2;e0edf2;e1edf4;e0ecf3;deeaf1;deeaf1;deeaf3;e0ecf3;e2eef5;e4eef5;e3edf4;e3eef3;e2edf2;e4eff4;e4eff4;e0edf2;e4eef5;e8f2f9;e2ecf3;e1ecf1;e5f0f5;e3eef3;e4eff4;e1ecf1;e4eff4;e4eff4;e7f2f7;e9f4f9;edf8fd;ecf7fc;edf8fd;ebf6fb;edf8fd;edf8fd;edf8fd;e5f0f5;e4eff4;e4f1f6;ebf8fd;e6f3f8;e4f1f6;e7f4f9;e7f4f9;e8f4fb;e6f2f9;e6f2f9;e6f1f6;e8f3f8;e8f3f8;e6f1f6;e0edf2;e3f0f5;dfecf1;e3f0f5;e2eff4;e4f1f6;e6f1f6;e7f2f7;e9f4f9;e4eff4;e6f1f6;e7f2f7;e8f3f8;e9f4f9;e9f4f9;e8f3f8;e6f0f7;e7f1f8;e7f3fa;e5f2f7;e7f4f9;eaf7fc;e8f5fa;e9f4f9;e1ecf1;e1ecf1;e1ecf1;e4eff4;e8f3f8;e8f3f8;ecf7fc;ecf7fc;e9f4f9;e8f3f8;e8f3f8;e6f1f6;e7f2f7;e8f3f8;e6f0f7;eaf5fa;e9f4f9;e6f0f7;e7f1f8;e8f3f8;e6f1f6;e6f0f7;e7f1f8;ebf5fc;e9f3fa;eaf5fa;ebf5fc;eaf4fb;ebf5fc;e6f0f7;e6f0f7;e7f1f8;e5eff6;e3eff6;e4f0f7;e4f0f7;e3eff6;e7f3fa;e7f3fa;ecf7fc;eaf5fa;eaf4fb;ecf7fc;ebf6fb;e7f1f8;ebf5fc;eaf5fa;ebf5fc;eaf7fc;ebf7fe;ebf7fe;ecf6fd;e9f3fa;e8f2f9;e6f0f7;e8f2f9;ebf5fc;e9f3fa;e9f3fa;e9f3fa;ecf6fd;edf7fe;eaf4fb;ecf6fd;eaf6fd;e7f3fa;e7f2f7;ebf5fc;e8f2f9;e8f2f9;ebf5fc;e8f4fb;e4f0f7;e8f4fb;eaf6fd;ebf7fe;e8f4fb;e7f1f8;e8f4fb;e9f5fc;e9f5fc;eaf6fd;eaf6fd;edf8fd;ecf7fc;eaf5fa;ecf6fd;ecf6fd;eaf6fd;e7f3fa;e6f2f9;e6f2f9;e7f3fa;e8f4fb;e6f2f9;e8f4fb;e8f4fb;e6f2f9;e7f3fa;e6f2f9;e5f1f8;e6f2f9;eaf4fb;eaf5fa;e9f4f9;e9f4f9;e6f1f6;e0ecf3;e2eef5;e3eff6;e4f0f7;e6f2f9;e4f0f7;e5f1f8;e4f0f7;e6f2f9;e6f2f9;eaf4fb;e7f1f8;e5eff6;e6f2f9;e9f5fc;e8f4fb;e7f3fa;e4f3f9;e0eff5;dfeef4;e2f1f7;e3f2f8;e2f1f7;e2f1f7;e2f1f7;e0eff5;e1f0f6;e2f1f7;deedf3;ddecf2;e1f0f6;e1f0f6;e1f0f6;e5f4fa;e3f2f8;deedf3;e1f0f6;e2f1f7;e4f2fb;e2f0f9;e2f1f7;e3f2f8;e2eef5;e4f0f7;e1eff8;e2f0f9;e0eef7;dfedf6;e2f0f9;e3f1fa;e2f0f9;e4f2fb;e3f1fa;e3f1fa;e1eff8;e4f2fb;e4f2fb;e6f4fd;e2f2fb;e4f4fd;e2f2fb;e5f5fe;e2f2fb;e3f3fc;e3f3fc;e3f3fc;e2f2fb;e4f2fb;e5f3fc;e5f3fc;e0f0fa;daeaf4;d6e5f2;d7e6f3;d5e4f1;d4e3f0;d3e2ef;d9e2ef;e1e6f1;75727e;726c73;706869;68635d
dae8f1;d9e7f0;d9e7f0;d9e5ec;dae6ed;deeaf1;dde9f0;e0ecf3;e1edf4;dce8ef;dbe7ee;dce8ef;dce6ed;dfebf2;dae6ed;dae6ed;dbe7ee;d9e5ec;dae6ed;dae6ed;dde9f0;dde9f0;dce8ef;dde9f0;deeaf1;d9e5ec;dbe7ee;dfebf4;dde9f2;dbe7f0;dae6ef;e0ecf3;dee8ef;e5eff6;dfe9f0;dfe9f0;dfe9f0;e2ecf3;dfebf2;dce8ef;dbe7ee;e0ecf3;deeaf1;e0edf2;e2eef5;e0ecf3;dfebf2;e1edf4;deeaf1;e0ecf3;deeaf1;dfebf2;e0ecf3;e1edf4;dfebf2;e0ecf3;e1edf4;e1ebf2;e3edf4;dfe9f0;dde7ee;e4eef5;e7f1f8;e3edf4;e5eff6;e6f0f7;e3eff6;e1edf4;e3eff6;e2eef5;e4f0f7;e3eef3;e5f0f5;e2eef5;e3eff6;e1edf4;e2eef5;e0ecf5;deeaf3;e1edf4;dfebf2;dfebf2;e0ecf3;e1eef3;e0edf2;e3eef3;e4eef5;e2ecf3;dfe9f0;e1ebf2;dee8ef;e5eff6;e5eff6;e2edf2;e5f0f5;e4eff4;e6f1f6;e7f2f7;eaf5fa;e9f4f9;ecf7fc;eaf5fa;eaf5fa;edf8fd;ebf6fb;eaf5fa;ebf6fb;e5f0f5;e8f3f8;e8f3f8;e7f4f9;e8f5fa;e7f3fa;e6f2f9;e7f3fa;eaf6fd;e7f1f8;e6f0f7;e4eff4;e6f1f6;e4eff4;e5f0f5;e4eff4;e5f0f5;dce9ee;e1edf4;e0ecf3;e0edf2;e2eff4;e7f2f7;e7f2f7;e7f2f7;e4f1f6;e6f3f8;e6f1f6;eaf4fb;e8f2f9;e2ecf3;e4eef5;e5eff6;e5f1f8;e6f3f8;e4f1f6;e7f4f9;e6f3f8;e8f3f8;e8f3f8;e6f1f6;e2edf2;e2edf2;e3eef3;e7f2f7;e9f4f9;e5f0f5;e9f4f9;eaf5fa;e7f2f7;ebf6fb;ebf6fb;e6f1f6;e7f2f7;e6f1f6;e9f4f9;eaf5fa;e9f4f9;e9f4f9;e6f1f6;e6f0f7;e3edf4;e7f1f8;eaf4fb;e9f4f9;ebf6fb;edf8fd;ecf7fc;eaf4fb;edf7fe;eef8ff;eaf4fb;e9f3fa;e4eef5;e3edf4;e3edf4;e6f0f7;e7f3fa;edf8fd;eaf5fa;e8f3f8;e8f3f8;e8f3f8;e7f1f8;e7f1f8;eaf4fb;eaf4fb;e7f3fa;e9f5fc;ebf5fc;e9f3fa;e9f3fa;e7f1f8;e6f0f7;eaf4fb;e7f1f8;e9f3fa;e7f1f8;eaf4fb;ecf6fd;ebf5fc;ebf5fc;e9f5fc;e9f5fc;eaf6fd;eaf4fb;ecf6fd;ecf6fd;e9f3fa;eaf4fb;e8f2f9;e6f2f9;e9f5fc;e6f2f9;e5f1f8;e6f2f9;e6f0f7;e8f4fb;eaf6fd;e9f5fc;e9f5fc;e7f3fa;ebf5fc;eef8ff;e9f4f9;ebf6fb;eaf6fd;e9f5fc;e9f5fc;e6f2f9;e7f3fa;e8f4fb;e9f6fb;e8f5fa;e8f4fb;e7f3fa;e8f4fb;e7f3fa;e7f3fa;e6f2f9;e8f4fb;e9f3fa;e9f3fa;ebf5fc;eaf4fb;e6f2f9;e6f2f9;e3eff6;dfebf2;e3eff6;e3f2f8;e3f2f8;e5f1f8;e4f0f7;e5f1f8;e7f3fa;e7f3fa;e6f2f9;e7f3fa;e4f0f7;e5f1f8;e6f2f9;e6f2f9;e2f1f7;e1f0f6;deedf3;e1eff8;e2f1f7;e3f2f8;e2f1f7;e3f2f8;e4f3f9;e3f2f8;e0eff5;dfeef4;e0eff5;dfeef4;e2f1f7;e3f2f8;e6f5fb;e3f2f8;e2f1f7;e4f3f9;e1eff8;e2f0f9;e3f1fa;e4f2fb;e1eff8;e3f2f8;e4f0f7;e2f0f9;e0eef7;e2eef7;e2f0f9;e0eef7;e4f2fb;e4f2fb;e4f2fb;e2f0f9;e0eef7;e2f0f9;e6f4fd;e5f3fc;e7f5fe;e1f1fa;e1f1fa;e4f4fd;e3f3fc;e2f2fb;e4f4fd;e3f3fc;e4f4fd;e3f3fc;e4f4fd;e8f6ff;e5f5fe;e0f0fa;dbebf5;d8e7f4;d8e7f4;dbeaf7;d7e6f3;d1e0ed;d5deeb;e5e9f4;747379;726d70;746d6b;605b55
d7e3ea;d7e3ea;dce8ef;dde9f0;dbe7ee;dfebf2;dfebf2;e2eef5;dce8ef;dce8ef;dce6ed;dde7ee;dde7ee;d9e5ec;dfebf2;dfebf2;dde9f0;e0ecf3;e0ecf3;dae6ed;e0ecf3;dce8ef;dfe9f0;dfebf2;deeaf1;deeaf1;dfebf2;deeaf3;e1edf6;dfebf4;deeaf3;dfebf2;dfebf2;e0eaf1;dfe9f0;e0eaf1;e2ecf3;e3edf4;deeaf1;e0ecf3;dbe7ee;dde9f0;dde9f0;dfebf2;dfebf2;deeaf1;e0ecf3;e1edf4;dde9f0;dde9f0;e0ecf3;e3eff6;e0ecf3;e2eef5;dfebf2;dde9f0;e2eef5;e1edf4;e2eef5;e4eef5;e1ebf2;e3edf4;e2ecf3;e2ecf3;e5eff6;e3edf4;e2ecf3;e0ecf3;e3edf4;e0ecf3;e2eef5;e3edf4;e4eef5;e3edf4;e3edf4;e1ebf2;e1edf6;e2eef7;e2eef7;e2eef5;e2eef5;e1edf4;e1edf4;e1edf4;dfebf2;e1ebf2;e1ebf2;dfe9f0;dee8ef;dfe9f0;dfe9f0;e1ebf2;e2ecf3;e2ecf3;e3eef3;e3eef3;e6f1f6;e8f3f8;eaf5fa;ebf6fb;ecf7fc;ecf7fc;ecf7fc;ebf6fb;e8f5fa;e8f5fa;e8f5fa;e8f3f8;e7f2f7;e9f6fb;e9f5fc;e6f2f9;e4f0f7;deeaf1;dfebf2;dde7ee;e0eaf1;dee9ee;e3eef3;e5f0f5;e3eef3;e5f0f5;e2ecf3;e4eef5;e2ecf3;dae6ed;d9e5ec;e3edf4;e9f4f9;e4eff4;e3f0f5;e4f1f6;e1eef3;dfecf1;e0edf2;e6f1f6;e7f2f7;dde7ee;e5eff6;e5eff6;e3edf4;e7f3fa;e5f2f7;e6f3f8;e9f6fb;e9f6fb;eaf5fa;e7f2f7;e1ecf1;e3ecf1;e4edf2;e1ecf1;e5f0f5;e6f1f6;eaf5fa;e8f3f8;e9f4f9;e9f4f9;eaf5fa;e8f3f8;e9f4f9;e8f3f8;e8f3f8;e6f1f6;eaf5fa;e8f3f8;e5f0f5;e5eff6;e4eef5;e4eff4;e3eef3;e7f2f7;e9f4f9;ecf7fc;eaf7fc;ebf6fb;ebf5fc;e7f1f8;eaf4fb;e9f3fa;eaf4fb;e2ecf3;e5eff6;e7f1f8;e6f0f7;e9f5fc;e7f3fa;e8f4fb;eaf6fd;eaf4fb;eaf4fb;e8f2f9;e8f2f9;ebf5fc;e9f3fa;e7f1f8;e8f2f9;e5eff6;e6f0f7;e6f0f7;e6f0f7;e5eff6;e3eff6;e3eff6;e3eff6;e8f4fb;eaf6fd;eaf6fd;e6f2f9;e9f5fc;e4f0f7;ebf7fe;ecf8ff;eff9ff;f2fcff;ecf6fd;ebf5fc;e8f2f9;e9f5fc;e3eff6;e5eff6;e8f2f9;eaf4fb;e7f1f8;e8f2f9;e8f2f9;eaf4fb;e8f2f9;e8f2f9;e9f3fa;eaf5fa;e6f3f8;eaf7fc;e8f4fb;e9f5fc;e7f3fa;e9f5fc;e7f4f9;e9f6fb;eaf7fc;ebf8fd;edf7fe;e9f3fa;ebf5fc;e8f4fb;e9f5fc;ebf5fc;e8f2f9;e7f3fa;e8f2f9;e6f2f9;e5f1f8;e5f1f8;e7f3fa;e8f4fb;dfebf2;dfebf2;dfebf2;e3eff6;e6f2f9;e8f4fb;e4f0f7;e7f3fa;e3eff6;e3eff6;e5f1f8;e6f2f9;e4f0f7;e7f3fa;e4f0f7;e6f2f9;e3eff6;dfeef4;dfedf6;e2f1f7;dfeef4;e2f1f7;e3f2f8;e3f2f8;e2f0f9;e2f1f7;e5f4fa;dfeef4;e1f0f6;e1f0f6;e1f0f6;e4f3f9;e4f3f9;e3f2f8;e2f1f7;e2f0f9;e1eff8;dfedf6;e1eff8;e1eff8;e1f0f6;e3f2f8;e1eff8;e4f0f9;e3eff8;e2f0f9;e2f0f9;e2f0f9;e2f0f9;e2f0f9;e0eef7;e3f1fa;e4f2fb;e4f2fb;e2f0f9;dfeff8;e0f0f9;e2f2fb;e2f2fb;e5f5fe;e5f6fc;e6f5fb;e7f6fc;e6f5fb;e5f4fa;e7f6fc;e9f7ff;e3f3fc;dfeff9;dbebf5;dbeaf7;dbeaf7;d9e8f5;d9e8f5;d3e2ef;d8e1ee;e0e5f0;75747a;777275;756f6d;635e57
d9e5ec;dae6ed;dae6ed;d9e5ec;d8e4eb;dbe7ee;e0ecf3;e3eff6;dae6ed;dce8ef;dae4eb;dbe5ec;dbe5ec;d7e3ea;dce8ef;dae6ed;dbe7ee;dde9f0;dde9f0;deeaf1;dce8ef;d9e5ec;dde9f0;dbe7ee;dfebf2;deeaf1;dae6ed;dce8ef;deeaf1;dae6ed;dfebf2;e1edf4;e1ebf2;dce6ed;deeaf1;e0eaf1;e0eaf1;dce8ef;dde9f0;deeaf1;e0ecf3;dbe7ee;deeaf1;deebf0;deeaf1;dfebf2;e0ecf3;e2eef5;e0ecf3;dde9f0;dde9f0;dfebf2;e1edf4;dfebf2;e0ecf3;deeaf1;deeaf1;e0ecf3;e2eef5;e3edf4;e4eef5;e6f0f7;e3edf4;e2ecf3;e5eff6;e4eef5;e0ecf3;e0ecf3;e2eef5;e0ecf3;e2eef5;e3edf4;e2ecf3;e1ebf2;e3edf4;e5eff6;e2eef5;e0ecf3;dfebf2;e3eff6;e4eef5;e0ecf3;e0ecf3;e0ecf3;e0eaf1;e1ebf2;e0eaf1;e0eaf1;e2ecf3;e1ebf2;e4eef5;e5eff6;e4eef5;e4eef5;e3eef3;e6f1f6;e8f3f8;e8f3f8;eaf5fa;e9f4f9;e8f3f8;e6f1f6;e8f3f8;e8f2f9;e4f1f6;e6f3f8;e7f4f9;e8f5fa;e9f6fb;e9f5fc;e7f3fa;e2eef5;e3eff6;deeaf1;e0eaf1;dfe9f0;e1ebf2;e1ecf1;e3eef3;e2edf2;e3eef3;e1ecf1;e3edf4;e1ebf2;e2edf2;dae6ed;e2eef5;e7f1f8;e8f2f9;e3edf4;e3eff6;e0edf2;e2eff4;e0edf2;e2eff4;e5f0f5;e5f0f5;eaf5fa;e8f3f8;e6f1f6;e6f1f6;e7f4f9;e4f1f6;e7f4f9;e5f2f7;e9f4f9;ebf6fb;eaf5fa;e9f4f9;e4eff4;e4edf2;e1ecf1;e3eef3;e6f1f6;e7f2f7;e9f4f9;e7f2f7;e9f4f9;eaf5fa;e8f3f8;eaf5fa;e6f1f6;e5f0f5;e5f0f5;e7f2f7;e7f2f7;e6f1f6;e7f1f8;e6f1f6;e3eef3;e8f3f8;e7f2f7;eaf5fa;e8f3f8;e9f4f9;eaf5fa;eaf5fa;eaf5fa;eaf4fb;e8f2f9;ecf6fd;e7f1f8;e4eef5;e5eff6;e7f1f8;e7f3fa;e7f3fa;e9f5fc;eaf6fd;eaf4fb;e9f3fa;e6f0f7;e5eff6;e5eff6;e3edf4;e5eff6;e2ecf3;e3edf4;e3edf4;e8f2f9;e6f0f7;e8f4fb;e8f4fb;e7f3fa;e7f3fa;e8f4fb;ecf8ff;ebf7fe;e9f5fc;e8f4fb;e6f2f9;e9f5fc;eaf4fb;ebf5fc;ebf6fb;e9f3fa;e9f3fa;eaf4fb;e8f2f9;e5eff6;ebf5fc;e8f2f9;e8f2f9;e4eef5;e9f3fa;e8f2f9;eaf4fb;eaf4fb;eaf4fb;ecf7fc;e9f4f9;e8f5fa;e9f6fb;e4f0f7;e8f4fb;e8f4fb;eaf6fd;e7f3fa;e8f5fa;eaf7fc;e8f5fa;e8f2f9;e8f2f9;e9f3fa;e7f3fa;eaf4fb;e8f2f9;e8f2f9;eaf4fb;e9f3fa;e4f0f7;eaf6fd;ebf7fe;e4f0f7;e4f0f7;e4f0f7;e0ecf3;dde9f0;dfebf2;e1edf4;e5f1f8;e7f3fa;e4f0f7;e4f0f7;e5f1f8;e5f1fa;e7f3fa;e4f0f7;e5f1f8;e4f0f7;e2eef5;e4f0f7;e5f4fa;e2f1f7;e2f1f7;e3f2f8;e2f1f7;e2f1f7;e1f0f6;e1f0f6;e2f1f7;e2f1f7;e4f3f9;e3f2f8;e0eff5;e0eff5;e3f2f8;e2f1f7;e3eff8;e3eff8;e2f0f9;e2f0f9;e2f0f9;e1eff8;e3f1fa;e2f0f9;e3f1fa;e4f2fb;e3f1fa;e2f0f9;e0eef7;e1eff8;e2f0f9;e0eef7;e1eff8;e3f1fa;e3f1fa;e7f5fe;e4f2fb;e4f2fb;e0eef7;e1f1fa;dfeff8;e4f4fd;e6f6ff;e6f7fd;e4f3f9;e7f6fc;e6f5fb;e5f4fa;e7f6fc;e5f3fc;e4f4fd;e1f1fb;dbebf5;d8e8f2;d6e5f2;d5e4f1;d5e4f1;d3e2ef;d7e0ed;e3e8f3;747379;726d70;736c6a;67625b
dfecf1;d9e6eb;d9e5ec;dce8ef;e0ecf3;dfebf2;deeaf1;d9e6eb;e0ebf0;dde8ed;dfe9f0;dde7ee;dbe5ec;dee8ef;dde7ee;e0eaf1;dce8ef;dee8ef;dbe5ec;deeaf1;dce8ef;ddeaef;e1ebf2;deeaf1;e0eaf1;e1ebf2;e2ecf3;e0edf2;dce8ef;dfebf2;deeaf1;dde9f0;e2ecf3;dce6ed;deeaf1;deeaf1;dce8ef;deeaf1;deeaf1;dce8ef;dce8ef;dbeaf0;dcebf1;ddecf2;e0ecf3;dfebf2;e2eef5;dae6ed;dbe7ee;dde9f0;ddeaef;e3f0f5;e2eef5;e3eff6;e0ecf3;e0ecf3;deeaf1;e1edf4;dde9f0;e4eef5;e6f0f7;e3edf4;e4eef5;e5eff6;e1edf4;e1edf4;e2eef5;e3eff6;e2eef5;e2eef5;e7f1f8;e7f1f8;e0eaf1;e6f0f7;e5eff6;e3edf4;e2eef5;e2eef5;dde9f0;dfebf2;dbe7ee;dce8ef;e3eff6;e5eff6;e2ecf3;dfebf2;e2ecf3;e6f0f7;e6f0f7;e5eff6;e3eef3;e5f0f5;e6f0f7;e4eef5;e2edf2;e7f1f8;e9f3fa;e7f2f7;eaf5fa;eaf5fa;e7f2f7;e7f2f7;e6f1f6;e6f1f6;e7f2f7;e7f2f7;e6f1f6;e3f0f5;e1edf4;e0ecf3;e3eff6;dfebf2;dde7ee;e1ecf1;e3edf4;e3edf4;e4eff4;e3eef3;e6f1f6;e7f2f7;e4eff4;e7f2f7;e3edf4;e2eef5;e0edf2;e4f0f7;e4f0f7;e6f0f7;e7f1f8;e4f0f7;e4f0f7;e4f1f6;e2eff4;e4f1f6;e9f4f9;ebf6fb;e6f1f6;e6f1f6;e3eef3;e7f2f7;e7f2f7;ecf7fc;ebf6fb;eef9fe;edf8fd;ebf6fb;ecf7fc;ecf7fc;edf8fd;e8f3f8;e6f1f6;e1ecf1;e3eef3;e3eef3;e7f2f7;e3eef3;e9f4f9;e5f2f7;eaf5fa;e9f6fb;ebf6fb;e7f4f9;e6f3f8;e8f2f9;e5f1f8;e2eef5;e8f2f9;e8f2f9;eaf4fb;e7f2f7;e5f0f5;e3eef3;e7f2f7;e6f1f6;e9f3fa;e9f4f9;e7f2f7;e9f4f9;edf8fd;eaf5fa;ecf7fc;eaf4fb;ecf6fd;e5f1f8;e1edf4;e4f0f7;e5f1f8;e8f4fb;e7f3fa;ebf5fc;e6f0f7;e6f0f7;e6f0f7;e3edf4;e6f0f7;e6f0f7;e7f1f8;eaf4fb;ecf6fd;e8f2f9;ebf7fe;ecf8ff;ecf8ff;e8f4fb;eaf6fd;ebf5fc;e4eef5;e4eef5;e6f0f7;eaf4fb;e6f0f7;e6f0f7;e9f3fa;eaf4fb;eaf4fb;e8f2f9;e8f2f9;e8f4fb;e8f4fb;e6f2f9;e9f5fc;ebf5fc;e6f0f7;e4eef5;e5eff6;e4eef5;e7f1f8;e9f5fc;eaf4fb;e7f2f7;eaf5fa;e9f4f9;ebf6fb;e9f3fa;e9f5fc;e9f5fc;e9f5fc;e9f5fc;e9f5fc;e6f2f9;e8f4fb;ecf6fd;e9f3fa;e9f3fa;e7f1f8;eaf4fb;e8f2f9;e9f4f9;e9f4f9;e9f3fa;e7f1f8;e5f1f8;e7f3fa;e9f5fc;e8f4fb;e8f4fb;e8f4fb;e6f0f7;e1ebf2;e0ecf3;e4f0f7;e5f1f8;e4f0f7;e6f2f9;e3eff6;e3eff6;e5f1f8;e8f4fb;e7f3fa;e4f0f7;e3eff6;e3eff6;e5f1f8;e5f1f8;e7f3fa;e7f3fa;e4f0f7;e3eff6;e2f1f7;e2f1f7;e4f3f9;e2f1f7;e0eff5;e1f0f6;e4f3f9;e1eff8;e1eff8;e2f0f9;e7f3fc;e4f0f9;deecf5;e2f0f9;deecf5;dfedf6;e1eff8;e3f1fa;e2f0f9;e1eff8;e2f0f9;e4f2fb;e2f0f9;dfedf6;e1eff8;e1eff8;e3f1fa;e5f3fc;e1eff8;e4f2fb;e4f2fb;e3f1fa;e3f1fa;e3f3fc;e4f4fd;e3f3fc;e3f3fc;e2f0f9;e4f2fb;e5f3fc;e7f6fc;e7f6fc;e4f5fb;e7f5fe;e7f5fe;e1f1fa;dfeff9;d9e9f3;d9e8f5;d8e7f4;d6e5f2;d6e5f2;d9e4f1;e2e7f2;78777d;7c777b;726a6b;6c6761
dae7ec;dae7ec;d9e5ec;dbe7ee;deeaf1;deeaf1;deeaf1;dfebf2;dce9ee;ddeaef;dbe5ec;dde7ee;dae4eb;dae6ed;dce8ef;dfe9f0;dfe9f0;dbe5ec;dce6ed;dce6ed;dde9f0;dce8ef;e1ebf2;e0eaf1;e0eaf1;e0eaf1;e3edf4;ddeaef;e0edf2;e1edf4;dce8ef;dce6ed;e2ecf3;dde7ee;e2ecf3;e1ebf2;deeaf1;d9e5ec;dbe7ee;dce8ef;dde9f0;dbeaf0;ddecf2;ddecf2;dfebf2;e0ecf3;e2eef5;dde9f0;deeaf1;dde9f0;e3f0f5;e1eef3;dfecf1;ddeaef;ddeaef;deeaf1;e2eef5;e3eff6;e0eaf1;e2ecf3;e4eef5;e3edf4;e5eff6;e1edf4;e3eff6;e3eff6;deedf3;e0eff5;e2eef5;e2eef5;e5eff6;e3edf4;e8f2f9;e8f2f9;e4eef5;e9f3fa;e0ecf3;e1edf4;e4f0f7;e4f0f7;e7f3fa;e7f3fa;eaf6fd;e9f5fc;e9f5fc;e7f3fa;e4f0f7;e4eef5;eef8ff;ebf5fc;e4eff4;e8f3f8;e9f4f9;ebf6fb;ebf6fb;ecf7fc;e9f3fa;e9f3fa;e8f3f8;e8f3f8;e7f2f7;e3f0f5;e2eff4;e0edf2;e4f1f6;e3eef3;e3eef3;e4eef5;deeaf1;e1ebf2;dee8ef;dce6ed;e0eaf1;e2edf2;e3eef3;e7f2f7;e5f0f5;e6f1f6;e8f2f9;e6f0f7;e6f1f6;e6f1f6;e6f1f6;e4eff4;e5f0f5;e7f3fa;e4f0f7;e4f1f6;e7f3fa;e2eff4;e3eef3;e6f1f6;e9f4f9;e8f3f8;e5f0f5;ebf6fb;eaf5fa;e8f3f8;e6f1f6;e9f4f9;edf8fd;edf8fd;ecf7fc;edf8fd;ebf6fb;edf8fd;edf8fd;ecf7fc;eaf5fa;ebf6fb;e7f4f9;e8f3f8;e4eff4;e6f1f6;e3edf4;e2edf2;e5f0f5;eaf5fa;ebf6fb;e9f4f9;e8f3f8;e6f3f8;e8f2f9;e7f1f8;e8f2f9;e4eef5;e8f2f9;e8f2f9;e8f2f9;eaf4fb;e7f1f8;e5f0f5;e4eef5;e5eff6;e5eff6;e5eff6;ebf6fb;e9f4f9;ecf7fc;edf8fd;ebf6fb;eaf5fa;eaf4fb;eaf6fd;e6f2f9;dfebf2;e2eef5;e6f2f9;e7f1f8;eaf4fb;e9f3fa;e8f2f9;e8f2f9;e6f0f7;e6f0f7;e8f2f9;e8f2f9;e8f3f8;eaf5fa;e9f4f9;e8f5fa;e9f5fc;eaf6fd;e9f5fc;edf7fe;ebf5fc;eaf4fb;e9f3fa;e8f2f9;e3edf6;e5eff6;e3edf4;e8f2f9;e9f3fa;e8f2f9;eaf4fb;e6f0f7;e8f2f9;e7f1f8;e6f2f9;e6f0f7;e9f3fa;e6f0f7;e7f1f8;e8f2f9;e6f2f9;e7f3fa;e6f2f9;e6f2f9;e5f1f8;e6f0f7;e7f1f8;e7f3fa;eaf6fd;e9f5fc;e7f3fa;e7f3fa;e8f4fb;e7f3fa;e7f3fa;e7f3fa;eaf4fb;e9f3fa;e9f3fa;e7f1f8;e9f3fa;e7f1f8;e7f2f7;e8f3f8;eaf5fa;e8f2f9;e7f3fa;e8f4fb;e8f4fb;e6f2f9;eaf5fa;ebf6fb;e8f3f8;e2eff4;deebf0;e0ecf3;e5f1f8;e5f1f8;e5f1f8;e5f1f8;e4f0f7;e4f0f7;e5f1f8;e4f0f7;e4f0f7;e4f0f7;e2eef5;e2eef5;e6f2f9;e4f0f7;e5f1f8;e4f0f7;e2eef5;e3eff6;e2eef5;e3eff6;e2f0f9;e1eff8;e3f1fa;e4f2fb;e4f2fb;e2f0f9;e1eff8;e5f3fc;e2eef7;e2f0f9;e0eef7;dfedf6;e1eff8;e4f2fb;e2f0f9;e6f4fd;e3f1fa;e4f2fb;e1eff8;e0eef7;e4f2fb;e1eff8;e3f1fa;e3f1fa;e3f1fa;e1eff8;e2f0f9;e4f2fb;e3f1fa;e3f1fa;e2f0f9;e4f2fb;e4f2fb;e5f3fc;e3f1fa;e5f3fc;e4f2fb;e6f4fd;e6f5fb;e9f8fe;e8f7fd;e7f5fe;e2f2fb;e0f0f9;deeef8;dfeefb;d8e9f5;d5e6f2;d4e5f1;d4e3f0;dfe6f1;737278;7e777b;746c6d;6a655f
dfebf2;d4e0e7;dbe7ee;d9e5ec;deeaf1;deeaf1;deeaf1;e2eef5;deeaf1;dbe7ee;d9e5ec;dee8ef;dce6ed;dbe7ee;dae6ed;e0eaf1;e0eaf1;e1ebf2;e1ebf2;e0eaf1;deeaf1;e0eaf1;e3edf4;e4eef5;dfe9f0;e0eaf1;e2ecf3;deebf0;e2eff4;e0ecf3;e1ebf2;e2ecf3;e3edf4;dde7ee;e1ebf2;dfe9f0;e0ecf3;dde9f0;dce8ef;d8e4eb;dbe7ee;dae9ef;deedf3;ddecf2;dfebf2;deeaf1;e1edf4;e0ebf0;e0edf2;d8e5ea;deebf0;e0edf2;e3f0f5;e4f1f6;e1eef3;e0edf2;e3f0f5;e1eef3;e2edf2;e3eef3;e1ecf1;e2edf2;e6f0f7;e5eff6;e2eef5;deeaf1;deedf3;e0eff5;e2eef5;e2eef5;e1edf4;e7f1f8;e7f1f8;e4eef5;e0eaf1;dde7ee;dde7ee;dfe9f0;e9f5fc;e7f3fa;e9f5fc;e9f5fc;e8f4fb;e6f2f9;e5f1f8;e7f3fa;e5eff6;e9f4f9;edf8fd;ebf6fb;edf8fd;edf8fd;ebf6fb;edf8fd;ebf6fb;e9f4f9;ebf6fb;e4eef5;e6f1f6;e7f2f7;e4eff4;e5f0f5;e5f0f5;e1eef3;e3f0f5;e5f0f5;e2edf2;e1ecf1;e1ecf1;dbe6eb;d9e3ea;dee8ef;e3edf4;e0ebf0;e5f0f5;e5f0f5;e4eff4;e4eff4;e7f1f8;e9f3fa;e7f2f7;e7f2f7;ebf5fc;ebf5fc;e8f2f9;e4f0f7;e2eef5;e5f1f8;e5f1f8;e5f2f7;e4f1f6;e0edf2;e9f4f9;e9f4f9;e5f0f5;eaf5fa;e7f2f7;e8f3f8;e7f2f7;ebf6fb;ebf6fb;e3eef3;e0ebf0;dfeaef;e4eff4;e8f3f8;e8f3f8;e9f4f9;eaf5fa;e9f4f9;eaf5fa;ebf6fb;e8f3f8;e2edf2;e3edf4;e2edf2;e4eff4;e7f2f7;e8f3f8;eaf5fa;e9f4f9;e7f2f7;e9f4f9;ebf5fc;e8f2f9;e4eef5;e4eef5;e8f2f9;e9f3fa;e7f1f8;e9f4f9;e6f1f6;e6f0f7;e3edf4;e6f0f7;e6f0f7;eaf4fb;e9f4f9;ebf6fb;eaf5fa;eaf5fa;ebf6fb;ecf7fc;ecf6fd;e7f1f8;e8f2f9;e4eef5;e7f1f8;e7f1f8;e7f1f8;e8f2f9;eaf4fb;ebf5fc;ecf6fd;e6f0f7;e6f0f7;e9f3fa;ebf5fc;e9f3fa;e5f1f8;e5f1f8;e8f4fb;e3eff6;e5f1f8;e9f3fa;e7f1f8;e7f1f8;e9f3fa;e8f2f9;e5eff6;e5eff6;e3edf4;e4eef5;eaf4fb;ebf5fc;edf7fe;ebf5fc;e9f3fa;e7f1f8;e8f2f9;e9f3fa;eaf4fb;eaf4fb;e8f2f9;e7f1f8;e1edf4;e5f1f8;e6f2f9;e5f1f8;e5f1f8;e7f1f8;e4f0f7;e5f1f8;e5f1f8;e8f4fb;e7f3fa;e5f1f8;e3eff6;e6f2f9;e6f2f9;e6f2f9;e7f3fa;eaf4fb;e4eef5;e8f2f9;edf7fe;e4eef5;e5f0f5;e6f1f6;e7f2f7;e8f2f9;e6f2f9;e7f3fa;e6f2f9;e9f5fc;e3f0f5;e3f0f5;eaf5fa;e6f3f8;dfebf2;e0ecf3;e1edf4;e5f1f8;e6f2f9;e6f2f9;e4f0f7;e4f0f7;e5f1f8;e4f0f7;e5f1f8;e6f2f9;dfeef4;e1edf4;e5f1f8;e1edf4;e7f3fa;e5f1f8;e3eff6;e4f0f7;e5f1f8;e6f2f9;e1eff8;e2f0f9;e2f0f9;e3f1fa;e4f2fb;e4f2fb;e0eef7;e3f1fa;e3eff8;e3f1fa;e3f1fa;e5f3fc;e1eff8;e3f1fa;e5f3fc;e6f4fd;e3f1fa;e1eff8;e3f1fa;e0eef7;e3eff8;e7f3fc;e1eff8;e2f0f9;e3f1fa;e1eff8;e3f1fa;e4f2fb;e4f2fb;e5f3fc;e2f0f9;e3f1fa;e3f1fa;e6f4fd;e5f3fc;e3f1fa;e5f3fc;e9f7ff;e8f7fd;e8f7fd;e5f3fc;e8f6ff;e4f4fd;e0f0f9;dcecf6;dbebf5;dcedf9;d8e9f5;d4e3f0;dae9f6;e6edf8;717076;797276;746c6d;6d6862
dbeaf0;d8e7ed;d8e7ed;dde9f0;deeaf1;dae6ed;deeaf1;deeaf1;e0ecf3;dce8ef;deeaf1;dde9f0;dce8ef;dde9f0;dde9f0;dce8ef;dbe7ee;dee8ef;e1ebf2;dbe5ec;dfe9f0;e3edf4;e0eaf1;e2ecf3;e0eaf1;e2ecf3;e1ebf2;e0ecf3;dfecf1;dee9ee;dee8ef;e1ebf2;e5eff6;e4eef5;dde9f0;dae6ed;deeaf1;deeaf1;dae6ed;dde9f0;dfebf2;e0ecf3;dfebf2;dfebf2;deeaf1;dae4eb;dfe9f0;e0ebf0;e0ebf0;dee9ee;dfecf1;e1ebf2;e2eef5;e3eff6;e4eef5;e4eef5;e7f2f7;e3eef3;e4eff4;e3eef3;e3eef3;e2edf2;e5eff6;e4f0f7;e4f0f7;e2eef5;e3eff8;e2eef5;e3eff6;e2eef5;e4eef5;e3edf4;e4eef5;e5eff6;e0eaf1;e0eaf1;dae4eb;e6f0f7;eaf4fb;eaf4fb;e7f3fa;e6f2f9;e6f2f9;e4f0f7;e0ecf3;e6f0f7;e7f1f8;eef9fe;effaff;ebf8fd;edf8fd;ebf6fb;ebf6fb;ebf5fc;e9f5fc;eaf6fd;e7f3fa;e8f4fb;e6f3f8;e6f1f6;e3eef3;e5f0f5;e5f0f5;e3eef3;e4eff4;dfeaef;e0eaf1;dfe9f0;dce7ec;dbe6eb;dee9ee;e3eef3;e3eef3;e5f0f5;e7f2f7;e1ecf1;e2edf2;e4f1f6;e4f0f7;e6f2f9;e6f1f6;e7f1f8;e4f0f7;e6f2f9;e6f2f9;e2eef5;e0ecf3;e7f3fa;e9f5fc;e7f4f9;e7f4f9;e7f4f9;e8f3f8;e8f3f8;e5f0f5;e8f3f8;e8f3f8;e8f3f8;e7f2f7;e5f0f5;e7f2f7;e2edf2;dee9ee;e0ebf0;e2edf2;e3eef3;e6f1f6;ebf6fb;e8f3f8;e8f3f8;ebf6fb;ecf7fc;e8f3f8;e3eef3;e6f1f6;e7f0f5;e6eff4;e8f1f6;e6f1f6;e9f4f9;eaf5fa;eaf5fa;e8f3f8;e7f2f7;e8f3f8;e7f1f8;e4eef5;e4eef5;e5eff6;e7f1f8;e8f2f9;e5f0f5;e7f2f7;e6f1f6;e2edf2;e5f0f5;e8f2f9;e6f0f7;e8f2f9;ebf5fc;ebf5fc;e9f3fa;ebf5fc;ebf5fc;eaf4fb;e8f2f9;eaf4fb;e9f3fa;eaf4fb;e6f0f7;eaf4fb;eaf4fb;ecf7fc;eaf5fa;eaf5fa;ecf6fd;eaf4fb;e8f2f9;e5eff6;e7f1f8;e9f3fa;e4eef5;e6f0f7;e9f3fa;ebf5fc;e4eef7;e5eff6;e8f2f9;e7f1f8;e6f0f7;e5eff6;e6f0f7;e8f2f9;e6f0f7;e4eef5;e9f3fa;e8f2f9;eaf4fb;ecf6fd;e8f2f9;eaf4fb;e6f0f7;e9f3fa;eaf4fb;e6f0f7;e3eff6;e5f1f8;e6f2f9;e7f3fa;e9f5fc;e8f2f9;e5f1f8;e2eef5;e6f2f9;e9f5fc;e8f4fb;e9f5fc;e6f2f9;e6f2f9;e6f2f9;e5f1f8;e8f4fb;e8f4fb;e6f2f9;e8f4fb;e9f5fc;e5f1f8;e4f0f7;e7f3fa;e8f4fb;e8f4fb;e9f5fc;e9f5fc;eaf6fd;e6f2f9;e9f5fc;e9f5fc;eaf6fd;e8f4fb;e5f1f8;e0eaf1;e0eaf1;e2ecf3;e1edf4;e9f3fa;e6f2f9;e5f1f8;e5f1f8;e5f1f8;e2eef5;e1edf4;e1f0f6;e2f1f7;e1f0f6;e4f0f7;e2eef7;e7f3fc;e4f0f9;e7f3fc;e3eff8;e2eef7;e0ecf5;e0eef7;e1eff8;deecf5;e1f1fa;e1eff8;e3f1fa;e0eef7;e4f0f9;e1edf6;e3eff8;e1eff8;e1f0f6;e3f1fa;e2f0f9;e1eff8;e1eff8;dfedf6;e2f0f9;e2f0f9;e2f0f9;e2f0f9;e2f0f9;e2f0f9;e2f0f9;e3f1fa;e5f3fc;e6f4fd;e4f2fb;e6f4fd;e6f4fd;e5f3fc;e4f2fb;e6f4fd;e7f5fe;e5f3fc;e4f2fb;e7f5fe;e7f5fe;e5f3fc;e6f4fd;e6f4fd;e2f2fb;e2f2fb;dbebf5;dbebf5;dbecf6;daebf7;d5e4f1;d3e2ef;dee5f0;797077;7b7477;716a68;6a655f
dbeaf0;d8e7ed;d9e8ee;d6e5eb;d7e3ea;deeaf1;deeaf1;e2eef5;dde9f0;dde9f0;dae6ed;dfe9f0;dde7ee;d6e2e9;dfebf2;dde9f0;dde9f0;e0eaf1;dfe9f0;dce6ed;dae4eb;e0eaf1;dfebf2;dfebf2;dde9f0;deeaf1;e1edf4;e2eff4;dfecf1;dfeaef;dce7ec;dde7ee;dfe9f0;e0eaf1;dce8ef;dfebf2;deeaf1;dde9f0;deeaf1;d8e4eb;d9e5ec;dde9f0;dde9f2;dfebf4;dfebf2;dce6ed;dee8ef;e3eef3;e2edf2;e3eef3;e4f0f7;e3eff6;e3edf4;e5eff6;e1ebf2;e2ecf3;e3edf4;e4eef5;e5eff6;e5f0f5;e6f1f6;e5eff6;e3edf4;e1ebf2;e0ecf3;e3eff6;dbe7f0;deeaf3;e0ecf5;e4eef5;e5eff6;e3edf4;e7f1f8;e3edf4;dee8ef;dfe9f0;e8f2f9;eaf4fb;e9f3fa;e9f3fa;e6f2f9;e2eef5;e3eff6;e2eef5;deeaf1;e8f3f8;e9f4f9;ebf6fb;edf8fd;ebf8fd;ebf8fd;e8f5fa;e7f4f9;e7f3fa;e6f2f9;e4f0f7;e9f5fc;e5f2f7;e6f3f8;e7f2f7;e3eef3;e1ecf1;e1ecf1;dfeaef;e1ecf1;dfeaef;dee9ee;dbe6eb;dbe6eb;e0ebf0;dce7ec;dde8ed;e1ecf1;e1ecf1;e0ebf0;e0ebf0;e1ecf1;dde8ed;e2eff4;e0edf2;e1eef3;e3eff6;e1edf4;e4f0f7;e0ecf3;e1edf4;e7f3fa;e6f2f9;e7f4f9;e7f4f9;e8f5fa;eaf7fc;ebf6fb;e9f4f9;e8f3f8;e7f2f7;e5f0f5;e4eff4;e6f1f6;e6f1f6;e4eff4;e3eef3;e9f4f9;e9f4f9;eaf5fa;e4eff4;e5f0f5;e8f3f8;e6f1f6;e7f2f7;eaf5fa;e9f4f9;eaf5fa;e8f3f8;e8f1f6;e6f1f6;e5eef3;e5eef3;e7f0f5;e6f1f6;e6f1f6;e5f0f5;e8f3f8;e8f3f8;eaf3f8;e8f3f8;e9f4f9;e6f1f6;e8f2f9;e8f3f8;e5f0f5;e3eef3;e5f0f5;eaf5fa;e6f1f6;e6f1f6;e4eef5;e5eff6;e7f1f8;eaf4fb;ecf6fd;ebf5fc;ebf5fc;eaf4fb;e8f2f9;e7f1f8;ebf5fc;e7f1f8;eaf4fb;e7f1f8;e9f3fa;e8f2f9;ebf5fc;eaf4fb;ecf6fd;eaf4fb;e6f0f7;e6f0f7;e2ecf3;e1ebf2;e3edf4;e6f0f7;e6f0f7;e2ecf3;e7f1f8;e3edf6;e7f1f8;eaf4fb;e8f2f9;e8f2f9;e8f2f9;e8f3f8;e6f1f6;e6f1f6;e7f1f8;eaf4fb;e6f0f7;e8f2f9;eaf4fb;e8f2f9;ebf5fc;e9f3fa;e7f1f8;eaf4fb;e5eff6;e3eff6;e5f1f8;e4f0f7;e6f2f9;e8f2f9;e6f0f7;e4f0f7;e3eff6;e2eef5;e4f0f7;e2eef5;e6f2f9;e7f3fa;e5f1f8;e3eff6;e4f0f7;e6f2f9;e5f1f8;e8f4fb;e6f2f9;eaf5fa;ecf7fc;e8f3f8;e8f4fb;e6f2f9;e8f4fb;e5f1f8;eaf6fd;e7f3fa;e5f4fa;e8f7fd;eaf6fd;e7f3fa;e9f6fb;e5f1f8;e6f0f7;e4eef5;e2ecf3;e2eef5;e6f0f7;e5f1f8;e4f0f7;e5eff6;e6f0f7;e6f2f9;e4f0f7;e2eef5;e2eef5;e3eff6;e3eff8;e3eff8;e2eef7;e4f0f9;e4f0f9;e6f2fb;e3eff8;e1edf6;e6f2fb;e3f1fa;ddebf4;dfedf6;dfedf6;e0eef7;e0eef7;e4f0f9;e3eff8;e3eff8;e5f1fa;e3f2f8;e2f0f9;e3f1fa;e4f2fb;dfedf6;e1eff8;e3f1fa;e3f1fa;e2f0f9;e2f0f9;e1eff8;e0f0f9;e1eff8;e4f2fb;e5f3fc;e3f1fa;e3f1fa;e5f3fc;e6f4fd;e4f2fb;e5f3fc;e4f2fb;e5f3fc;e6f4fd;e5f3fc;e6f4fd;e5f3fc;e4f2fb;e6f4fd;e6f4fd;e3f3fc;e0f0f9;dfeff9;e0f0fa;deeef8;dae9f6;d9e8f5;dbe4f1;d4d8e3;736f76;787174;716a68;6c6761
dae6ed;dce8ef;dae6ed;dae6ed;dce8ef;dbe7ee;dde9f0;deeaf1;e0ecf3;dce8ef;dee8ef;e0eaf1;e0eaf1;dde9f0;dfe9f0;dbe7ee;deeaf1;e0eaf1;e2ecf3;dfe9f0;e1ebf2;dde7ee;deeaf1;dfebf2;e0ecf3;dfebf2;deeaf1;dfebf2;e0eaf1;e4eff4;dfeaef;dee9ee;dfeaef;e1ebf2;deeaf1;dde9f0;dde9f0;deeaf1;dfebf2;deeaf1;e0ecf3;dde9f0;dfebf4;deeaf1;dce8ef;dfebf2;e2eef5;e1edf4;e4f0f7;e3eff6;e4f0f7;e1edf4;dde9f0;dee8ef;e1ebf2;e2ecf3;e3edf4;e3edf4;e6f0f7;e6f0f7;e3edf4;e6f0f7;e5eff6;e0eaf1;deeaf1;dce8ef;d5e1e8;dae6ed;dae4eb;d6e0e7;dde7ee;dce6ed;e1ebf2;dae4eb;dae4eb;e8f2f9;e8f3f8;ecf6fd;e6f2f9;e7f1f8;e5f1f8;e3eff6;e3eff6;e0edf2;e3f0f5;e7f2f7;eaf5fa;ebf6fb;e9f6fb;e8f5fa;eaf7fc;e8f5fa;e6f3f8;e7f3fa;e7f3fa;e4f3f9;e5f4fa;e9f5fc;e7f3fa;e4f0f7;e0ecf3;e1ecf1;dfeaef;e2edf2;e2ebf0;e2ebf0;e0ebf0;e2edf2;e4eff4;e0ebf0;e1ecf1;e2edf2;e2edf2;dfeaef;dfeaef;e1ecf1;e2edf2;e2edf2;e4eff4;e3f0f5;dfecf1;e0edf2;dfebf2;e0eaf1;e1ebf2;e0eaf1;e9f4f9;eaf5fa;eaf5fa;e9f6fb;e8f5fa;e7f4f9;e9f4f9;e8f3f8;e6f1f6;e5f0f5;e6f1f6;e8f3f8;e5f0f5;e7f2f7;e7f2f7;e5f0f5;e9f4f9;e9f4f9;e8f3f8;e5f0f5;e5f0f5;e7f2f7;e6f0f7;e9f3fa;ebf6fb;e9f4f9;e6f1f6;e9f4f9;eaf5fa;e6f0f7;e9f3fa;e0ebf0;e0ebf0;e3edf4;e4eff4;e8f3f8;e8f3f8;e7f2f7;e8f3f8;e9f4f9;e8f3f8;e8f3f8;e7f2f7;e6f1f6;e5f0f5;e8f3f8;e8f3f8;eaf5fa;e7f2f7;e9f4f9;e9f3fa;e7f1f8;e6f0f7;eaf4fb;e8f2f9;e9f3fa;ebf5fc;ebf5fc;e8f2f9;e8f2f9;e9f3fa;ecf6fd;e9f3fa;e6f0f7;e7f1f8;e7f1f8;e7f1f8;e9f3fa;e9f3fa;e9f3fa;e6f0f7;e8f2f9;e8f2f9;e0ecf3;e5eff6;e3edf4;e2ecf3;e4eef5;e2ecf3;e4eef7;e5eff6;e4eef5;eaf4fb;e6f2f9;e7f2f7;e9f4f9;e7f1f8;e8f3f8;ebf5fc;edf7fe;ebf5fc;ecf6fd;e9f3fa;e8f2f9;e7f1f8;e8f2f9;e8f2f9;eaf4fb;e9f3fa;e2eef5;e1edf4;e3eff6;e6f0f7;e6f0f7;eaf4fb;e8f2f9;e9f3fa;e5eff6;e6f0f7;e4eff4;e8f3f8;e9f4f9;ebf6fb;e9f3fa;e9f3fa;e7f3fa;e7f3fa;e6f2f9;e7f3fa;e7f3fa;ebf7fe;e9f5fc;eaf6fd;e8f4fb;ebf5fc;e8f4fb;e8f4fb;e6f2f9;e4f3f9;e5f4fa;e6f5fb;e7f3fa;e7f4f9;e9f4f9;e9f3fa;eaf4fb;e2ecf3;e0eaf1;e2eef5;e4f0f7;e3eff6;e6f0f7;e6f0f7;e9f3fa;e7f1f8;e5eff6;e7f1f8;e4f0f9;e3eff8;e1edf6;e3eff8;e6f2fb;e0ecf5;e1edf6;e4f0f9;e5f1fa;e5f1fa;e3f1fa;e4f2fb;e1eff8;e2f0f9;e5f3fc;e3f1fa;e4f2fb;e3eff6;e5f1f8;e5f1f8;e5f1f8;e6f2f9;e3f1fa;e3f1fa;e1eff8;e1eff8;e5f3fc;e6f4fd;e4f2fb;e4f2fb;e3f1fa;e2f1f7;e0eef7;e3f1fa;e1eff8;e4f2fb;e2f0f9;e3f1fa;e3f1fa;e4f2fb;e4f2fb;e6f5fb;e5f3fc;e7f5fe;e4f2fb;e4f2fb;e5f3fc;e7f5fe;e4f4fd;e5f3fc;e4f4fd;deeef7;e1f1fb;ddedf7;deeef8;d9e8f5;d7e6f3;dae1ee;dde1ec;757178;7e777a;77706e;6a655f
dce8ef;d9e5ec;d3dfe6;d9e5ec;dbe7ee;dae6ed;d9e5ec;dbe7ee;deeaf1;dae6ed;dbe7ee;dde7ee;e0eaf1;dfe9f0;dfe9f0;e0eaf1;dee8ef;e0eaf1;dfeaef;dfeaef;dfe9f0;e1ebf2;deeaf1;dfebf2;e1edf4;dce8f1;dce8f1;dde9f0;dfe9f0;e2ecf3;e1ecf1;dde8ed;dee9ee;e0ebf0;dfe9f0;dfebf2;dce8ef;dde9f0;deeaf1;deeaf1;e0ecf3;dce8ef;dfebf2;e0ecf3;dce8ef;e2eef5;e3eff6;e1edf4;e4f0f7;e0ecf3;e2eef5;dde9f0;dce8ef;dfe9f0;e0eaf1;e2ecf3;e2eef5;e6f0f7;e1ebf2;e3edf4;e1ebf2;e3edf4;e8f2f9;e5eff6;e5eff6;e6f2f9;e5f1f8;e3eff6;e5f1f8;e7f1f8;e8f2f9;e9f3fa;dee8ef;dde7ee;e5eff6;eaf4fb;e9f3fa;e8f4fb;e6f2f9;e2eef5;e3eff6;e1edf4;dfecf1;deebf0;e5f2f7;edf8fd;edf8fd;e9f6fb;e7f4f9;e7f4f9;e7f4f9;e6f3f8;e7f4f9;e7f4f9;e8f5fa;e9f6fb;e9f5fc;e6f2f9;e6f2f9;e1edf4;e3eff6;e3eef3;dfeaef;e2edf2;e6eff4;e4edf2;e9f4f9;e8f3f8;e7f2f7;ebf6fb;ebf6fb;e9f4f9;e8f3f8;eaf5fa;e7f1f8;e7f2f7;e5f0f5;e9f4f9;e6f1f6;e9f4f9;e5f2f7;e6f1f6;dfe9f0;e1ebf2;dee8ef;e5eff6;e7f2f7;eaf5fa;e9f4f9;e7f2f7;e9f4f9;eaf5fa;e9f4f9;e6f1f6;e6f1f6;e8f3f8;e6f1f6;e7f2f7;e4eff4;e3eef3;e0ebf0;e6f1f6;e8f3f8;e4eff4;e4eff4;eaf5fa;ebf6fb;e9f4f9;e3eef3;e3edf4;e4eff4;e4eff4;e6f1f6;ebf6fb;eaf5fa;ecf6fd;e9f3fa;e2ecf3;e6f0f7;e1ebf2;e3eef3;e6f1f6;e7f1f8;e8f3f8;e8f3f8;eaf5fa;e7f2f7;ebf6fb;e8f3f8;e9f4f9;e7f2f7;e6f1f6;e5f0f5;e8f3f8;e8f3f8;e8f3f8;e5eff6;e5eff6;e6f0f7;e6f2f9;e8f4fb;e9f5fc;ecf6fd;ecf6fd;eaf4fb;ecf6fd;eaf4fb;eaf4fb;e9f3fa;e8f2f9;ebf5fc;e8f2f9;e8f2f9;e8f2f9;e8f2f9;e7f1f8;e7f1f8;e7f1f8;e6f0f7;e2eef5;e1edf4;e3eff6;e3eff6;e4eef5;e3edf4;e4eef5;e8f2f9;e5eff6;e4eef5;e6f0f7;e8f2f9;e5eff6;eaf4fb;edf8fd;e7f2f7;e7f1f8;e5f1f8;e8f4fb;eaf6fd;edf7fe;e8f2f9;e7f1f8;e9f3fa;e9f3fa;e6f2f9;e3eff6;e3eff6;e1edf4;e6f0f7;e5f1f8;ebf5fc;eaf4fb;e7f1f8;e6f0f7;e2edf2;e3eef3;e6f1f6;e9f4f9;e9f4f9;e9f3fa;e7f1f8;e6f0f7;e6f2f9;e8f4fb;e7f3fa;e8f4fb;e7f3fa;e9f3fa;eaf4fb;e8f2f9;ebf5fc;ebf5fc;e9f5fc;e7f3fa;e5f4fa;e6f5fb;e7f6fc;e8f4fb;e8f5fa;e8f3f8;ecf6fd;e5f1f8;e5f1f8;e1edf4;e0ecf3;e2eef5;e2eef5;e6f2f9;e8f2f9;e6f0f7;e9f3fa;e4eef5;e5eff6;e6f2f9;e3eff6;e2eef5;e1edf6;e4f0f9;e5f1fa;e3eff8;e6f2fb;e6f2fb;e7f3fc;e2f0f9;e3f1fa;e4f2fb;e3f1fa;e1eff8;e3f1fa;e5f4fa;e6f2f9;e5f1f8;e2eef5;e2eef5;e6f2f9;e1edf6;e3eff8;e0eef7;e2f0f9;e2f0f9;e1eff8;e3f1fa;e2f0f9;e2f0f9;e3f1fa;e1eff8;e6f4fd;e2f0f9;e0eef7;e4f2fb;e3f1fa;e3f1fa;e4f2fb;e3f2f8;e4f3f9;e3f2f8;e4f2fb;e3f1fa;e3f1fa;e4f2fb;e7f5fe;e2f2fb;e6f4fd;ebfbff;e3f3fd;e0f0fa;deeef8;dcebf8;d9e8f5;d7e6f3;dbe4f1;dee2ed;6f6e74;797275;746d6b;6b6660
e0ecf3;e0ecf3;d8e4eb;dce8ef;d8e4eb;dae6ed;d8e4eb;dfebf2;deeaf3;deeaf3;dbe7ee;d9e5ec;dce8ef;e2ecf3;dfe9f0;dde7ee;e2ecf3;dfeaef;dfeaef;dce7ec;e2edf2;dfeaef;e1edf4;deeaf1;e2eef5;dde9f0;dfebf2;dce6ef;e1ebf2;e0eaf1;e1ebf2;dce7ec;e0ebf0;dfe9f0;e0eaf1;dfe9f0;e1ebf2;dae4eb;dbe7ee;dce8ef;dce8ef;e1edf4;e1edf4;deeaf1;e1edf4;e2eef5;e0ecf3;deeaf1;dfebf2;e2eef5;e2eef5;e0ecf3;e3edf4;e5eff6;e6f0f7;e3edf4;e1ebf2;e3edf4;e2eef5;e1edf4;dfebf2;deeaf1;e3edf4;e0eaf1;e2ecf3;e3eff6;e4f1f6;e7f4f9;e8f5fa;e8f3f8;e7f2f7;e9f4f9;e5f0f5;e5eff6;ebf5fc;e8f2f9;e7f3fa;e9f5fc;e7f3fa;dfebf2;e3f0f5;e3f0f5;dce9ee;deebf0;e7f4f9;eaf5fa;edf8fd;eaf5fa;ebf6fb;ebf6fb;e5f2f7;e5f2f7;e7f4f9;e4f1f6;e1eef3;e3f0f5;e5f2f7;e5f2f7;e2eff4;e6f3f8;e6f3f8;e7f2f7;e9f4f9;e3eef3;e7f2f7;e6f1f6;e9f4f9;eaf5fa;e6f1f6;e8f3f8;e9f4f9;e7f2f7;e2eef5;e5f1f8;e6f2f9;eaf4fb;e6f1f6;e7f2f7;e8f3f8;e9f4f9;eaf5fa;eaf5fa;e6f1f6;e3eef3;dee9ee;e6f0f7;e6f0f7;e6f1f6;e7f2f7;e8f3f8;e6f3f8;e4f1f6;e4f1f6;e6f3f8;e7f2f7;eaf5fa;e4eff4;e5f0f5;e5f0f5;e3eef3;e5f0f5;e4eef5;dfe9f0;e7f1f8;e6f3f8;e7f4f9;e9f4f9;e4eff4;e4eff4;e6f1f6;e3eef3;e0ebf0;e4eff4;e8f3f8;eaf5fa;e8f3f8;ecf7fc;e6f1f6;e5f0f5;e5f0f5;e2edf2;e5f0f5;e7f1f8;e8f2f9;e9f4f9;e9f4f9;e8f2f9;e9f4f9;e8f3f8;e8f3f8;e5f0f5;e7f2f7;e8f3f8;e9f4f9;ecf6fd;e3eff6;e3edf4;e4f0f7;e3eff6;e3eff6;e7f3fa;e9f6fb;eaf6fd;ebf7fe;eaf6fd;edf7fe;edf8fd;eef9fe;f0fbff;ebf6fb;e8f3f8;ecf6fd;e8f3f8;e8f3f8;eaf5fa;e9f3fa;eaf4fb;e6f2f9;e5f1f8;e5f1f8;e5f1f8;e6f2f9;e1edf4;e3eff6;deeaf1;e5f1f8;e7f1f8;e8f2f9;e3edf4;e6f0f7;e7f1f8;e8f2f9;e8f2f9;ebf5fc;e9f3fa;eaf4fb;e8f4fb;e8f4fb;e9f5fc;e9f5fc;e8f4fb;e8f4fb;e7f3fa;e9f5fc;e8f4fb;e5f1f8;e6f2f9;e1edf4;e5eff6;e5f1f8;e5f1f8;e4f0f7;eaf4fb;e4eef5;e3eef3;e5f0f5;e8f3f8;e8f2f9;eaf4fb;e7f1f8;ebf5fc;eaf4fb;e9f3fa;e7f1f8;e7f3fa;e6f2f9;e6f2f9;e8f4fb;e7f3fa;e7f3fa;e6f2f9;e7f1f8;e3eff6;e6f2f9;e5f1f8;e8f4fb;e6f2f9;e9f5fc;e7f4f9;ebf7fe;e9f3fa;e6f2f9;e8f4fb;e3eff6;deeaf1;e0ecf3;e6f2f9;e5f1f8;e6f2f9;e3eff6;e2eef5;e4f0f7;e3eff6;e5f1f8;e5f1f8;e5f1f8;e4f0f7;e3eff8;e7f3fc;e2eef5;e3eff6;e4f0f9;e6f2f9;e6f2fb;e3f1fa;e0eef7;e5f3fc;e4f2fb;e3f2f8;e4f3f9;e2f1f7;e1f0f6;e4f3f9;e1eff8;e4f0f9;e3eff8;e5f1fa;e1eff8;e2f0f9;e1eff8;e2f0f9;e3f1fa;e2f0f9;e3f1fa;e1eff8;ddebf4;e5f3fc;ddecf2;e5f3fc;e7f6fc;e3f2f8;e4f3f9;e5f4fa;e3f2f8;e6f5fb;e5f4fa;e6f5fb;e3f1fa;e1f1fa;e3f3fc;e6f6ff;e3f3fc;e4f2fb;e1f1fa;e2f2fc;dfeff9;ddedf7;dcebf8;d9e8f5;d8e7f4;d8e7f4;dce3ee;717076;7a7376;77706e;6d6861
dce8ef;dde9f0;dae6ef;d7e3ea;d9e5ee;dae6ef;dae6ef;dce8f1;dfebf4;dbe7f0;dbe7f0;d9e5ec;dce8ef;dbe7ee;dbe7ee;e0eaf1;dfe9f0;e0eaf1;e0eaf1;e1ebf2;deebf0;ddeaef;e1ecf1;e2eef5;deeaf1;e2eef5;e0ecf3;dfebf2;e0eaf1;dfe9f0;dce6ed;dfe9f0;dde7ee;dee8ef;d9e3ea;d8e2e9;d9e3ea;dfe9f0;dee8ef;dee8ef;dbe5ec;e0ecf3;deeaf1;dfebf2;deeaf1;dce8ef;dde9f0;e1edf4;dbe7ee;deeaf1;dce8ef;e2ecf3;e3edf4;e1ebf2;e5eff6;e0eaf1;e2ecf3;e2edf2;e1ebf2;deeaf1;deeaf1;e0ecf3;e0ecf3;e2ecf3;e5eff6;e2ecf3;dfeaef;e0ebf0;e2edf2;dde8ed;e1ecf1;dce7ec;dee8ef;e3edf4;e9f3fa;e8f4fb;e4f0f7;e6f2f9;e6f3f8;e5f2f7;e4f1f6;dfecf1;e1eef3;e5f2f7;e9f4f9;e6f1f6;ebf6fb;e7f2f7;e7f2f7;e6f1f6;e2edf2;e7f2f7;e6f1f6;e6f1f6;e4eff4;e5f0f5;e5f0f5;e4eff4;e3eef3;e8f5fa;e5f0f5;e4eff4;eaf5fa;e8f3f8;e7f2f7;e7f2f7;e8f3f8;e7f4f9;e4eff4;e5f0f5;e7f2f7;e7f1f8;e8f2f9;e5eff6;e8f2f9;e4f0f7;e5eff6;e6f0f7;e4f0f7;e6f2f9;e6f1f6;e9f4f9;e5f0f5;e7f2f7;e6f1f6;e6f1f6;e4eff4;e5eff6;e3edf4;e3f0f5;e5f2f7;e3f0f5;e4f1f6;e5f2f7;e8f5fa;e3f0f5;e4f1f6;e3eff6;e1edf4;e5eff6;e5eff6;e9f3fa;e4eef5;dbe5ec;dfebf2;e3eff6;e6f1f6;e3eef3;e5f0f5;e7f2f7;e0ebf0;e2edf2;e6f1f6;e5f0f5;e7f2f7;e8f3f8;ecf7fc;ecf7fc;eaf5fa;e8f3f8;e5f0f5;e5f0f5;e7f2f7;e7f1f8;e7f1f8;e6f0f7;e9f3fa;e8f4fb;e6f2f9;e7f4f9;e8f5fa;e8f4fb;e8f2f9;e8f2f9;e7f1f8;e8f2f9;e5eff6;eaf4fb;e3eff6;e8f2f9;e7f1f8;e3eff6;e3eff6;e6f2f9;e7f3fa;e7f3fa;eaf5fa;e7f2f7;ecf7fc;ebf6fb;eaf4fb;e5eff6;e5eff6;e7f1f8;e6f0f7;e7f1f8;e8f2f9;e9f3fa;eaf4fb;e9f3fa;e8f2f9;e9f3fa;e7f1f8;e8f4fb;e7f3fa;e9f3fa;e8f2f9;e9f3fa;e7f1f8;e3edf4;e2ecf3;e3edf4;e4eef5;e5eff6;e7f3fa;e8f4fb;e6f2f9;e3eff6;e2eef5;e6f2f9;e8f4fb;e7f3fa;eaf6fd;e5f1f8;eaf6fd;e9f5fc;e5f1f8;e3eff6;e5eff6;e6f0f7;e6f0f7;e9f3fa;eaf4fb;eaf4fb;e6f1f6;e7f2f7;e3eef3;e5eff6;e6f0f7;eaf4fb;e9f3fa;e7f1f8;e8f2f9;e9f3fa;e6f0f7;e2eef5;e7f3fa;e7f3fa;e7f3fa;e6f2f9;e7f3fa;e6f2f9;e7f3fa;e7f3fa;e7f3fa;e7f3fa;e7f3fa;e7f3fa;e6f2f9;e8f4fb;e6f2f9;e5f1f8;e9f5fc;e5f1f8;e3eff6;e0ecf3;e0ecf3;e1edf4;e5f1f8;e1edf4;e3eff6;e5f1f8;e6f2f9;e4f0f7;e3f2f8;e3f1fa;e2f1f7;e2f1f7;e3eff6;e5f1fa;e5f1fa;e5f1fa;e6f2fb;e5f1fa;e6f2fb;e1edf6;e6f2fb;e4f0f9;e2f1f7;e2f1f7;e1eff8;e0eef7;dfedf6;e2f0f9;e2f0f9;dfedf6;e1eff8;e2f0f9;e3f1fa;e3f1fa;e0eef7;dfedf6;e1eff8;e3f1fa;e4f2fb;e1eff8;e3f1fa;e6f4fd;e5f4fa;e5f4fa;e1f0f6;e5f3fc;e3f1fa;e5f4fa;e7f6fc;e5f4fa;e4f3f9;e4f5fb;e4f4fd;e2f2fb;e3f3fc;e0f0f9;e2f2fc;e1f1fb;deeef8;e1f1fb;e0effc;dbeaf7;d5e6f2;dae9f6;e1eaf5;d4d9e3;736b72;777073;756e6c;6f6a63
dee8ef;dce6ed;dae4ed;dce8f1;dde9f2;dde9f2;d7e5ee;dce8f1;dce8f1;deeaf3;d5e1ea;d9e5ec;dae6ed;d9e5ec;dae6ed;dee8ef;e3edf4;e1ebf2;e0eaf1;dfe9f0;deeaf1;deebf0;e2edf2;dfeaef;e0ebf0;e1ebf2;dde9f0;dde9f0;dbe7ee;e3edf4;dee8ef;dce7ec;dce7ec;e1eaef;dce6ed;e0eaf1;dce6ed;dae4eb;dbe5ec;dbe5ec;dee8ef;dae6ed;dde9f0;dce8ef;dbe7ee;dbe5ec;dce6ed;e0eaf1;dfebf2;e1edf4;e0ecf3;e6f0f7;e7f1f8;e3edf4;dfe9f0;e3edf4;e5eff6;e6f0f7;e5eff6;e4eef5;e4f0f7;e0ecf3;dce8ef;deeaf1;e0eaf1;e2ecf3;dfeaef;dde8ed;dae5ea;d3dee3;d5dee3;d5dfe6;dae4eb;e4eef5;e3edf4;e6f2f9;e3eff6;e5f2f7;e7f4f9;e5f2f7;d9e6eb;e0edf2;dfecf1;e4f1f6;e8f3f8;e9f4f9;e9f4f9;e4eff4;e3eef3;e5f0f5;e3eef3;e1ecf1;e3eef3;e4eff4;e5f0f5;e5f0f5;e7f2f7;e0ebf0;e6f1f6;e9f4f9;e8f3f8;e4eff4;e6f1f6;e7f2f7;e9f4f9;e9f4f9;e9f6fb;e6f3f8;e6f1f6;e5f0f5;eaf5fa;eaf4fb;e6f0f7;e9f4f9;e7f2f7;e6f2f9;e8f2f9;eaf4fb;e7f1f8;e7f3fa;e8f3f8;e7f2f7;e9f4f9;eaf5fa;e4eff4;e8f3f8;e4eff4;e7f1f8;e6f0f7;e3f0f5;e2eff4;e4f1f6;e5f2f7;e7f4f9;e6f3f8;e4f1f6;e3eff6;e1edf4;e2eef5;e5eff6;e5eff6;e5f0f5;e5f0f5;d5e0e5;e0ebf0;e2eff4;e7f2f7;e2edf2;e8f3f8;e7f2f7;e7f2f7;e5f0f5;e5f0f5;e3eef3;e5f0f5;e6f1f6;e9f4f9;e9f4f9;ecf7fc;e9f4f9;e6f1f6;e5f0f5;e4eff4;e4eef5;e6f0f7;e7f1f8;e8f2f9;e7f3fa;e7f3fa;e8f4fb;e7f3fa;e4f0f7;e4f0f7;e7f1f8;e7f1f8;e6f2f9;e8f2f9;e8f2f9;e7f1f8;e8f2f9;e5eff6;e4eef5;e7f3fa;e6f2f9;e6f2f9;e6f2f9;e7f3fa;eef8ff;edf8fd;eaf5fa;ebf5fc;e8f4fb;e3edf4;e5eff6;e6f0f7;e9f3fa;e7f1f8;e6f0f7;e7f3fa;ebf5fc;e9f3fa;e7f1f8;e9f3fa;e9f3fa;e5f1f8;e5eff6;e5eff6;e6f0f7;e8f2f9;e8f2f9;e5eff6;e3edf4;e0ecf3;e2ecf3;e6f0f7;e7f1f8;e6f2f9;e4f0f7;e2eef5;e5f1f8;e8f4fb;e8f4fb;eaf6fd;eaf6fd;e8f4fb;e6f2f9;e4f0f7;e1edf4;e5eff6;e8f2f9;e2ecf3;e4eef5;e4eff4;e8f3f8;e8f3f8;e6f1f6;e4eff4;e0ecf3;e4f0f7;e4f0f7;e6f0f7;e5eff6;e7f1f8;e6f0f7;e7f1f8;e8f2f9;e7f3fa;e9f5fc;e9f5fc;e6f2f9;e6f2f9;e4f0f7;e4f0f7;e5f1f8;e5f1f8;e9f5fc;e8f4fb;e7f3fa;e6f2f9;e4f0f7;e4f0f7;e9f5fc;ebf7fe;e8f4fb;e9f5fc;e9f3fa;e2ecf3;e3edf4;e4f0f7;e5f1f8;e3eff6;e3eff6;e4f3f9;e0eff5;e1eff8;e2f0f9;e1eff8;e3f2f8;e0eff5;e2f1f7;e3f1fa;e2f0f9;e3f2f8;e6f2fb;e5f1fa;e4f0f7;e3eff8;e3eff6;e0eff5;e3f2f8;e0eef7;e2f0f9;e1eff8;e1eff8;e0eef7;e2f0f9;e1eff8;e1eff8;e1eff8;e2f0f9;e2f0f9;e0eef7;e3f2f8;e3f1fa;e5f3fc;e4f2fb;e2f1f7;e1f0f6;e2f0f9;e3f1fa;e5f4fa;dfeff8;e4f4fd;e6f6ff;e4f3f9;e6f7fd;e9f8fe;e1f2f8;e6f6ff;e5f5fe;e3f3fc;e1f1fa;e5f3fc;e1f1fb;dfeff9;dbebf5;dae9f6;dcedf9;d9eaf6;dae9f6;dce5f2;e2e6f1;7d747b;777073;736c6a;69645d
e2ecf3;e2ecf3;dce6ed;d9e5ee;deeaf3;dae6ef;dce8f1;dce8f1;dce8f1;dce8f1;d9e5ec;dde9f0;dce8ef;dcebf1;dbeaf0;dde9f0;dde9f0;dee8ef;dce6ed;dee8ef;e2ecf3;e1ebf2;dee8ef;dde9f0;dfebf2;deeaf1;e1edf4;e3eff6;dce8ef;e1ebf2;dfe9f0;dfe9f0;e1e9f0;e2eaf1;e1ebf2;e0eaf1;dce6ed;dce6ed;dce6ed;dde7ee;d9e3ea;dce6ed;dfe9f0;dbe5ec;dee8ef;e0eaf1;e3edf4;e2eef5;e1edf4;e5f1f8;e4f0f7;e5eff6;e8f3f8;e4eff4;e6f1f6;e5f0f5;e4f0f7;e5f1f8;e4eef5;e1ebf2;e3edf4;e0eaf1;e0eaf1;e0ecf3;dfe9f0;e0eaf1;e2ecf3;e2ecf3;e2ecf3;d9e3ea;d7e1e8;dce6ed;e1ebf2;e2ecf3;e1ebf2;e3eff6;e3eff6;e5f1f8;e1edf4;e3eff6;dfebf2;e2eff4;e2eff4;e7f4f9;eaf5fa;e8f3f8;e7f2f7;e6f1f6;e6f1f6;dee9ee;e0ebf0;e0ebf0;dde8ed;e1ecf1;e3ecf1;e5eef3;e6eff4;e6eff4;e7f0f5;e8f3f8;e6f1f6;e5f0f5;e7f2f7;e6f1f6;e5f0f5;e8f3f8;e7f2f7;e6f1f6;e7f1f8;e8f3f8;e7f2f7;e8f3f8;e9f4f9;e7f2f7;e7f2f7;eaf5fa;e9f4f9;e8f3f8;e4eff4;e8f3f8;e9f4f9;e8f3f8;e6f1f6;e6f1f6;e6f1f6;ebf6fb;eaf5fa;e8f3f8;e6f1f6;e8f3f8;e7f4f9;e4f1f6;e8f5fa;e5f2f7;e4f1f6;e7f2f7;e6f0f7;e4eef5;e6f2f9;e4f1f6;e4f1f6;e4f1f6;e7f2f7;eaf5fa;e7f2f7;e4eff4;e3edf4;e1edf4;e4f0f7;e4f0f7;e7f4f9;e5f2f7;e4eef5;e4eff4;e3eef3;e4eff4;e3eef3;e5f0f5;e8f3f8;eaf4fb;eaf4fb;e1ebf2;e3edf4;e3edf4;e5eff6;e9f3fa;e7f1f8;e5f1f8;e6f2f9;e8f4fb;e8f4fb;e6f2f9;e5f1f8;e4f0f7;e9f3fa;e4f0f7;e8f2f9;e8f2f9;e7f1f8;e7f1f8;e9f3fa;e7f1f8;e7f1f8;e6f0f7;e3eff6;eaf6fd;e8f4fb;e8f4fb;e9f6fb;e9f6fb;e9f5fc;eaf6fd;e9f3fa;e8f2f9;e4eef5;e5eff6;e9f3fa;ebf5fc;e6f2f9;e8f4fb;e9f5fc;e9f5fc;ebf5fc;ebf5fc;e9f3fa;e9f3fa;e8f2f9;e8f2f9;e9f5fc;eaf4fb;e8f2f9;e9f3fa;e1ebf2;e3edf4;e4eef5;e5eff6;e4eef5;e6f0f7;e5f1f8;e6f2f9;e4f0f7;e5f1f8;e6f2f9;e8f4fb;e9f5fc;e7f3fa;e4f0f7;e5f1f8;e9f3fa;e8f2f9;e7f1f8;e4eef5;e6f0f7;e8f3f8;ebf6fb;e9f4f9;e8f3f8;e4f0f7;e2eef5;e2eef5;e4f0f7;e9f3fa;eaf4fb;e8f2f9;e8f2f9;e7f1f8;e7f1f8;e4f0f7;e7f3fa;e6f2f9;e6f3f8;e7f3fa;e8f4fb;e7f3fa;e7f3fa;e6f2f9;e7f3fa;e6f2f9;e7f3fa;e8f4fb;e4f0f7;e7f3fa;e6f2f9;e5f1f8;eaf6fd;eaf6fd;e4f0f7;dfebf2;e7f3fa;e2f1f7;e3f2f8;e5f4fa;e3f1fa;e2f0f9;ddedf6;e1eff8;dfeef4;e1f0f6;e1f0f6;e7f3fa;e0eff5;e3f2f8;e3f2f8;e4f0f7;e2f1f7;e5f4fa;e4f0f7;e4f0f7;e1eff8;e3f1fa;e1eff8;e4f2fb;e4f0f9;e4f0f9;e3eff8;e3eff8;e5f1fa;e0eef7;e3f1fa;e2f0f9;e4f2fb;e4f2fb;e2f0f9;e4f2fb;e5f3fc;e4f2fb;e5f3fc;e3f1fa;e5f3fc;e3f1fa;e5f3fc;e1f1fa;e2f2fb;e3f1fa;e2f2fb;e3f3fc;e8f6ff;e2f3f9;e4f4fd;e6f6ff;e4f4fd;e0f0f9;e5f5fe;e0f0fa;deeef8;dcecf6;dcebf8;d8e9f5;d8e9f5;d8e9f5;deeaf4;dfe4ee;776f76;7e777a;716a68;706b65
e0eaf1;deeaf1;dee8ef;dbe7ee;dae6ef;dae6ef;d5e1ea;d8e4ed;dae4ed;dce6ef;deeaf3;dde9f0;dde9f0;dbeaf0;dcebf1;dae6ed;dce8ef;dee8ef;e0eaf1;e2ecf3;e1ebf2;e1ebf2;e2ecf3;dde9f0;dae6ed;dde9f0;dbe7ee;e0ecf3;e0ecf3;e1ebf2;dee8ef;dbe5ec;c9d1d8;e2eaf1;d7e1e8;d9e3ea;dce6ed;dbe5ec;e0eaf1;dfe9f0;dce6ed;dae4eb;dce6ed;dce6ed;e2ecf3;e8f2f9;e9f3fa;e6f2f9;e6f2f9;e3eff6;e7f1f8;e2ecf3;e6f1f6;e5f0f5;e5f0f5;e2eff4;e6f2f9;e1edf4;e1edf4;dfe9f0;dfe9f0;e0eaf1;e1ebf2;dfe9f0;dee8ef;dfe9f0;e0eaf1;dfe9f0;e0eaf1;e1ebf2;e8f2f9;ecf6fd;ebf5fc;e7f1f8;e4eef5;e2eef5;e2eef5;dfebf2;e1edf4;e2eef5;e3eff6;dfebf2;e0ecf3;e6f3f8;e6f3f8;e8f3f8;e6f1f6;e5f0f5;e6f1f6;e0ebf0;e0ebf0;dee9ee;dde8ed;dbe6eb;dee7ec;dfe8ed;e6eff4;e6eff4;e6eff4;e7f2f7;e6f1f6;e5f0f5;e6f1f6;e6f1f6;e3eef3;e8f3f8;e5f0f5;e7f1f8;e8f2f9;e5f0f5;e8f3f8;e9f4f9;eaf5fa;eaf5fa;e8f3f8;e8f3f8;e8f3f8;e7f2f7;e8f3f8;e6f1f6;e6f1f6;e9f4f9;e9f4f9;e8f3f8;e7f2f7;e9f4f9;e9f4f9;e6f1f6;e6f1f6;e4eff4;e4eff4;e5f2f7;e2eff4;e4f1f6;e7f3fa;e9f3fa;e5eff6;e6f0f7;e2eef5;e1eef3;e3f0f5;e5f0f5;e8f3f8;e6f1f6;e5f0f5;e8f3f8;e7f1f8;e4f0f7;e6f2f9;e5f1f8;e4f0f7;e2eef5;e5eff6;e5f0f5;e5f0f5;e4eff4;dfeaef;e4eff4;e7f1f8;eaf4fb;eaf4fb;e7f1f8;e6f0f7;e1ebf2;e1ebf2;e2ecf3;e9f3fa;e9f3fa;e6f2f9;e6f2f9;e5f1f8;e8f4fb;e5f1f8;e5f1f8;e5f1f8;e5f1f8;e8f2f9;e6f0f7;e7f3fa;e7f1f8;e6f0f7;eaf4fb;e7f1f8;e6f0f7;e8f2f9;e6f2f9;e6f2f9;e7f3fa;e8f5fa;ecf9fe;ecf9fe;e7f4f9;eaf4fb;e9f3fa;eaf4fb;e7f1f8;e7f1f8;e6f0f7;e7f3fa;e6f2f9;e4f1f6;e6f2f9;eaf4fb;ebf5fc;eaf4fb;e8f2f9;e9f3fa;e9f3fa;e8f4fb;ebf5fc;e7f3fa;e8f2f9;e3edf4;e5eff6;e3edf4;e1ebf2;e5eff6;e4eef5;e7f1f8;e2eef5;e1edf4;e4f0f7;e6f2f9;e8f4fb;e8f4fb;ebf7fe;e6f2f9;e5eff6;e8f2f9;e8f2f9;e6f0f7;e6f0f7;e4eff4;e4eef5;e7f4f9;e8f5fa;ebf7fe;eaf6fd;e4f0f7;e0ecf3;e3edf4;e5eff6;e7f1f8;e7f1f8;eaf4fb;e7f1f8;e7f3fa;e7f3fa;e7f3fa;e3eff6;e7f3fa;e8f4fb;e7f3fa;e6f2f9;e9f5fc;e7f3fa;e8f4fb;e7f3fa;e7f3fa;e8f4fb;e4f0f7;e9f5fc;e5f1f8;e8f4fb;eaf6fd;e8f4fb;e7f3fa;e4f0f7;e6f2f9;e7f5fe;e5f3fc;e0eef7;e0eef7;e0eef7;dfeff8;e2f1f7;e2f1f7;e5f4fa;e6f5fb;e6f2f9;e6f2f9;e4f3f9;e2f1f7;e6f5fb;e4f3f9;e6f5fb;e6f5fb;e4f2fb;e5f3fc;e5f3fc;e5f3fc;e4f2fb;e4f0f9;e4f0f7;e9f5fe;e8f4fd;e6f2fb;e6f2fb;e5f1fa;e3eff8;e4f0f7;e1edf6;dfedf6;e3f1fa;e5f3fc;e4f2fb;e6f4fd;e4f2fb;e3f1fa;e6f4fd;e1eff8;e5f3fc;e4f2fb;e2f0f9;e1f1fa;e1f1fa;e6f4fd;e5f5fe;e5f5fe;e5f6fc;e4f5fb;e2f2fb;e4f4fd;e2f2fc;deeef8;deedfa;ddecf9;d8e9f5;d9eaf6;dbeaf7;e0e9f4;dbe0ea;737278;797275;77706e;6f6a64
dde9f0;dbe7ee;dbe7ee;d8e4eb;d5e1e8;d7e3ea;dce8f1;dbe7f0;dce8f1;dbe7f0;dae6ef;dae6ef;deeaf1;dde9f0;dbe7ee;dde9f0;dbe7ee;dee9ee;dde8ed;dfeaef;e5eff6;e0edf2;e1edf4;deeaf1;deeaf1;dfebf2;e2ecf3;e0eaf1;dde9f0;e2ecf3;e0eaf1;e1ebf2;dce6ed;d8e2e9;dde7ee;e0eaf1;d9e3ea;d7e1e8;dce6ed;dce6ed;dae4eb;dee8ef;e7f1f8;e9f3fa;e8f2f9;e7f3fa;e7f3fa;e7f3fa;e1edf4;e6f2f9;e7f1f8;e4eef5;e5eff6;e7f1f8;e5eff6;e4f0f7;e1edf4;dfebf2;dde9f0;dde9f0;d9e5ec;dfe9f0;e3edf4;e5eff6;e5eff6;e6f0f7;e8f2f9;e4f0f7;e7f3fa;e8f4fb;e7f1f8;e9f3fa;eaf6fd;e8f4fb;e5f2f7;dfebf2;e0ecf3;e2eef5;e0ecf3;e0ecf3;e4eef5;e1ebf2;e7f1f8;eaf4fb;e6f1f6;e7f2f7;e8f3f8;e1ecf1;e2edf2;e4eef5;e3edf4;e2ecf3;e1ebf2;dde7ee;dce7ec;e1eaef;e6eff4;e9f2f7;e6eff4;e3eef3;e5f0f5;e5f0f5;e5f0f5;e5f0f5;e6f1f6;e8f3f8;e8f3f8;e7f2f7;e5f0f5;e9f4f9;e8f3f8;e4eff4;e8f3f8;e7f2f7;eaf5fa;e8f3f8;e9f4f9;e6f1f6;e8f3f8;e6f1f6;e6f1f6;e7f2f7;e7f2f7;e7f2f7;e6f1f6;e7f2f7;e6f1f6;e8f3f8;e5f0f5;e4eff4;eaf5fa;eaf4fb;e6f2f9;e3eff6;e6f2f9;e4f0f7;e6f0f7;e4eef5;e3edf4;e5f0f5;e4eff4;e1eef3;e8f3f8;e5f0f5;e3eef3;e5f0f5;e4eef5;e4f0f7;e7f3fa;e3eff6;e6f2f9;e4f0f7;e7f1f8;e9f4f9;e2edf2;e4eff4;e5f0f5;e6f1f6;e1ecf1;e4eef5;e8f2f9;e6f0f7;e9f3fa;e6f0f7;e6f0f7;e5eff6;e5eff6;e7f3fa;e9f6fb;e8f4fb;e6f2f9;e6f2f9;e8f4fb;e7f3fa;e5f1f8;e8f4fb;e6f2f9;ecf6fd;ebf5fc;e9f3fa;eaf4fb;e7f1f8;e8f2f9;e5eff6;e7f1f8;e7f1f8;e9f3fa;e8f2f9;e6f2f9;eaf6fd;edf8fd;e9f4f9;ecf7fc;e9f3fa;ebf5fc;e6f0f7;e8f2f9;e9f3fa;e9f4f9;e9f4f9;ebf6fb;ebf6fb;ecf7fc;e8f2f9;eaf4fb;e6f0f7;e9f3fa;eaf4fb;e7f3fa;eaf4fb;e6f2f9;e7f1f8;e5eff6;e8f2f9;e9f3fa;e6f0f7;e2ecf3;dfe9f0;e2ecf3;e7f1f8;e5f1f8;e4f0f7;e5f1f8;e4f0f7;e8f4fb;eaf6fd;e8f4fb;e8f4fb;e7f3fa;e6f2f9;eaf4fb;e5eff6;e3edf4;e3eff6;e5f1f8;e7f3fa;e6f2f9;e3eff6;e5f1f8;e6f0f7;e6f0f7;e5eff6;e6f0f7;e9f3fa;e6f2f9;e6f2f9;e8f4fb;e5f1f8;e5f1f8;e3eff6;e3eff6;e3eff6;e7f3fa;e7f3fa;e3eff6;e7f3fa;e9f6fb;e7f4f9;e5f1f8;e5f1f8;e8f4fb;e5f1f8;e8f4fb;e6f2f9;e6f2f9;e7f3fa;e8f4fb;e4f3f9;deecf5;e0eef7;deecf5;deecf5;e0eef7;dfeef4;e2f1f7;e1f0f6;ddecf2;e6f5fb;e5f1f8;e5f1f8;e4f0f7;e4f2fb;e3f1fa;e0eef7;e4f2fb;e4f2fb;e4f3f9;e0eef7;e5f1fa;e5f1fa;e3f1fa;e2f0f9;e2f1f7;e1f0f6;e1f0f6;e3eff6;e6f2f9;e6f2fb;e3f1fa;e0eef7;e5f1f8;e7f3fa;e3f1fa;e1eff8;e2f1f7;e3f1fa;e5f3fc;e3f2f8;e2f1f7;e3f1fa;e6f4fd;e2f0f9;e7f5fe;e7f5fe;e5f3fc;e3f1fa;e3f1fa;e3f3fc;e5f5fe;e7f8fe;e3f3fc;e4f4fd;e3f3fc;deeef8;dfeff9;e0f0fa;ddedf7;dfeefb;dbeaf7;dbeaf7;e4edfa;d9dee9;76757b;7a7579;756e6f;6f6a64
e5f0f5;e2eef5;dce8ef;dae6ed;d6e2e9;d3dfe6;d7e3ec;d7e3ec;d6e2eb;e0eaf3;d8e4ed;dae6ef;dde9f2;dfebf2;deeaf1;deeaf1;deeaf1;ddeaef;dae5ea;e0ebf0;deeaf1;deebf0;deeaf1;dbe7ee;dbe7ee;d8e4eb;dfe9f0;dde7ee;deeaf1;e2ecf3;dfe9f0;dde7ee;dde7ee;d9e3ea;e0eaf1;dce6ed;d8e2e9;dae4eb;d7e1e8;d9e3ea;dfe9f0;e1ecf1;e8f3f8;e8f2f9;e8f2f9;ebf7fe;e4f0f7;e5f1f8;e0ecf3;e3eff6;e5eff6;e2ecf3;e2ecf3;e4eef5;e2ecf3;dfebf2;dfebf2;deeaf1;e1edf4;e3eff6;e4f0f7;eaf6fd;e4f0f7;e9f5fc;e9f6fb;e7f4f9;e9f4f9;e6f3f8;eaf6fd;e8f4fb;e3eff6;ebf7fe;e8f4fb;e3eff6;e2eff4;e5f1f8;e2eef5;e1edf4;e3eef3;e1ebf2;e6f0f7;e2ecf3;e2ecf3;e3eef3;e7f2f7;e5f0f5;e6f1f6;e2edf2;e4eef5;e0eaf1;e0eaf1;e1ebf2;e1ebf2;e0eaf1;dde8ed;dae5ea;e1eaef;e6eff4;e2edf2;e4eff4;e0ebf0;e2edf2;e6f1f6;e7f2f7;e6f1f6;e3eef3;e8f3f8;e8f3f8;e4eff4;e7f2f7;e8f3f8;e4f1f6;e6f1f6;e8f3f8;e8f3f8;e8f3f8;e6f1f6;e7f2f7;e6f1f6;e7f2f7;e6f1f6;e4eff4;e8f3f8;e8f3f8;e6f1f6;eaf5fa;e6f1f6;e6f1f6;e5f0f5;e4eff4;e5f0f5;e9f3fa;e6f0f7;eaf4fb;e8f2f9;e8f2f9;e8f2f9;e6f0f7;e4eef5;e6f1f6;e6f1f6;e4f1f6;e7f2f7;e6f1f6;e3eef3;e2ecf3;e4eef5;e5f1f8;e5f1f8;e5f1f8;e1edf4;e3eff6;e7f1f8;ebf6fb;eaf5fa;e7f2f7;e2edf2;e0ebf0;e2edf2;e1ebf2;e6f0f7;e6f0f7;e8f2f9;e8f2f9;e5eff6;e4eef5;e2ecf3;e4f0f7;e5f2f7;e7f2f7;e7f4f9;e7f4f9;e7f4f9;e8f4fb;e7f3fa;e6f2f9;e2eef5;e6f0f7;e5eff6;e9f3fa;e6f0f7;e7f1f8;e3eff6;e7f1f8;e9f3fa;e7f1f8;e6f0f7;e9f3fa;e7f3fa;eaf6fd;e9f4f9;e7f4f9;ecf7fc;ecf6fd;ecf6fd;eaf4fb;e9f3fa;e8f3f8;e8f3f8;e9f4f9;e9f4f9;e8f3f8;e7f2f7;eaf4fb;e8f2f9;e5f1f8;e5f1f8;e5f1f8;e5f1f8;e8f4fb;e8f4fb;eaf4fb;e9f3fa;e7f1f8;e5eff6;e4eef5;e3edf4;e2ecf3;e5eff6;e3edf4;e5f1f8;e4f0f7;e6f2f9;e4f0f7;e5f1f8;ebf7fe;ebf7fe;e7f3fa;e7f3fa;e5f1f8;e5f1f8;e6f2f9;e4f0f7;e4f0f7;e2eef5;e2eef5;e5f1f8;e6f2f9;eaf6fd;e7f1f8;e9f3fa;e6f0f7;e2ecf3;e7f1f8;e6f2f9;e5f1f8;e7f3fa;e7f3fa;e5f1f8;e5f1f8;e3eff6;e6f2f9;e5f1f8;e7f3fa;e6f2f9;e7f3fa;e7f4f9;e9f6fb;e7f3fa;e7f3fa;e5f1f8;e5f1f8;e8f4fb;e9f5fc;e4f3f9;e5f4fa;e7f6fc;e6f5fb;e5f3fc;e1edf6;deeaf3;e2eef7;e5f1f8;e3eff6;e1f0f6;e4f0f7;e3eff6;e2eef5;e5f1f8;e4f0f7;e5f1f8;e3eff8;e0eff5;e4f2fb;e6f4fd;e4f2fb;e3f1fa;e3f1fa;e6f2fb;e4f0f9;e6f4fd;e5f3fc;e4f2fb;e2f1f7;e2f1f7;e4f0f7;e3eff6;e1eff8;e1eff8;e4f2fb;e3f2f8;e2f1f7;e0eff5;e4f2fb;e2f1f7;e2f1f7;e3f1fa;e5f4fa;e5f4fa;e6f4fd;e4f2fb;e5f3fc;e4f2fb;e4f2fb;e7f7ff;e4f4fd;e4f2fb;e4f4fd;e4f4fd;e5f6fc;e6f6ff;e2f2fb;e1f1fa;e1f1fb;dfeff9;deeef8;dcecf6;e0f0fa;dae9f6;dbeaf7;e2ebf6;d1d6e0;6e6f75;767175;746d6e;6c6963
e1ecf1;dee9ee;e1edf4;d8e4eb;d6e2e9;d9e5ee;d8e6ef;d6e4ed;dae6ef;d8e4ed;dde9f2;dbe7f0;e0eaf1;dfebf2;dfebf2;dbe7ee;e0ecf3;deeaf1;dbe7ee;e0ecf3;e1edf4;dfebf2;deeaf1;dce8ef;deeaf1;deeaf1;dbe7ee;dce8ef;dfebf2;dce8ef;e0edf2;dee9ee;dee9ee;e1ebf2;d9e3ea;dbe5ec;dce6ed;d8e2e9;dbe5ec;dce6ed;e1ebf2;e2ecf3;e5eff6;e6f1f6;e4eff4;e8f2f9;e1ebf2;dae4eb;e1edf4;deeaf1;e0eaf1;e0eaf3;e3edf4;e4eef5;e2ecf3;e1ebf2;e1edf4;e4f0f7;e4f0f7;eaf6fd;e9f5fc;e9f5fc;e8f4fb;e7f3fa;ebf7fe;e7f4f9;e6f3f8;e6f3f8;e7f4f9;eaf6fd;e7f4f9;e3eff6;e8f4fb;e9f4f9;e6f1f6;e5f0f5;e5eff6;e3edf4;e3eef3;e1ecf1;e1ecf1;e4eff4;dfeaef;e7f0f5;e3eef3;e5f0f5;dfeaef;e2ecf3;e2ecf3;e0eaf1;e3edf4;dfebf2;deeaf1;deebf0;dce7ec;e0ebf0;dde8ed;dee9ee;e4eff4;e5f0f5;e6f1f6;e6f1f6;e6f1f6;e8f3f8;e7f2f7;e5f0f5;e4eff4;e0ebf0;e7f2f7;e7f2f7;e8f3f8;e5f2f7;e4f1f6;e7f2f7;ebf6fb;e7f2f7;e8f3f8;e7f2f7;e8f3f8;e3f0f5;e7f2f7;e9f4f9;e6f1f6;e8f3f8;e7f2f7;e7f2f7;e7f2f7;e8f3f8;e4eff4;e3eef3;e6f1f6;e4eff4;e9f4f9;e7f2f7;e3eef3;e6f1f6;e7f2f7;e7f2f7;e4eff4;e8f2f9;e7f1f8;e4f1f6;e3f0f5;e1edf4;e4f0f7;e7f1f8;e6f0f7;e4f0f7;e4f0f7;e6f2f9;e5f1f8;e3eef3;e9f4f9;e7f4f9;e9f4f9;e6f1f6;e3eef3;e3eef3;e0ebf0;dfeaef;dee9ee;e7f2f7;eaf4fb;eaf4fb;e8f2f9;e2eef5;e3eff6;e0edf2;e6f3f8;e7f4f9;e8f5fa;ebf6fb;ebf6fb;eaf7fc;e9f5fc;e6f2f9;e4f0f7;e5f1f8;e6f0f7;e9f3fa;ecf6fd;e7f3fa;eaf4fb;e7f1f8;e7f1f8;e7f1f8;e6f0f7;e7f1f8;eaf4fb;e7f3fa;e8f4fb;e7f3fa;ebf7fe;ebf5fc;ecf6fd;ecf7fc;e6f0f7;e8f3f8;e9f2f7;e9f2f7;eaf3f8;ebf4f9;ebf6fb;e7f1f8;e5eff6;e0ecf3;e2eef5;e6f2f9;e6f2f9;e7f3fa;e7f3fa;e7f3fa;e4f0f7;e9f3fa;e9f3fa;e5eff6;e5eff6;e2ecf3;e6f0f7;e4eef5;e2ecf3;e4eef5;e3eff6;e2eef5;e5f1f8;e8f4fd;e9f5fc;e9f5fc;eaf6fd;e6f2f9;e4f0f9;e5f1fa;e7f3fc;e3eff8;e3eff6;e2eef5;e4f0f7;e1edf4;e4f0f7;e7f1f8;eaf4fb;e9f3fa;e3eff6;dfebf2;e3eff6;e6f2f9;e9f5fc;e8f4fb;e5f1f8;e4f0f7;e5f1f8;e7f3fa;e7f3fa;e6f2f9;e5f1f8;e9f5fc;e8f5fa;eaf7fc;eaf7fc;e5f2f7;e5f1f8;e4f3f9;e5f4fa;e5f4fa;e7f6fc;e2f1f7;e5f4fa;e6f2f9;e5f1f8;dfebf2;dfebf2;e2eef5;e5f1f8;e2eef5;e5f1f8;e1edf4;deeaf1;e1edf4;e6f2f9;e3eff6;e5f1f8;e4f3f9;e5f1f8;e3f2f8;e1f0f6;e3f2f8;e4f0f7;e5f1fa;e4f0f9;e3eff8;e2f0f9;e2f0f9;e3f1fa;e3f2f8;e2f1f7;e3f2f8;e3eff6;e3eff6;e2f1f7;e0eff5;e2f0f9;e4f2fb;e0eef7;e3f1fa;e5f3fc;e4f2fb;e4f2fb;e1eff8;e3f2f8;e4f3f9;e4f3f9;e5f4fa;e5f4fa;e3f2f8;e3f3fc;e5f5fe;e1eff8;e4f2fb;e4f2fb;e7f5fe;e7f5fe;e4f2fb;e1f1fa;e1f1fa;e0f0fa;dfeff9;e0f0fa;dcecf6;deeef8;ddedf7;dfe8f3;dbe0ea;6c6d73;777477;746d6e;6b6862
e3eef3;e0eaf1;dfebf2;dfebf2;d8e4eb;d8e4ed;d5e3ec;d6e2eb;d8e4ed;deeaf3;dfebf4;dde9f0;e0eaf1;deeaf1;e1edf4;dfebf2;e0ecf3;dde9f0;e0ecf3;e1edf4;deeaf1;e0ecf3;dce8ef;deeaf1;d9e5ec;dde9f0;dbe7ee;d8e4eb;deeaf1;dbe7ee;deeaf1;dee8ef;dee8ef;e0eaf1;dce6ed;dae4eb;d8e2e9;d8e2e9;dde7f0;e5eff6;e2ecf3;e5eff6;e7f1f8;e8f3f8;e3eef3;dfe9f0;dfe9f0;dde7ee;e1ebf2;dfebf2;d9e5ec;dde7ee;e2ecf3;e0eaf1;e3edf4;e6f2f9;e6f2f9;e7f3fa;e8f4fb;e7f3fa;e8f4fb;ebf7fe;e5f1f8;e7f3fa;e9f5fc;e8f5fa;ebf6fb;e8f3f8;e6f3f8;e6f3f8;e4f1f6;e5f1f8;e3eff6;e9f4f9;e7f2f7;e3eef3;e6f1f6;e6f1f6;e1ecf1;e1ecf1;e1eaef;e2ebf0;e4edf2;e6eff4;e9f2f7;e3eef3;e1ebf2;e1ebf2;e1ebf2;e1ebf2;e0eaf1;dde7ee;dfe9f0;dfeaef;dee9ee;e2edf2;e1ecf1;e0ebf0;e0ebf0;e7f2f7;e6f1f6;e4f1f6;e5f2f7;e5f2f7;e8f3f8;e8f3f8;e5f0f5;e4eff4;e5f0f5;e4eff4;e4eff4;e6f1f6;e4f1f6;e6f1f6;e7f2f7;e4eff4;e2edf2;e4eff4;e5f0f5;e3f0f5;e3f0f5;e3f0f5;e8f5fa;e6f3f8;e4eff4;e6f1f6;e7f2f7;e7f2f7;e4eff4;e3eef3;e2edf2;e6f1f6;e4eff4;e5f0f5;e6f1f6;e5f0f5;e8f3f8;e8f3f8;e5f0f5;e8f3f8;e7f3fa;e1edf4;e3f0f5;e1edf4;e1edf4;e4eef5;e2eef5;dfebf2;e4f0f7;e5f1f8;e2eef5;e6f1f6;e3f0f5;e7f3fa;e9f6fb;ebf6fb;e6f0f7;e5f0f5;e2edf2;e2edf2;e6f0f7;e2ecf3;e5eff6;e6f0f7;e7f1f8;e5f1f8;e5f1f8;e4f1f6;e3f0f5;e5f2f7;e7f4f9;e6f1f6;e7f2f7;ebf8fd;e9f5fc;e5f1f8;e5f1f8;e7f3fa;e6f2f9;e7f1f8;e7f1f8;e7f1f8;e4eef5;e6f0f7;e3edf4;e6f0f7;e5eff6;e5eff6;e7f1f8;e5f1f8;e5f1f8;e8f4fb;e9f5fc;eaf6fd;ebf6fb;edf8fd;eef9fe;eaf5fa;e9f4f9;e9f4f9;edf6fb;eaf5fa;e8f3f8;e9f3fa;e7f1f8;e3eff6;e3eff6;e4f0f7;e4f0f7;e7f3fa;e3eff6;eaf4fb;eaf4fb;eaf4fb;e7f1f8;e7f1f8;e8f2f9;e2ecf3;e5eff6;e0eaf1;e1ebf2;e0ecf3;e4f0f7;dbe7ee;e3eff6;e6f2fb;e7f3fa;e8f4fb;e7f3fa;e7f3fa;e6f2f9;e1edf6;e4f0f9;e3eff6;e2eef5;e4f0f7;e6f2f9;e3eff6;e4f0f7;e5f1f8;e5f1f8;e7f3fa;e6f2f9;e5f1f8;e3eff8;e5f1f8;e9f5fc;e7f3fa;e9f5fc;e5f1f8;e5f1f8;e3eff6;e7f3fa;e7f3fa;e8f4fb;e8f4fb;e9f5fc;e8f4fb;e7f3fa;e7f3fa;e2eef5;e4f3f9;e2f1f7;e4f3f9;e8f7fd;e3f2f8;e9f8fe;e8f4fb;e8f4fb;e8f4fb;e4f0f7;deeaf1;e2eef5;e1edf4;e4f0f7;e6f2f9;e5f1f8;e3eff6;e5f1f8;e0eff5;e2f1f7;e2f1f7;e2f1f7;e1f0f6;e4f3f9;e1f0f6;e3eff6;e7f3fc;e4f0f9;e0ecf5;e0eef7;e3f1fa;e0eef7;e1f0f6;e3f2f8;e3f2f8;e4f0f7;e5f1f8;e4f0f7;e4f0f7;e5f3fc;e6f4fd;e2f0f9;e4f2fb;e4f2fb;e0eef7;e2f0f9;e4f3f9;e4f3f9;e3f2f8;e4f3f9;e6f5fb;e6f4fd;e2f2fb;e3f3fc;e3f3fc;e5f5fe;e6f4fd;e5f3fc;e4f2fb;e5f3fc;e5f3fc;e3f3fc;e4f4fd;e2f2fb;e0f0fa;dfeff9;deeef8;dcecf6;ddedf7;e0e9f4;d4d9e3;6a6b71;767174;726b6c;65625c
dfecf1;d9e5ec;dde9f0;dbe7ee;d5e1e8;d4e0e9;d7e3ec;dae6ef;dbe7ee;deeaf1;dfebf2;deeaf1;dfebf2;dfebf2;e0ecf3;dfebf2;dfebf2;dfe9f0;e0eaf1;e1ebf2;e0eaf1;e0eaf1;e0ecf3;dfebf2;dfebf2;e1edf4;e0ecf3;dce8ef;deeaf1;dce8ef;e0ecf3;deeaf1;dce8ef;dae6ed;d9e5ee;d4e0e9;dae6ef;dee8f1;e0eaf1;e3edf4;e5eff6;e5eff6;e3edf4;e1ebf2;dfe9f0;dee9ee;dee8ef;e1ebf2;dde9f0;dbe7ee;dce6ed;d9e3ea;dfe9f0;e3edf4;e9f3fa;ebf5fc;e8f4fb;ebf7fe;e8f4fb;e7f3fa;e7f3fa;e7f3fa;e6f3f8;e3f0f5;e8f2f9;e4eef5;e5f1f8;e4f0f7;dfecf1;e2eef5;e4f1f6;e5f2f7;e5f2f7;e3eef3;e3f0f5;e3eef3;e2eff4;e3f0f5;e7f2f7;e2edf2;e1ecf1;dfeaef;dfeaef;e1ecf1;e3eef3;e3edf4;dfe9f0;dae4eb;d9e3ea;dae4eb;d7e1e8;d9e4e9;dfeaef;dce7ec;e2edf2;e0ebf0;e2edf2;e0ebf0;e5f0f5;e5f0f5;e6f1f6;e6f1f6;e1ecf1;e7f2f7;e9f4f9;e6f1f6;e7f1f8;e2ecf3;e6f0f7;e7f1f8;e6f0f7;e4eff4;e8f5fa;e4f1f6;deebf0;e1ecf1;e3eef3;e5f0f5;e3f0f5;e6f3f8;e2eff4;e3f0f5;e3f0f5;e0edf2;e1eef3;e7f2f7;e6f1f6;e9f4f9;e5f0f5;e4eef5;e3edf4;e4eff4;e6f1f6;e8f3f8;e7f2f7;e7f2f7;e7f4f9;e9f6fb;e8f5fa;e9f4f9;e7f4f9;e6f2f9;e4f0f7;e3eff6;e4f0f7;e5f1f8;e2eef5;e3eff6;e3edf4;e5eff6;e9f3fa;e7f2f7;e5f0f5;e5f1f8;e7f3fa;e6f2f9;e6f2f9;e8f2f9;e7f1f8;e3edf4;e2ecf3;e3edf4;e1ebf2;e6f0f7;e6f2f9;e7f3fa;e4f0f7;e3eff6;e1edf4;e5f1f8;e2eef5;e6f3f8;e5f2f7;e7f3fa;e4f0f7;e6f2f9;e7f3fa;e6f2f9;e5f1f8;e4f0f7;e8f2f9;e7f1f8;e6f0f7;e6f0f7;e9f3fa;e7f1f8;e8f2f9;e6f1f6;e8f3f8;e2eef5;e5f1f8;e6f2f9;eaf6fd;e9f5fc;ebf6fb;ebf6fb;e7f2f7;e6f1f6;e8f3f8;eaf5fa;e9f3fa;e9f4f9;ebf6fb;e9f3fa;e8f2f9;e4eef5;e7f1f8;e6f0f7;e8f2f9;e6f2f9;e9f5fc;e8f4fb;e8f4fb;e9f3fa;ecf6fd;e9f3fa;ecf6fd;eef8ff;e9f3fa;e9f3fa;e8f2f9;e3eff6;dfebf2;e1edf4;e6f2f9;e7f3fa;e5f1f8;e8f4fb;e8f4fb;e9f5fc;e5f1f8;e4f0f7;e6f2f9;e4f0f7;e3eff6;e2ecf3;e0ecf3;e2eef5;e4f0f7;e3eff6;e2eef5;e5f1f8;e5f1f8;e9f5fc;e8f4fb;e2eef5;e4f0f7;e5f1f8;e7f3fa;e7f3fa;e5f1f8;e2eef5;e5f1f8;e3eff6;e6f2f9;e7f3fa;e8f4fb;e7f3fa;e6f2f9;e4f0f7;e7f3fa;e6f5fb;e5f4fa;e4f3f9;e6f5fb;e5f1f8;e7f3fa;e5f1f8;e8f4fb;eaf6fd;e8f4fb;e5f1f8;e1edf4;e3eff6;e7f3fa;e6f2f9;e6f2f9;e7f3fa;e8f4fb;e4f0f7;e6f2f9;e4f3f9;e3f2f8;dfeef4;deedf3;e4f0f7;e4f0f7;e4f0f9;e3eff8;e3eff8;e3f1fa;dfedf6;e2f0f9;e1f0f6;dfeef4;e1f0f6;e5f4fa;e5f1f8;e7f3fa;e5f1fa;e3eff8;e7f3fc;e5f1fa;e6f4fd;e4f2fb;e5f4fa;e6f5fb;e6f5fb;e6f5fb;e4f3f9;e3f2f8;e3f2f8;e4f2fb;e2f2fb;e5f3fc;e5f3fc;e3f3fc;e5f3fc;e5f5fe;e5f5fe;e4f4fd;e1f1fa;e4f4fd;e1f1fa;e0f0f9;e0f0fa;e1f1fb;daebf5;dcecf6;deeef8;dae3ee;d8dce6;717076;7a7578;736d6b;68655f
dbe6eb;dce6ed;dfebf2;dfebf2;dbe7ee;d1dde4;d5e1e8;d5dfe6;dce6ed;dfebf2;e0eaf1;e0eaf1;dde9f0;deeaf1;dfebf2;deeaf1;deeaf1;e1ebf2;e1ebf2;e4eef5;e5eff6;dfe9f0;dee8ef;e0eaf1;e2ecf3;e2ecf3;e2ecf5;dbe5ec;e0ecf3;dfebf2;deeaf1;e0ecf3;e0ecf3;dbe7ee;dde9f2;d9e5ee;dbe7f0;d7e3ec;e2ecf3;e1ebf2;e8f2f9;e1ebf2;dbe5ec;e0eaf1;dfe9f0;dce6ed;dde7ee;dfe9f0;dde7ee;dee8ef;e1ebf2;e5eff6;e7f1f8;eaf4fb;eaf5fa;eaf5fa;e6f3f8;e7f4f9;e9f6fb;e8f4fb;e9f5fc;e6f3f8;e6f1f6;e8f3f8;e7f2f7;e3eef3;e1edf4;e3eff6;e0ecf3;e1ebf2;e3eef3;e4eff4;dfeaef;e6f1f6;e1eef3;e1eef3;e3f0f5;e4f1f6;e2edf2;dde8ed;e0ebf0;e4eff4;dde8ed;dfeaef;e3eef3;dee7ec;dee7ec;dbe4e9;dde6eb;dbe4e9;dee7ec;d8e1e6;dfeaef;e2edf2;e6f1f6;e1ecf1;e1ecf1;e5f0f5;e3eef3;dce6ed;e4eef5;e4eef5;e6f0f7;e7f1f8;e8f2f9;e3eff6;e7f3fa;e4f0f7;e4eef5;e7f1f8;e5eff6;e6f1f6;eaf5fa;e8f3f8;e6f1f6;e6f1f6;e7f2f7;e4eff4;e6f1f6;e6f1f6;dfecf1;dfecf1;e0edf2;e6f1f6;e8f3f8;eaf5fa;e7f2f7;eaf5fa;e9f4f9;e1edf4;e2ecf3;e1ecf1;e3eef3;e5f0f5;e4f1f6;e5f2f7;e5f2f7;e9f4f9;e9f4f9;e9f4f9;e7f2f7;e6f0f7;e6f2f9;e4eef5;e4eef5;e4eff4;e3eef3;e2edf2;e1ecf1;e3eef3;e6f0f7;e4eff4;e5f0f5;e4f0f7;e8f4fb;e5f1f8;e8f4fb;e8f4fb;e8f4fb;e1edf4;e5eff6;e1ebf2;e4eef5;e4eef5;e3edf4;e7f1f8;e7f1f8;e7f1f8;e6f0f7;e4f0f7;e1edf4;e6f3f8;e6f3f8;e7f4f9;e5f1f8;e6f2f9;e6f2f9;e6f2f9;e8f2f9;e9f3fa;e4eef5;e7f1f8;e8f2f9;e8f2f9;e8f3f8;ebf6fb;e9f3fa;eaf4fb;e9f3fa;e8f2f9;e7f1f8;e8f2f9;e9f3fa;ebf5fc;ebf6fb;e9f4f9;eaf5fa;edf8fd;eaf7fc;ebf8fd;eaf6fd;eaf6fd;e8f4fb;e8f4fb;ebf5fc;e9f3fa;e7f1f8;e7f1f8;e7f1f8;ecf6fd;eaf4fb;e9f4f9;eaf4fb;ebf5fc;e9f3fa;ecf6fd;ebf5fc;eaf4fb;ecf6fd;ebf5fc;e7f3fa;e3eff6;e0ecf3;dfebf2;dfebf2;e4eef5;e8f2f9;e3eff6;e5f1f8;eaf6fd;e8f4fb;eaf6fd;e5f2f7;e8f5fa;ecf6fd;ebf5fc;e7f1f8;e4f0f7;e4f0f7;e1edf4;e3eff6;e2eff4;e5f2f7;e7f1f8;ecf6fd;e8f2f9;e7f3fa;e5f1f8;e4f0f7;e5f1f8;e8f4fb;e7f3fa;e4f0f7;e6f2f9;e4f0f7;e7f3fa;e7f3fa;e9f6fb;e9f5fc;e9f5fc;e6f2f9;e5f1f8;e4f0f7;e7f3fa;e7f6fc;e8f4fb;e8f4fb;e4f0f7;e6f2f9;e6f2f9;e7f3fa;e7f3fa;e7f3fa;e3eff6;e6f2f9;e4f0f7;e3eff6;e4f0f7;e6f2f9;e9f5fc;e6f2f9;e8f4fb;e7f3fa;e2eef5;e1edf4;e4f0f7;e6f2f9;e5f4fa;e4f3f9;e3f1fa;e0eef7;e3eff8;e4f0f9;e5f3fc;e4f3f9;e4f3f9;e3f2f8;e1f0f6;e4f0f7;e4f0f9;deecf5;e1eff8;e3f1fa;e2f0f9;e4f3f9;e4f3f9;e5f4fa;e4f3f9;e3f2f8;e3f2f8;e3f1fa;e4f2fb;e3f3fc;e3f3fc;e2f2fb;e2f2fb;e4f4fd;e4f4fd;e4f4fd;e2f2fb;e3f3fd;dfeff9;e1f1fb;e0f0fa;e1f1fb;e0f0fa;e0f1fb;dbecf6;dcedf7;e0f0fa;e3eaf5;d7dbe5;6d6970;797275;746e6c;6f6c66
e1ebf2;dce8ef;dbe7ee;dfebf2;dae6ed;d2dee5;d5e1e8;d7e3ea;dae4eb;dce8ef;e0eaf1;e0ebf0;dde9f0;dce8ef;e1edf4;dce8ef;dfebf2;e1ebf2;e1ebf2;e2ecf3;e2ecf3;e4eef5;dee8ef;e0eaf1;e0eaf1;dfe9f2;dee8f1;dae4ed;dde7ee;dfe9f0;dfe9f0;e0ecf3;deeaf1;dbe7ee;d8e6ef;d9e5ee;d8e4ed;dbe7f0;e1ebf2;e2ecf3;e3edf4;e0eaf1;e1ecf1;e1ebf2;e3edf4;dee8ef;dde7ee;dde7ee;dde7ee;dee8ef;e1ebf2;e4eef5;e7f1f8;e7f2f7;e8f3f8;e8f3f8;e8f3f8;e4f0f7;e6f3f8;e5f1f8;e5f1f8;e6f2f9;e7f2f7;e3f0f5;e2edf2;e2edf2;e4f0f7;e2eef5;dde9f0;e0eaf1;e1ecf1;e0ebf0;e3eef3;e5f0f5;e5f0f5;e3f0f5;e4f1f6;e2eff4;e3eef3;dde8ed;e2edf2;e2edf2;dce7ec;dfeaef;dfeaef;e1eaef;dbe4e9;d8e1e6;d6dfe4;dbe4e9;dbe4e9;dce7ec;e3eef3;e5f0f5;e1ecf1;e1ecf1;e1ecf1;e5f0f5;e5f0f5;e3edf4;e2ecf3;e5eff6;e7f1f8;e7f1f8;e7f2f7;e6f3f8;e4f0f7;e5f1f8;e2eef5;e4f1f6;e6f1f6;e3f0f5;e6f1f6;e5f0f5;e6f1f6;e6f1f6;e6f1f6;ecf7fc;e0edf2;e0ecf3;e0ecf3;e1edf4;e5eff6;e8f2f9;e3eef3;e6f1f6;e9f4f9;e6f3f8;e5f2f7;e3f0f5;e5f0f5;e2edf2;e4eff4;e1ecf1;e4eff4;e3eef3;e6f1f6;e6f1f6;e7f2f7;e8f3f8;e3eef3;e6f0f7;e4f0f7;e8f3f8;e7f2f7;e7f2f7;e6f1f6;e5f0f5;e4eff4;e4eff4;e8f3f8;e8f3f8;ecf7fc;e7f2f7;e5f1f8;e5f1f8;e8f4fb;e5f1f8;e5f1f8;e6f2f9;e3eff6;dee8ef;dfe9f0;e2ecf3;e2ecf3;e4eef5;e4eef5;eaf4fb;e8f2f9;e3edf4;e7f1f8;e5eff6;e3f0f5;e5f2f7;e6f2f9;e5f1f8;e7f3fa;e9f5fc;e9f3fa;e9f3fa;e6f0f7;e9f3fa;e7f1f8;e7f2f7;e6f1f6;ecf7fc;eaf4fb;e7f1f8;e5eff6;e8f2f9;e9f3fa;e7f1f8;e7f2f7;e7f1f8;e8f2f9;eaf5fa;eaf5fa;e9f5fc;e9f5fc;e8f4fb;e7f3fa;e6f2f9;e7f3fa;e8f4fb;ecf6fd;e4eef5;e2ecf3;e7f1f8;e9f3fa;ecf8ff;e7f3fa;e8f4fb;e7f3fa;e5f1f8;e8f4fb;e6f2f9;eaf4fb;edf7fe;e8f4fb;e8f4fb;e8f4fb;e6f2f9;e5f1f8;e2eef5;e3edf4;e4eef5;e4f0f7;e2eef5;e3eff6;e8f4fb;e7f3fa;e8f4fb;e7f3fa;e8f4fb;ebf7fe;ebf5fc;e8f4fb;e6f0f7;e4f0f7;e1edf4;e5f2f7;e2eff4;e3f0f5;e8f3f8;eaf4fb;eaf4fb;e7f3fa;e0ecf3;e5f1f8;e6f2f9;e8f4fb;e4f0f7;e6f2f9;e5f1f8;e6f2f9;e8f4fb;e5f2f7;e6f3f8;e5f1f8;e7f3fa;e9f5fc;e7f3fa;e7f3fa;e8f4fb;e7f3fa;e5f1f8;e8f4fb;ebf7fe;e8f4fb;e9f5fc;e6f2f9;e8f4fb;e7f3fa;e7f3fa;e2eef5;e5f1f8;e3eff6;e3eff6;e7f3fa;e5f1f8;e4f0f7;e4f0f7;e4f0f7;dde9f0;e2eef5;e3eff6;e1f0f6;e3f2f8;e3f2f8;e4f3f9;e3f1fa;e6f2fb;e5f1fa;e1eff8;e1f0f6;e4f3f9;e4f3f9;e3f2f8;e5f1f8;e3eff6;e2f0f9;e1eff8;e1eff8;e4f2fb;e3f2f8;e3f2f8;e0eff5;e2f1f7;e2f1f7;e1f2f8;e3f1fa;e1f1fa;e1f1fa;e1f1fa;e2f2fb;e2f2fb;e0f0f9;e2f2fb;e3f3fc;e2f2fb;e0f0fa;dfeff9;dfeff9;dfeff9;e0f0fa;e1f1fb;e0f0fa;dff0fa;dff0fa;dcecf6;e3ecf7;dce0ea;706f75;7b7477;76706e;66635c
e2eef5;dde8ed;ddeaef;dbe7ee;d9e6eb;d3dfe6;d3dfe6;d9e5ec;d7e1e8;dbe5ec;e0eaf1;e0eaf1;dfe9f0;dde9f0;e0eaf1;e0eaf1;e0eaf1;e1ebf2;e1ebf2;dee8ef;e3eef3;e4eff4;e4eef5;dfe9f0;e0eaf1;dfe9f2;e1ebf4;dfe9f0;dde7ee;dae4eb;e0eaf1;deeaf1;dae6ed;dbe7ee;d8e4ed;d9e5ee;dfe9f2;e1ebf4;dfe9f0;e1ebf2;e3edf4;dee8ef;e1ebf2;e3edf4;dae4eb;dee8ef;dde7ee;e1ebf2;dfe9f0;dfe9f0;e3edf4;e5eff6;e5eff6;e7f1f8;e0eaf1;dce7ec;e1ebf2;e4eef5;e3edf4;e4f0f7;e8f4fb;e3eff6;e1eef3;e4f1f6;e4eff4;e5f0f5;e4f0f7;e4eef5;e3edf4;e1ecf1;e3eef3;dfeaef;e1ecf1;e1ecf1;e2edf2;e3eef3;e2edf2;e4eff4;e6f1f6;e2ecf3;e2ecf3;e3edf4;dfe9f0;e3eef3;e3eef3;e6eff4;e7f0f5;e3ecf1;dfe8ed;d8e1e6;dee7ec;dee7ec;e0e9ee;e6eff4;e6f1f6;e4eff4;e2edf2;e7f4f9;e3eef3;e5f0f5;e5f0f5;e5f0f5;e5f0f5;e6f1f6;e5f0f5;e6f1f6;e7f2f7;e5f0f5;e9f4f9;e8f3f8;e6f1f6;e5f0f5;e3eef3;e7f2f7;e6f1f6;e7f2f7;e5f0f5;e2edf2;e3eef3;e1eef3;e1edf4;e3eff6;e6f0f7;e6f0f7;e1ebf2;e5eff6;e7f4f9;e4f1f6;e4f1f6;e4eff4;e2edf2;e3eef3;e4eff4;e7f2f7;e7f2f7;e3eef3;e5f0f5;e9f4f9;e6f1f6;e6f1f6;e3eef3;e4f0f7;e0edf2;e6f3f8;e6f3f8;e7f4f9;e1ecf1;e6f1f6;e6f1f6;e7f2f7;e5f0f5;e9f4f9;e5f0f5;e7f2f7;e9f4f9;e3eff6;e5f2f7;e6f3f8;e7f3fa;e8f4fb;e6f2f9;e2ecf3;e3edf4;e4eef5;e5eff6;e5eff6;e4eef5;e7f1f8;e9f3fa;e7f1f8;e4eef5;e3eef3;e6f1f6;e2eff4;e8f4fb;ecf6fd;e8f2f9;e7f1f8;eaf4fb;ebf5fc;eaf6fd;e9f5fc;e9f4f9;e9f4f9;eaf5fa;e6f1f6;e8f2f9;eaf4fb;e8f2f9;e9f3fa;e6f0f7;e3edf4;e7f1f8;e6f0f7;e6f0f7;e7f4f9;e8f5fa;e9f6fb;e9f5fc;e6f2f9;e9f5fc;e6f2f9;e9f6fb;e6f3f8;e7f1f8;e8f2f9;e7f1f8;e9f3fa;e6f0f7;e9f3fa;e9f3fa;e7f3fa;e7f3fa;e8f4fb;e9f5fc;eaf6fd;e7f3fa;e4f0f7;e7f3fa;e7f3fa;eaf6fd;e8f4fb;e7f3fa;e5f1f8;e3eff6;e4eef5;e3eff6;e2eef5;e3eff6;e8f4fb;e7f3fa;e9f5fc;e9f5fc;e7f3fa;e7f3fa;eaf6fd;ebf7fe;ebf5fc;e9f3fa;e6f0f7;e7f1f8;e5f0f5;e2eff4;e1edf4;e5f1f8;e4f0f7;e7f3fa;e1edf4;deeaf1;e5f1f8;e7f3fa;e9f5fc;e7f3fa;e6f2f9;e7f3fa;e7f3fa;e8f4fb;e4f1f6;e4f1f6;e8f5fa;e8f5fa;e7f4f9;e8f4fb;e8f4fb;e7f3fa;e7f3fa;e8f4fb;e6f2f9;e7f3fa;e6f2f9;e8f4fb;e7f3fa;eaf6fd;e7f3fa;e4f0f7;e1edf4;e6f2f9;e6f2f9;e7f3fa;e4f0f7;e3eff6;e1edf4;e4f0f7;e4f0f7;e5f1f8;e3f1fa;e4f3f9;e1eff8;e1eff8;e5f3fc;e4f2fb;e4f2fb;e4f2fb;e2f0f9;e2f0f9;e1eff8;e2f0f9;e1f0f6;e3eff6;dfeef4;e3f2f8;e1f0f6;e5f4fa;e2f1f7;e3f2f8;e3f2f8;e2f1f7;e3f3fc;e1f1fa;e2f2fb;e1f1fa;e3f3fc;e5f3fc;e2f0f9;e0f0f9;e0f0f9;e1f1fa;e3f3fc;e3f3fc;dfeff8;deeef8;e1f1fb;e0f0fa;e1f1fb;e1f1fb;e1f1fb;e0f0fa;ddedf7;ddedf7;deeef8;e5ecf9;dde1ec;6f6970;7a7376;756f69;69645e
dfebf2;dfecf1;dce9ee;ddeaef;e1eef3;d3dfe6;d0dce5;d2dee7;d9e5ec;dbe7ee;dbe7ee;dae4eb;dfe9f0;dee8ef;e0eaf1;e2ecf3;e1ebf2;dde7ee;dee8ef;e4eef5;dfebf2;e4eef5;e2edf2;e1ebf2;deeaf1;dfebf2;dfe9f0;e3edf4;dde7ee;dde7ee;e1ebf2;dce8ef;d8e4eb;dce8f1;dae6ef;dbe7f0;e0eaf1;e2ecf3;e2ecf3;e3edf4;e5eff6;e4eef5;e1ebf2;dee8ef;dde7ee;dae4eb;dbe5ec;dbe5ec;dfe9f0;dee8ef;e3edf4;e7f1f8;e1ebf2;e3edf4;e1ebf2;dce6ed;dee8ef;dce6ed;e0eaf1;e1edf4;e1edf4;dfebf2;e0ecf3;e1edf4;e4eef5;e0eaf1;e5eff6;e4eef5;e4eff4;dde8ed;e4eff4;e2edf2;dce7ec;e2edf2;e4eff4;e2edf2;e3eef3;e1ecf1;dfe9f0;e5eff6;e3edf4;e3edf4;dfe9f0;dfeaef;e3eef3;e4edf2;e9f2f7;e2edf2;e2edf2;e7f0f5;e5f0f5;e1ecf1;d9e2e7;e7f0f5;e3eef3;e3eef3;e1ecf1;e4f1f6;e8f3f8;e7f2f7;e1ecf1;e3eef3;e5f0f5;e5f0f5;e9f4f9;e5f0f5;e7f2f7;e5f0f5;e7f2f7;e5f0f5;e2edf2;e4eff4;e6f1f6;e7f2f7;e8f3f8;e0ebf0;dde8ed;e0ebf0;e2ecf3;e1ebf2;e5eff6;e6f0f7;e5eff6;e6f0f7;e5eff6;e7f1f8;e1eef3;e1eef3;e1eef3;e5f0f5;e5f0f5;dfeaef;e3ecf1;e5f0f5;e5f0f5;e3eef3;e6f1f6;e2edf2;e1ecf1;e5f0f5;e6f1f6;e3eff6;e6f3f8;e0edf2;e2eff4;e8f5fa;e6f1f6;e7f2f7;e7f2f7;e6f1f6;e5f0f5;e5f0f5;eaf5fa;e9f4f9;e5f0f5;e7f3fa;e8f5fa;e7f4f9;e8f5fa;e7f3fa;e9f5fc;e7f3fa;e5eff6;e1ebf2;e2ecf3;e0eaf1;e1ebf2;e2ecf3;e6f0f7;e7f1f8;e8f4fb;e7f1f8;e7f2f7;e6f1f6;e8f2f9;e7f1f8;e9f3fa;e7f3fa;e7f3fa;ebf5fc;e8f4fb;e5f1f8;e7f1f8;e9f3fa;e8f2f9;e9f4f9;e7f2f7;e7f1f8;eaf4fb;ebf5fc;eaf4fb;e9f3fa;e4eef5;e5eff6;e5eff6;e6f3f8;e6f3f8;e7f4f9;e8f5fa;ebf8fd;eef9fe;edf8fd;e9f4f9;eef9fe;eaf5fa;e7f2f7;e7f1f8;e8f2f9;e6f0f7;e7f1f8;ecf6fd;e9f5fc;eaf6fd;e7f3fa;e8f4fb;e5f1f8;e7f3fa;e7f3fa;e8f4fb;e8f4fb;e9f5fc;e7f3fa;e9f5fc;e5f1f8;e3edf4;e4eef5;e4eef5;e6f2f9;e5f1f8;e4f0f7;e0ecf3;e7f3fa;e5f1f8;e7f3fa;e6f2f9;e7f3fa;e8f4fb;ebf5fc;ebf5fc;e9f3fa;e8f2f9;e7f1f8;e2eef5;e4f0f7;e4f0f7;e8f4fb;e6f2f9;e4f0f7;e3eff6;e2eef5;e7f3fa;e8f4fb;e6f2f9;e4f0f7;e4f0f7;e8f4fb;e7f3fa;e7f4f9;e5f2f7;e7f4f9;e5f2f7;e9f6fb;e8f4fb;e7f3fa;e9f5fc;e8f4fb;e7f3fa;e8f4fb;ecf8ff;e8f4fb;eaf7fc;e9f5fc;e9f5fc;e4f0f7;e4f0f7;e1edf4;e3eff6;e4f0f7;e5f1f8;e1edf4;e3f2f8;e3f2f8;deedf3;e5f1f8;e5f1f8;e4f2fb;e2f0f9;e2f0f9;e3f1fa;e1eff8;e0eef7;e2f0f9;e3f2f8;e1eff8;e2f0f9;e1eff8;e1eff8;deecf5;e2f0f9;e2f1f7;e1f0f6;e4f3f9;e1f0f6;e2f1f7;e3f2f8;e3f1fa;e4f3f9;e1f1fa;e1f1fa;e3f3fc;e1f1fa;e1f1fa;e6f4fd;e3f1fa;e2f2fb;e0f0f9;deeef7;e1f1fa;e4f4fd;e4f4fd;e4f4fd;e2f2fc;e1f1fb;dfeff9;dfeff9;dfeff9;dcecf6;dbebf5;dcecf6;ddedf7;e2e9f6;d6dae5;6e6a71;787174;726c66;6f6a64
dce8ef;e3edf4;e2ecf3;e0edf2;deebf0;d4e0e7;d2dee5;d3dfe6;d7e3ea;deeaf1;dde9f0;dbe7ee;dae6ed;dde7ee;e0eaf1;dbe5ec;e1ebf2;e0eaf1;e0eaf1;e1ebf2;e1ecf1;e2edf2;e0edf2;e2eff4;deeaf1;dfebf2;dce8ef;dfebf2;deeaf1;e1ebf2;e0eaf1;e0eaf3;dce6ef;dee8f1;dce6ef;dbe5ee;dfe9f0;e0eaf1;e0eaf1;e0eaf1;e5eff6;e2ecf3;e1ebf2;dae4eb;dce6ed;dbe5ec;dee8ef;dce6ed;dde7ee;dfe9f0;e3edf4;e1ebf2;e3edf4;e3edf4;e6f0f7;e2ecf3;e1ebf2;e1ebf2;e0eaf1;e1ebf2;e1ebf2;e4eef5;e4eef5;e1ebf2;e2eef5;deeaf1;dfebf2;dfebf2;e1ebf2;e3eef3;e1ecf1;e3eef3;e3ecf1;e3ecf1;e5eef3;e2edf2;e1ecf1;dee9ee;dfe9f0;dfe9f0;e2ecf3;dbe5ec;d9e3ea;dfeaef;e1ecf1;e3eef3;e5f0f5;e1ecf1;ddeaef;dfecf1;e1ecf1;e2edf2;e2ebf0;e2ebf0;e3ecf1;e5eef3;e3eef3;e3eef3;e5f0f5;e9f4f9;e4eff4;e6eff4;e8f1f6;e5eef3;e1ecf1;e6f1f6;e5f0f5;eaf5fa;e8f3f8;e6f1f6;e4eff4;e4edf2;e5eef3;dfeaef;e1ecf1;dde8ed;dde8ed;e0ebf0;e1ebf2;e3edf4;dfe9f0;dfe9f0;e3edf4;e5eff6;e1edf4;e1edf4;e2eff4;e4eff4;e8f3f8;e8f1f6;e6eff4;e4edf2;e5eef3;e5eef3;e0ebf0;e5f0f5;e1eef3;e2eff4;e4eff4;e3eef3;e6f1f6;e1eef3;e1eef3;e2eff4;e2eff4;e4eff4;e4eff4;e8f3f8;e7f2f7;e4eff4;e3eef3;e6f1f6;e5f0f5;e8f2f9;e5f2f7;e7f3fa;e9f5fc;e6f2f9;e6f2f9;e8f4fb;e8f4fb;e9f5fc;e5eff6;e4eef5;e2ecf3;dde7ee;e5eff6;e4eef5;e5eff6;e4f0f7;e4f0f7;e6f2f9;e6f2f9;e4f0f7;e4f0f7;e3eff6;e6f2f9;e3eff6;e6f2f9;eaf5fa;eaf4fb;e9f4f9;e9f3fa;e9f3fa;e9f3fa;e9f4f9;e9f3fa;e7f1f8;e9f3fa;e8f2f9;e8f2f9;e6f0f7;e6f0f7;e6f0f7;e8f2f9;e6f0f7;e7f1f8;eaf5fa;ebf5fc;ecf7fc;ecf7fc;eef9fe;ebf8fd;eaf7fc;e8f5fa;e7f4f9;e8f2f9;e6f0f7;e6f0f7;e7f1f8;ebf5fc;eaf4fb;e9f3fa;e9f3fa;e4eef5;e6f0f7;e6f0f7;e7f3fa;e4f0f7;e8f4fb;e8f4fb;e6f2f9;e6f2f9;e6f2f9;e6f2f9;e4eef5;e2ecf3;e4eef5;e6f0f7;e3eff6;e5f1f8;e2eef5;e4f0f7;e4f0f7;e7f3fa;e8f4fb;e7f3fa;e9f3fa;ebf5fc;e9f3fa;e7f1f8;e6f2f9;e6f2f9;e5f1f8;e5f1f8;e2eef5;e3eff6;e7f3fa;e6f2f9;e3eff6;e0ecf3;e7f3fa;e7f3fa;e7f3fa;e7f3fa;e7f3fa;e7f3fa;e5f1f8;e6f3f8;e6f3f8;e9f6fb;e8f4fb;e9f5fc;e9f5fc;e7f3fa;e8f4fb;e7f3fa;e7f4f9;e6f5fb;e6f5fb;e9f5fc;e8f4fb;eaf6fd;e4f0f7;e7f3fa;e8f4fb;e5f1f8;e5f1f8;e5f1f8;e1f0f6;e3f2f8;e5f4fa;e3f2f8;e3f2f8;e3f2f8;e4f3f9;e4f2fb;e0eef7;e3f1fa;e4f2fb;e2f0f9;e2f1f7;e1f0f6;e0eff5;e3f2f8;e2f0f9;e2f0f9;e3f1fa;e1eff8;e1eff8;e3f2f8;e2f1f7;e3f2f8;e0eef7;e3f1fa;e4f2fb;e2f0f9;e2f3f9;e0f1f7;e3f3fc;e4f4fd;e4f4fd;e2f2fb;e0f0f9;e3f3fc;dcecf5;e0f0f9;deeef7;e0f0f9;e0f0f9;e2f2fb;e1f1fb;e3f3fd;e0f0fa;e1f1fb;dfeff9;deeef8;deeef8;dcecf6;dbebf5;e4ebf6;d0d4de;6d6a6e;777071;756e6b;6a655e
e3eff6;e2eef5;e1ebf2;dbe7ee;dce8ef;d9e5ec;cdd9e2;d2dee7;d7e3ea;dfebf2;d9e5ec;dde7ee;dfe9f0;e2ecf5;e0eaf3;e1ebf4;e3edf4;e2ecf3;e3edf4;dfe9f0;e3edf4;deeaf1;e2eef5;dfebf2;e1edf4;dfebf2;dfebf2;dfe9f0;e1ebf2;e0eaf1;e0eaf1;e0eaf1;dee8f1;dde7f0;dae4ed;dae4eb;e0eaf1;e2ecf3;e4eef5;e3edf4;e3edf4;e1ebf2;dde7ee;dbe5ec;dce6ed;d7e1e8;dce6ed;d8e2e9;dfe9f0;e0eaf1;e6f0f7;e6f0f7;e7f1f8;e6f0f7;e6f0f7;e4eef5;dde8ed;e0ebf0;dfeaef;e0ebf0;e0ebf0;dee8ef;e3edf4;e3edf4;e1ebf2;e1edf4;e0ecf3;e3edf4;e1ebf2;e0ebf0;dfeaef;e6eff4;e4edf2;e2ebf0;e2ebf0;e5f0f5;e1ebf2;e2ecf3;e2ecf3;e0eaf1;e1ebf2;dfe9f0;dfe9f0;e2edf2;e5f0f5;e4eff4;e6f1f6;e2eff4;e0edf2;e3f0f5;e3edf4;e4eff4;e4edf2;e1eaef;e4edf2;e4edf2;e3ecf1;e2edf2;e3eef3;e5f0f5;e7f2f7;e9f4f9;e7f2f7;e2edf2;e7f2f7;e4eff4;e6f1f6;e8f3f8;e3eef3;e5f0f5;e4eff4;e1eaef;e3ecf1;e3eef3;e3eef3;e7f2f7;e5f0f5;e2edf2;e7f1f8;e6f0f7;e6eef5;e6eef5;e6f0f7;e7f1f8;e4eef5;e3eff6;e4eff4;e3eef3;e2edf2;e8f1f6;e6eff4;e5eef3;e4edf2;e4edf2;e6f1f6;e6f1f6;e2eff4;e2eff4;e3f0f5;e2edf2;e3eef3;e4eff4;e2edf2;e8f3f8;e5f0f5;e5f0f5;e7f2f7;e5f0f5;e7f2f7;e7f2f7;e7f2f7;e4eff4;e7f2f7;e1edf4;e7f4f9;e7f3fa;e7f3fa;e4f3f9;e4f3f9;e5f1f8;e5f1f8;e7f3fa;e9f3fa;e6f0f7;e3edf4;e1ebf2;e3edf4;e7f1f8;e2ecf3;e5f1f8;e4f0f7;e8f2f9;e7f1f8;e3edf4;e9f3fa;e4eef5;e3edf4;e6f2f9;e8f4fb;e9f5fc;ebf5fc;eaf4fb;ebf5fc;ebf5fc;eaf4fb;e7f2f7;e8f2f9;e7f1f8;e9f3fa;e7f1f8;e7f1f8;e7f1f8;e7f1f8;e6f0f7;e5eff6;e7f1f8;e8f2f9;e4eff4;e9f4f9;eaf5fa;e6f1f6;ebf6fb;e9f5fc;e6f2f9;e7f3fa;e8f4fb;eaf6fd;eaf4fb;e7f2f7;e8f2f9;e8f2f9;e9f3fa;ebf5fc;ecf6fd;e9f3fa;e7f1f8;e5eff6;e5eff6;e4f0f7;e6f2f9;e8f4fb;e7f3fa;e7f3fa;e7f3fa;e6f2f9;e3edf4;e2ecf3;e6f0f7;e6f0f7;e4f0f7;e5f1f8;e2eef5;e5f1f8;e7f3fa;e4f0f7;e8f4fb;ebf5fc;e7f3fa;e9f5fc;eaf7fc;eaf7fc;e9f5fc;e6f2f9;e3eff6;e5f1f8;e4f0f7;e2eef5;e3eff6;e5f1f8;e6f2f9;e4f0f7;dfebf2;e5f1f8;e6f2f9;e4f0f7;e6f2f9;e7f3fa;e4f0f7;e5f1f8;e3f0f5;e7f3fa;e5f1f8;e6f2f9;eaf6fd;e8f4fb;e9f5fc;e5f1f8;e6f5fb;e3f2f8;e7f6fc;e9f5fc;e9f5fc;e8f4fb;e5f1f8;e6f2f9;e8f4fb;e9f5fc;e7f3fa;e4f0f9;e6f5fb;e4f3f9;e4f3f9;e2f1f7;e1f0f6;e5f1f8;e2eef5;e2f0f9;e0eef7;e3f1fa;e5f3fc;e2f1f7;e2f1f7;e4f3f9;e4f3f9;e3f2f8;e3f1fa;e1eff8;e2f0f9;dceaf3;e2f0f9;e5f4fa;e1f0f6;e0eef7;e1eff8;e2f0f9;e2f0f9;e2f0f9;e0eff5;e2f3f9;e2f2fb;e2f2fb;e1f1fa;dfeff8;e0f0f9;e0f0f9;dfeff8;e2f2fb;e3f3fc;e2f2fb;e1f1fa;deeef7;e1f1fb;e1f1fb;e0f0fa;deeef8;daeaf4;dbebf5;dfeff9;dff0fa;dcecf6;e5ecf7;c6cad4;6e6b6f;787172;706966;6a655e
e3eff6;deeaf1;dfebf2;e0ecf3;dfebf2;d3dfe6;d3dfe6;cedae3;dbe7ee;d9e5ec;dee8ef;dfe9f0;d8e2e9;dae4eb;e1ebf2;dde7ee;e1ebf2;e1ebf2;e1ebf2;e2ecf3;dee8ef;e1edf4;e3eff6;e2eef5;e0ecf3;deeaf1;deeaf1;deeaf1;e0eaf1;dde7ee;dae4eb;dbe5ec;dae4eb;dee8ef;dae4eb;dbe5ec;dfe9f0;e1ebf2;e3eef3;e3edf4;e2ecf3;e1ebf2;deeaf1;dbe5ec;dbe5ec;dae4eb;dde7ee;dfe9f0;dfe9f0;deeaf1;e3edf4;e3edf4;e3eff6;e2eef5;e3eff6;e0ecf3;dce6ed;dfe9f0;dee9ee;e3ecf1;e3ecf1;e2edf2;e5f0f5;e5f0f5;e4eef5;dfe9f0;e2eef5;e4eef5;e0eaf1;e3eef3;e3ecf1;e3ecf1;e2ebf0;e3ecf1;e2edf2;e1ebf2;dfe9f0;deeaf1;e5f0f5;e0ebf0;dee9ee;dce7ec;e1ecf1;e8f3f8;e5f0f5;e3eef3;e5f0f5;e4eff4;e3f0f5;e2eef5;e2ecf3;e3edf4;e5f0f5;e7f0f5;dfeaef;e3eef3;e2edf2;e5f0f5;e1ecf1;e3eef3;e6f1f6;e5f0f5;e4eff4;e5f0f5;e6f1f6;e5f0f5;e6f1f6;e3eef3;e6f1f6;e5f0f5;e8f3f8;e0ebf0;e2edf2;e3eef3;e6f1f6;e5f0f5;e5f0f5;e5f0f5;e5f0f5;e4eff4;e5f0f5;e6f0f7;e2edf2;e2edf2;e5eff6;e7f2f7;e1ecf1;e0ebf0;e2edf2;e1ecf1;e6eff4;e7f0f5;e2edf2;dee9ee;dfeaef;e4eff4;e3f0f5;e3f0f5;e1eef3;e2eff4;e5f0f5;e9f4f9;e6f1f6;e2edf2;e5f0f5;e6f1f6;e7f2f7;e4eff4;e2edf2;e5f0f5;e5f1f8;e3eff6;e4f0f7;e3eff6;e2eef5;e4f0f7;e3eff6;e4f3f9;e3f2f8;e7f3fa;e7f3fa;e7f3fa;e6f2f9;e8f2f9;e7f1f8;e7f1f8;e7f1f8;e4eef5;e1ebf2;e1ecf1;e6f1f6;e6f1f6;e4f0f7;e5f1f8;e3edf4;e6f0f7;e4eef5;e6f0f7;e6f0f7;e4f0f7;e2eef5;e8f2f9;e9f5fc;ebf6fb;e7f2f7;e6f1f6;e8f2f9;e5eff6;e7f1f8;e6f2f9;e7f1f8;e9f3fa;e7f1f8;e8f2f9;eaf5fa;ebf6fb;e8f2f9;e5eff6;e8f2f9;e5eff6;e7f1f8;ebf5fc;e8f4fb;e5f1f8;e7f3fa;e3eff6;e7f3fa;e9f3fa;e7f2f7;e6f0f7;e6f0f7;e8f2f9;eaf4fb;ebf5fc;e7f1f8;e5eff6;e6f0f7;e4eef5;e5f1f8;e4f0f7;e4f0f7;e4f0f7;e4f0f7;e8f4fb;e6f2f9;e8f4fb;e7f1f8;e9f3fa;e8f2f9;eaf6fd;e7f3fa;e4f0f7;e3edf4;e8f2f9;e6f2f9;e5f1f8;e8f4fb;e8f4fb;e8f4fb;eaf7fc;ebf8fd;eaf6fd;e9f5fc;e9f5fc;e7f3fa;e6f2f9;e9f5fc;e7f3fa;e5f1f8;e4f0f7;e2eef5;e5f1f8;e1edf4;e5f1f8;e6f2f9;e6f2f9;e6f2f9;e5f1f8;eaf6fd;e4f0f7;e4f0f7;e5f1f8;e6f2f9;e7f4f9;eaf6fd;e9f5fc;e9f5fc;e5f4fa;e4f3f9;e0eff5;e5f4fa;e9f5fc;e8f4fb;e8f4fb;e6f2f9;e5f1f8;eaf6fd;e9f5fc;e6f2f9;e2f1f7;e2f1f7;e0eff5;dfeef4;e5f1f8;e3eff6;e6f2f9;e4f2fb;e2f0f9;e0eef7;e2f0f9;e1f0f6;e2f1f7;e4f3f9;e4f3f9;e5f1f8;e8f4fb;e0ecf5;e0eef7;e1edf6;e0eef7;e5f1fa;e5f1f8;e4f2fb;e3f1fa;e2f0f9;e3f1fa;e4f2fb;e3f2f8;e4f3f9;e3f3fc;e1f1fa;dfeff8;e1f1fa;e1f1fa;dfeff8;ddedf6;e0f0f9;e1f1fb;e0f0f9;e0f0f9;e0f0f9;e1f1fb;e1f1fb;e0f0fa;dfeff9;ddedf7;dfeff9;dfeff9;deeef8;deeef8;e0e9f4;ccd0da;6c666d;736e68;6a665c;67625b
d8e7ed;dde9f0;dce8ef;dde9f0;d7e3ea;d5e1ea;d2e0e9;ccdae3;d0dee7;dbe7ee;dee8ef;dae4eb;dfe9f0;dde9f0;e0ecf3;e1ebf2;e1ebf2;e4eef5;e3edf4;e2ecf3;e3edf4;e0ecf3;e2eef5;e2eef5;ddecf2;dce8ef;dde9f0;deeaf1;dde9f0;dae4eb;d8e2e9;dce6ed;dbe5ec;dbe5ec;dbe5ec;d9e3ea;dce6ed;dfe9f0;e1ebf2;e5eff6;e3edf4;dfebf2;dbe7ee;dce6ed;dde7ee;dde7ee;dde7ee;dde5ec;e1ebf2;e4eef5;e1ebf2;e4eff4;e4f0f7;e1edf4;dde9f0;dde9f0;dce8ef;e0eaf1;dfeaef;e0e9ee;e3ecf1;e1eaef;e2ebf0;e3eef3;e4eef5;dee8ef;dce6ed;e0eaf1;e3edf4;dce7ec;dee7ec;dee9ee;e2edf2;dfeaef;dee9ee;e0eaf1;e1ebf2;e1ebf2;e1ecf1;dfeaef;dfeaef;dee9ee;e5f0f5;e6f1f6;e4eff4;e2edf2;e6f1f6;e3eef3;e1ecf1;dfeaef;e1ebf2;e2ecf3;e3eef3;e4eff4;e5f0f5;e5f0f5;e3eef3;e1ecf1;e3eef3;e6f0f7;e6f1f6;e7f1f8;e5eff6;e4eef5;e4eff4;e1ecf1;e6f1f6;e6f1f6;e9f4f9;e6f1f6;e6f1f6;e2edf2;e1ecf1;e1ecf1;e3eef3;e2edf2;e4eff4;e5f0f5;e6f1f6;e2edf2;e3eef3;e2edf2;e4eff4;e5f0f5;e2edf2;e1ecf1;e4eff4;e8f2f9;e5eff6;e5f0f5;e6f1f6;e5f0f5;e6f0f7;e0ebf0;e2edf2;e5eff6;e2eef5;e2eff4;e4f1f6;e2eff4;e5f2f7;e5f0f5;e4eff4;e1edf4;e5eff6;e3eef3;e5f0f5;e2edf2;e5f0f5;e3edf4;e2eef5;dfebf2;e1edf4;e3eff6;e4f0f7;e3eff6;e4f0f7;e5f4f9;e5f4f9;e7f3fa;e8f5fa;e5f1f8;e7f3fa;e5f1f8;ebf7fe;ecf6fd;e7f1f8;e5eff6;e6f1f6;e6f1f6;e4eff4;e3eef3;e6f1f6;e7f4f9;e8f3f8;e8f3f8;e6f0f7;e5eff6;e7f1f8;e5f1f8;e2eef5;e8f4fb;e6f2f9;eaf4fb;e7f2f7;e8f2f9;e7f1f8;e6f0f7;e3eff6;e6f2f9;e5f1f8;e4f0f7;e5f0f5;e8f3f8;e8f3f8;e9f4f9;e6f1f6;e6f0f7;e3eff6;e5f1f8;e6f2f9;e7f3fa;e4f0f7;e6f2f9;e8f4fb;ecf6fd;e8f2f9;e9f3fa;e8f3f8;e8f2f9;e7f1f8;e3edf4;e8f2f9;e8f2f9;e7f1f8;e5eff6;e8f2f9;e8f2f9;e6f0f7;e6f0f7;e5f1f8;e6f2f9;e6f2f9;e6f2f9;e7f3fa;e9f3fa;e7f1f8;e5eff6;e4eef5;e7f1f8;e6f2f9;e4f0f7;e5eff6;e6f0f7;e6f0f7;e5eff6;e7f1f8;e7f3fa;e6f2f9;e9f5fc;e8f4fb;e7f4f9;e8f5fa;e7f4f9;e6f2f9;e9f5fc;e7f3fa;e7f3fa;e9f3fa;e8f4fb;e3eff6;e4f0f7;e4f0f7;e3eff6;e5f1f8;e8f4fb;e7f3fa;e3f2f8;e5f1f8;e7f3fa;e6f3f8;e7f4f9;e7f4f9;e6f3f8;e7f4f9;e8f4fb;e7f3fa;e7f3fa;e9f5fc;e4f0f7;e5f1f8;e6f2f9;e8f4fb;e6f2f9;e8f4fb;e9f5fc;ebf7fe;eaf6fd;e9f5fc;e4f0f7;e7f3fa;e7f3fa;e4f0f7;e3eff6;e3eff6;e4f0f7;e3eff6;e4f0f7;e2f1f7;e3f1fa;e3f2f8;e4f0f7;e7f3fa;e5f1f8;e4f0f7;e5f1f8;e3eff8;e3eff8;e1edf6;deecf5;e0eef7;e2f0f9;e2f0f9;e2f0f9;e4f3f9;e3f2f8;e4f2fb;e3f1fa;e2f0f9;e6f4fd;e5f3fc;e0f0f9;e0f0f9;e0f0f9;dfeff8;ddedf6;e0f0fa;e0f0fa;deeef8;deeef7;dfeff8;e2f2fc;e0f0fa;e1f1fb;deeef8;dcecf6;e1f1fb;e2f2fc;e0f0fa;dcecf6;e5ecf7;d1d5df;6f6b72;797275;756e6c;6b6660
dae9ef;e1edf6;dfebf2;e0eaf1;dde9f0;d8e4ed;d2e0e9;cfdde6;d1dfe8;d7e5ee;dde9f0;dce8ef;dbe7ee;dae6ed;dce8ef;dde9f0;dfe9f0;dfe9f0;dee8ef;e2ecf3;e2ecf3;e3eff6;e1edf4;deeaf1;e0ecf3;e0ecf3;e0ecf3;e0ecf3;dfebf2;dfe9f2;e2ecf3;dce6ed;dce6ed;dfe9f0;dee8ef;d7e1e8;e2ecf3;e4eef5;e4eef5;e4eef5;e0eaf1;deeaf1;dbe7ee;d6e2e9;d6e2e9;dce6ed;d8e2e9;dde5ec;e1ebf2;e1ebf2;e2ecf3;e1ecf1;e3eff6;deeaf1;ddeaef;dbe7ee;e1edf4;dfe9f0;dfeaef;dfeaef;dee9ee;e0ebf0;e4edf2;e2edf2;e4eef5;e1ebf2;e1ebf2;e2ecf3;e2ecf3;e0ebf0;e3eef3;e0ebf0;e6f1f6;dfeaef;dfeaef;dee9ee;e1ebf2;dee9ee;dee9ee;e4eff4;dbe6eb;dce5ea;e2ebf0;e3ecf1;e2ebf0;e3ecf1;e3eef3;e1ecf1;e5f0f5;e2ecf3;e6f0f7;e2ecf3;e7f2f7;e4f1f6;e0edf2;e4eff4;e3eef3;e6f0f7;e5eff6;e6f0f7;e6f3f8;e2eef5;eaf4fb;eaf4fb;e4eff4;e1ecf1;e6f1f6;eaf5fa;e6f1f6;e7f2f7;e5f0f5;e4eef5;e3edf4;e1ecf1;e0ebf0;e2edf2;e4eff4;e2edf2;e4eff4;dfeaef;e2edf2;e4eff4;e6f1f6;e2edf2;e4eff4;e4eff4;e5eff6;e7f1f8;e5eff6;e5eff6;e5eff6;e5eff6;e1ebf2;dde8ed;dce7ec;e1ecf1;e1ecf1;deebf0;e0edf2;e3f0f5;e4eff4;e7f2f7;e7f2f7;e3eff6;e3eff6;e0ecf3;deeaf1;e7f1f8;e2ecf3;e5eff6;e2eef5;e4f0f7;e4f0f7;e2eef5;e3eff6;e3eff6;e5f1f8;e6f3f8;e6f3f8;e4f1f6;e6f3f8;e7f4f9;e8f4fb;eaf7fc;e8f5fa;e8f5fa;e9f4f9;e8f3f8;e6f1f6;e5f0f5;e2eff4;e1eef3;e3f0f5;e3f0f5;e3f0f5;e8f3f8;e4f0f7;e4f0f7;e8f2f9;e4f0f7;e7f3fa;e4f0f7;e8f4fb;ebf5fc;e9f3fa;e8f2f9;e6f0f7;e7f1f8;e4f0f7;e7f3fa;e5f1f8;e5f1f8;e7f2f7;e7f2f7;e9f4f9;e7f2f7;e7f1f8;e2eef5;e6f2f9;e1edf4;e4f0f7;e3eff6;e6f0f7;e9f3fa;e7f3fa;e7f3fa;e9f5fc;eaf4fb;ecf6fd;e8f2f9;e5eff6;e3edf4;e4eef5;e8f2f9;eaf4fb;e9f3fa;e8f2f9;e7f1f8;e7f1f8;e6f0f7;e7f1f8;ebf5fc;eaf4fb;e5f1f8;e5f1f8;e7f1f8;e8f2f9;eaf4fb;e7f1f8;e5eff6;e1edf4;e4f0f7;e1edf4;e1edf4;e6f0f7;e6f0f7;e6f2f9;e8f4fb;e6f2f9;e8f4fb;e8f4fb;ebf7fe;eaf7fc;eaf7fc;e9f5fc;e8f4fb;e4f0f7;e5f1f8;e4f0f7;e7f3fa;e4f0f7;e6f2f9;e5f1f8;e4f0f7;e1edf4;e7f3fa;e4f3f9;e3f2f8;e6f5fb;e7f3fa;e6f3f8;e6f3f8;e6f3f8;e6f3f8;e9f6fb;e8f4fb;e3eff6;e5f1f8;e7f3fa;e8f4fb;e5f1f8;e7f3fa;e4f0f7;e7f3fa;e7f3fa;e7f3fa;e6f2f9;e6f2f9;e8f4fb;e5f1f8;e2eef5;e2eef5;e4f0f7;e7f1f8;e8f4fb;e6f2f9;e6f2fb;e6f2fb;e3f1fa;e0eef7;e3f2f8;e5f1f8;e8f4fb;e3eff6;e5f1f8;e5f1f8;e3eff6;e1eff8;e3f1fa;e2f0f9;e0eef7;e0eef7;e3f1fa;e4f2fb;e3f1fa;e0eef7;e2f0f9;e6f4fd;e2f0f9;e1eff8;e3f1fa;e2f2fb;e0f0f9;e0f0f9;e0eef8;e1eff9;e2f2fc;dfeff9;e0f0fa;e1f1fa;e2f2fb;e1f1fb;dfeff9;deeef8;deeef8;e0f0fa;dfeff9;dfeff9;e3f3fd;e1f1fb;e1eff9;dadfe9;726c73;777073;706869;69645e
e1edf4;e0eaf3;e0eaf3;d8e2eb;d9e3ec;d3dfe8;d6e2eb;d5e3ec;d1dfe8;d7e5ee;dde9f2;dfebf2;deeaf1;dce8ef;e0ecf3;dfeaef;e2edf2;e3edf4;dfe9f0;e3edf4;e2ecf3;e0ecf3;dde9f0;e2eef5;e1edf4;deeaf1;e4f0f7;e1edf6;e1edf6;e0ecf5;e1ebf4;dce6ed;dee8ef;dce6ed;dce6ed;dae4eb;e3edf4;e0eaf1;e3edf4;e2ecf3;e1ebf2;dde9f0;dae6ed;d8e2e9;dce6ed;dde7ee;dde7ee;dce4eb;dfe9f0;e3edf4;e3edf4;e4eef5;e0ecf3;dbe7ee;deebf0;d8e5ea;dae7ec;dee9ee;dfeaef;e1ecf1;e3eef3;dfeaef;e0ebf0;e1ebf2;e2ecf3;e4eff4;dfeaef;e0ebf0;dde8ed;e1ecf1;e3eef3;e3eef3;e1ecf1;e6eff4;e5eef3;e4edf2;e2ecf3;e0ebf0;e1ecf1;e1ebf2;dbe5ec;dce7ec;dfe9f0;dfe7ee;e2ebf0;e3ecf1;e1eaef;e5f0f5;e3eef3;e4eff4;e2eff4;e2eff4;e3f0f5;e4f1f6;e4eff4;e3eef3;e4eff4;e6f0f7;e7f1f8;e0ecf3;e3eff6;e2eef5;e0ecf3;e3f0f5;e5f0f5;e6f1f6;e5f0f5;e5f0f5;e6f1f6;e4eff4;e4eff4;e2edf2;e5f0f5;e5f0f5;e3eef3;e6f1f6;e2edf2;e1ecf1;e0ebf0;e1ecf1;e3eef3;e1ecf1;e4eff4;e6f1f6;e9f4f9;e5f0f5;e2ecf3;e5eff6;e6f0f7;e4eef5;e4eff4;e3eef3;e6f1f6;e6f1f6;dfeaef;e3eef3;e4eff4;e4eff4;e5f0f5;e3eef3;e0ebf0;e3eef3;e7f2f7;e7f1f8;e5f1f8;e3eff6;e2eef5;e3eff6;e2edf2;e3eef3;e4eff4;e3eef3;e3eef3;e3eff6;deeaf1;e2eef5;e5f2f7;e3f0f5;e5f2f7;e5f2f7;e4f1f6;e8f5fa;e9f6fb;e9f6fb;e7f4f9;e8f5fa;e9f6fb;e7f4f9;e9f5fc;e5f2f7;e3eff6;e0ecf3;e1edf4;e2eef5;e6f2f9;e9f4f9;e7f3fa;e4f0f7;e7f1f8;e7f1f8;e4f0f7;e6f2f9;e8f2f9;e9f3fa;e9f3fa;e8f2f9;e9f3fa;e5f1f8;e5f1f8;e3eff6;e5f2f7;e7f4f9;e8f3f8;e9f4f9;ecf7fc;e8f2f9;e7f1f8;e4f0f7;e3eff6;e2eef5;e4f0f7;e5f1f8;e8f4fb;e8f2f9;e7f4f9;e6f3f8;e5f2f7;e8f4fb;e8f4fb;e8f2f9;e4eef5;e4eef5;e4eef5;e6f0f7;eaf4fb;ebf5fc;ebf5fc;e7f1f8;e4eff4;e3edf4;e5eff6;e8f2f9;e5eff6;e6f0f7;e4f0f7;e7f3fa;e6f2f9;e8f2f9;e8f2f9;e6f0f7;e7f1f8;e7f3fa;e6f2f9;e5f1f8;e1edf4;e2eef5;e2eef5;e6f2fb;e7f3fc;e5f1f8;e7f3fa;e8f4fb;e8f5fa;edf8fd;ebf5fc;eaf4fb;eaf4fb;eaf4fb;e6f2f9;e6f2f9;e5f1f8;e9f5fc;e8f4fb;e6f2f9;e3eff6;e5f1f8;e5f4fa;e6f5fb;e8f5fa;e7f4f9;e7f4f9;e6f3f8;e6f3f8;e7f3fa;e6f2f9;e5f1f8;e6f2f9;e7f3fa;eaf6fd;e9f5fc;e8f4fb;e8f4fb;e8f4fb;e8f4fb;e7f3fa;e8f4fb;e8f4fb;e9f3fa;e9f3fa;eaf4fb;e5f1f8;e4f0f7;e3eff8;e5f1fa;e3eff8;e6f2f9;e3eff8;e4f0f7;e1eff8;e3f1fa;e1f0f6;e3f2f8;e2f1f7;e6f2f9;e6f2f9;e6f2f9;e6f2f9;e6f4fd;e5f3fc;e2f0f9;e1eff8;deecf5;e1eff8;e2f0f9;e5f3fc;e4f2fb;e2f0f9;e3f1fa;e2f0f9;e2f0f9;e3f1fa;e1f1fa;e1f1fa;e1f1fa;e1eff8;e0eef7;e2f0f9;e2f0f9;e3f1fa;e2f0f9;e4f2fb;deeef8;dfeff9;deeef8;deeef8;e0f0fa;deeef8;e2f2fc;dcecf6;deeef8;e6eef7;ced3da;71686f;726a6d;6f6866;6c6761
e2eef5;dfe9f0;dce6ed;dde7f0;dde7f0;d3dde6;d2dee7;d8e4ed;d6e2e9;d7e3ea;dbe7ee;dde9f0;dde9f0;dde9f0;dee8ef;e3eef3;dce7ec;e1ebf2;e2edf2;e3edf4;e2ecf3;e1edf4;e5eff6;e5eff6;deeaf1;dce8ef;e1edf4;dde9f0;e0ecf3;d9e5ee;dfebf4;dae4eb;dde7ee;d6e0e7;dbe5ec;d8e2e9;e1ebf2;dde7ee;e2ecf3;e2ecf3;dee8ef;dce6ed;dbe5ec;dce6ed;dee8ef;dbe5ec;dde7ee;dee8ef;e3edf4;e1ebf2;dce8ef;dce8ef;dfebf2;dfe9f0;dce7ec;dfeaef;deebf0;e2edf2;dfeaef;e2edf2;e2edf2;e2edf2;e0ebf0;e0eaf1;e2edf2;e3eef3;dee9ee;e2edf2;e3eef3;dfeaef;e5f0f5;e3eef3;e0ebf0;e3ecf1;e4edf2;e4edf2;e3ecf1;e4edf2;dfeaef;dfe9f0;dbe5ec;dfe9f0;e1ebf2;e2eaf1;e2ebf0;e1eaef;e5eef3;e5f0f5;e4eef5;e5eff6;e0ecf3;e3eff6;e4f1f6;e7f4f9;e3f0f5;e7f2f7;e1ecf1;e7f1f8;e3edf4;e2eef5;e2eef5;e2eff4;dfecf1;e4eff4;e7f2f7;e5f0f5;e6f1f6;e7f2f7;e6f1f6;e8f5fa;eaf5fa;e7f2f7;e5f0f5;e7f2f7;e6f1f6;e9f4f9;e6f1f6;e2edf2;e0ebf0;e3eef3;e1ecf1;e4eff4;e9f4f9;e5f0f5;e4eff4;e1ecf1;e5edf4;e6f0f7;e7f1f8;e4f1f6;e4f1f6;e5f2f7;e6f1f6;dfeaef;e1ecf1;dfeaef;e4eff4;e6f1f6;e5f0f5;e5f0f5;e6f1f6;ddeaef;e6f3f8;e8f2f9;e4f0f7;deeaf1;e3edf4;e1ebf2;e1ecf1;e6f1f6;e5f0f5;e3eef3;e6f1f6;dde9f0;e2eef5;e0ecf3;e4f0f7;e5f2f7;e5f2f7;e4f1f6;e7f4f9;e8f5fa;e6f3f8;e8f5fa;e8f5fa;e6f3f8;e6f3f8;e7f4f9;e8f5fa;e6f3f8;e4f0f7;e5f1f8;e3eff6;e2eef5;e2eef5;e7f2f7;e7f1f8;e7f2f7;e9f3fa;e6f0f7;e3eff6;e3eff6;e6f2f9;eaf4fb;e7f1f8;e7f3fa;e9f4f9;ecf6fd;ecf7fc;e4f1f6;e9f4f9;eaf5fa;eaf5fa;e8f3f8;e6f1f6;e8f2f9;e6f0f7;e7f3fa;e4f0f7;e3eff6;e4f0f7;e5f1f8;e7f4f9;eaf5fa;e9f6fb;e6f3f8;e9f6fb;e8f4fb;ebf7fe;e9f5fc;e9f3fa;e8f2f9;e7f1f8;e8f2f9;e8f2f9;e8f2f9;ebf5fc;ebf5fc;e8f2f9;e7f1f8;e4eef5;e7f1f8;e7f1f8;e7f3fa;e7f3fa;e7f3fa;e5f1f8;ecf6fd;ebf5fc;e8f3f8;eaf5fa;e7f2f7;e3eff6;e8f4fb;e6f2f9;e3eff6;e2eef5;dfebf4;e5f1fa;e6f2f9;e7f3fa;e8f4fb;e7f1f8;ebf5fc;edf7fe;ecf6fd;ecf6fd;eaf4fb;e8f2f9;e6f2f9;e7f3fa;e8f4fb;e9f5fc;e6f2f9;dfebf2;e2eef5;e6f2f9;e6f2f9;e8f5fa;e8f5fa;e7f4f9;e4f1f6;e9f3fa;e7f1f8;e8f2f9;e8f2f9;e5f1f8;e6f2f9;e6f2f9;e6f2f9;e7f3fa;e7f3fa;e9f5fc;e4f3f9;e4f3f9;e8f4fb;e9f5fc;e9f5fc;e8f2f9;edf7fe;eaf6fd;e7f3fa;e5f1f8;e2eef5;e3eff8;e6f2f9;e3eff6;e6f2f9;e5f3fc;e3f1fa;e0eff5;e0eff5;e5f4fa;e6f2f9;e6f2f9;e4f0f7;e4f0f7;e1eff8;e2f1f7;e0eff5;e0eef7;dbe9f2;dfedf6;e1eff8;e0eef7;e0eef7;e2f0f9;e5f3fc;e3f1fa;e1eff8;e3f1fa;e3f3fc;e2f2fb;deeef7;e0eef7;e2f0f9;e6f4fd;e6f4fd;e4f2fb;e1eff8;e0eef7;deeef8;e0f0fa;dcecf6;ddedf7;e1f1fb;e1f1fb;e0f0fa;e0f0fa;e0f0fa;e4ecf5;d5dae1;6d676e;726b6e;6f6866;6b6660
e1edf4;e1edf4;deeaf1;e0eaf1;dce6ed;d7e1e8;d8e2e9;dce6ed;d9e3ea;d9e3ea;dfe9f0;dae6ed;dbe7ee;dde9f0;e1ebf2;e1ebf2;e2ecf3;dfeaef;e1ecf1;e2edf2;dfecf1;dfecf1;dfeaef;e4eef5;deeaf1;dde9f0;e0ecf5;dfebf4;dfebf4;dfebf4;dce8f1;d9e5ec;d9e5ec;d8e4eb;dde7ee;dde7ee;dfe9f0;dce6ed;e0eaf1;e0eaf1;e2ecf3;dee8ef;dfe9f0;dae5ea;dae5ea;dbe5ec;dde7ee;dde7ee;dee8ef;dce6ed;dee8ef;dde7ee;dce6ed;dce6ed;dde7ee;e3edf4;e5eff6;e3edf4;dfe9f0;e2ecf3;e1ebf2;e1ebf2;e1ebf2;e2ecf3;e1ebf2;e2ecf3;dfe9f0;e1ebf2;dfe9f0;dfe9f0;e2ecf3;dde7ee;e4eff4;e1ebf2;dfe9f0;dfe7ee;e3ebf2;e3ebf2;dfe9f0;dfe9f0;d9e3ea;dde7ee;e2ecf3;e7eff6;e8f0f7;e6f0f7;e5edf4;e2edf2;e4eef5;e4eef5;e3eff6;e3eff6;e1edf4;e5eff6;e0ebf0;e1ecf1;e4eef5;e3edf4;e4eef5;e3edf4;e3eef3;e6f1f6;e3eef3;e0ebf0;e2edf2;e6f1f6;e6f3f8;e2eff4;e2eff4;e4f1f6;e4eff4;e4eff4;e7f2f7;e7f2f7;e5f0f5;e5f0f5;e5f1f8;e2eef5;e1eef3;dfebf2;e3eef3;e1ecf1;e7f0f5;e9f4f9;e6f0f7;e4eef5;e5eff6;e3eff6;e4f1f6;e5f2f7;e5f2f7;e4f1f6;e8f5fa;e6f1f6;e1ecf1;e4eff4;dfecf1;dfecf1;ddeaef;e0edf2;e0edf2;e1eef3;e3f0f5;e0edf2;e3f0f5;e2eff4;e6f1f6;e3eef3;e2edf2;e5f0f5;e2edf2;e2edf2;e0ebf0;e4eef5;e8f2f9;e3eff6;e5f1f8;e5f1f8;e6f3f8;e4f1f6;e4f1f6;e9f6fb;e9f6fb;e7f4f9;e8f4fb;e6f2f9;e2eef5;e6f5fb;e4f0f7;e7f3fa;e5f1f8;e6f2f9;e5f1f8;dfebf2;e0ecf3;e2ecf3;e5eff6;e9f3fa;e7f1f8;e4eef5;e6f0f7;e5f1f8;e8f4fb;e4f0f7;e5f1f8;e3eff6;e4f0f7;e8f4fb;e8f5fa;e6f1f6;e9f4f9;e8f3f8;e7f2f7;e6f1f6;e6f1f6;e8f2f9;e7f3fa;e4f1f6;e7f3fa;e5f1f8;e7f3fa;e6f2f9;e7f4f9;e6f3f8;e6f2f9;e6f2f9;e4f0f7;e6f2f9;e9f5fc;e9f5fc;e9f3fa;e8f2f9;e7f1f8;e5eff6;e4eef5;e7f1f8;e8f2f9;e9f3fa;e7f3fa;e7f1f8;e6f0f7;e3edf4;e7f1f8;e8f2f9;e4f0f7;e4f0f7;e9f3fa;e8f2f9;e8f2f9;ebf5fc;e9f3fa;e8f2f9;e6f2f9;e8f4fb;e8f4fb;e7f3fa;e5f1f8;e5f1fa;e2eef7;e3eff8;e5f1f8;e7f3fa;e8f4fb;e8f4fb;eef8ff;eaf4fb;ebf5fc;eaf4fb;e9f3fa;e9f3fa;ebf5fc;e8f2f9;e7f1f8;e6f0f7;e7f1f8;dee8ef;e0ecf3;e3eff6;e7f3fa;e8f4fb;e5f1f8;e5f1f8;e4f0f7;e2eef5;e4f0f7;e4f0f7;e4f0f7;e4f0f7;e4f0f7;e6f2f9;eaf6fd;ecf8ff;eaf6fd;e7f6fc;e6f5fb;e4f0f7;e7f3fa;e7f3fa;e7f4f9;ebf7fe;e6f2f9;e6f2f9;e2eef5;e4f0f7;e3f2f8;e1f0f6;e6f2f9;e6f2f9;e2f1f7;e5f1fa;e1eff8;e1eff8;e3f1fa;e4f0f9;e7f3fc;e5f1fa;e1edf6;e1eff8;e3f1fa;e3f1fa;e0eef7;e4f2fb;e0eef7;e3f1fa;e2f0f9;e2f0f9;e4f2fb;e0eef7;e0eef7;dfeff8;e1f1fa;e3f3fc;e4f4fd;e1f1fa;e1f1fa;dfeff8;e3f1fa;e5f3fc;e2f0f9;e1f1fa;e0f0fa;dfeff9;dfeff9;d9e8f5;e1f1fb;e0f0fa;e0f0fa;e0f1fb;ddeef8;e1f1fb;e2e9f4;ccd0da;71686f;6f676a;6d6664;6b6660
e2eef5;deeaf1;dae6ed;dde7ee;d5dfe6;d8e2e9;d8e2e9;d9e3ea;d8e2e9;d6e0e7;dfe9f0;dee8ef;dde9f0;e2ecf3;dce6ed;dde7ee;e1ebf2;dfe9f0;dee9ee;e0ebf0;e6f1f6;e3eef3;e4eff4;e0eaf1;dfebf2;deeaf1;dce8ef;dde9f2;dde9f2;dfebf4;dde9f2;dce8ef;d8e4eb;dce8ef;dde7ee;dde7ee;dde7ee;dde7ee;e1ebf2;e3edf4;e1ebf2;dde7ee;dae4eb;dce7ec;dbe6eb;d4dee5;d7e1e8;dae4eb;dce8ef;dee8ef;e0eaf1;dce6ed;d9e1e8;dae2e9;d8e0e7;dce6ed;dfe9f0;e0eaf1;e3edf4;dfe9f0;e5eff6;e1ebf2;e0eaf1;e0eaf1;e1ebf2;e2ecf3;e0eaf1;e0eaf1;e1ebf2;dee8ef;dee9ee;e2edf2;e0ebf0;e1ebf2;dde7ee;e1ebf2;e3ebf2;e2eaf1;e0e8ef;dce4eb;dce4eb;e0eaf1;e4eef5;dfe9f0;e4eef5;e5eff6;e2eaf1;e5f0f5;e5eff6;e5eff6;e3edf4;e6f0f7;e3eff6;e4eef5;e6f0f7;e0eaf1;e5eff6;e1ebf2;e1ebf2;e2ecf3;e0edf2;e2edf2;e2edf2;dfecf1;e5f0f5;e1ecf1;deebf0;e2eff4;e3f0f5;e6f3f8;e5f0f5;e8f3f8;e9f4f9;e6f1f6;e6f1f6;e6f0f7;e4f0f7;e4f0f7;e3eff6;e1edf4;e1ebf2;dfeaef;e3eef3;e4eff4;e6f0f7;e1edf4;e1edf4;deeaf1;e5f1f8;e4f1f6;e4f1f6;e3f0f5;e5f2f7;e7f2f7;e1ecf1;e6f1f6;e0edf2;dfecf1;e0edf2;e5f1f8;e1edf4;e3eff6;e1edf4;e3f0f5;e0edf2;e4eff4;e6f1f6;e5f0f5;e6f1f6;e2edf2;e1ecf1;e3eef3;e3eef3;e4eef5;e4eef5;e7f1f8;e5eff6;e5f1f8;e4f0f7;e6f3f8;e7f4f9;e6f3f8;e6f3f8;eaf6fd;e8f4fb;e5f4fa;e5f4fa;e2f1f7;e0ecf3;e8f5fa;e7f4f9;e9f6fb;e8f4fb;e4f0f7;e3eff6;e3edf4;e4eef5;e4eef5;e8f2f9;e7f1f8;e7f1f8;e5f1f8;e1edf4;e4f0f7;e5f1f8;e5f1f8;e3eff6;e5f1f8;e8f5fa;e7f4f9;e7f2f7;e7f2f7;e7f2f7;e8f3f8;e9f4f9;e6f3f8;e7f4f9;e6f3f8;e5f2f7;e3eff6;e6f2f9;e4f0f7;e7f3fa;e5f1f8;e4f0f7;e3eff6;e7f3fa;e7f3fa;e9f5fc;e9f5fc;e8f5fa;e9f3fa;e5eff6;e5eff6;e3edf4;e5eff6;eaf4fb;e8f2f9;e7f3fa;e5f1f8;e5eff6;e6f0f7;e5eff6;e5eff6;e6f0f7;e3edf4;e7f1f8;eaf4fb;edf7fe;ebf5fc;e4f0f7;e0ecf3;e4f0f7;e8f4fb;e7f3fa;e8f4fb;e5f1f8;dfebf2;dde9f0;e0ecf5;e3eff6;ebf7fe;edf7fe;e9f3fa;e9f3fa;ebf5fc;eaf4fb;eaf4fb;e9f3fa;eaf4fb;ecf6fd;e5eff6;e6f0f7;e6f0f7;e9f3fa;e5eff6;e0eaf1;e5eff6;e6f2f9;e5f1f8;e8f4fb;eaf6fd;ebf7fe;e5f1f8;e4f0f7;e6f2f9;e6f2f9;e3eff6;e7f3fa;e5f1f8;e6f2f9;e8f4fb;eaf7fc;e8f4fb;e7f6fc;e6f5fb;e6f2f9;e6f2f9;e6f2f9;e8f4fb;e5f1f8;e4f0f7;e5f1f8;e4f3f9;e3f2f8;e2f1f7;e3eff6;e4f0f7;e2eef5;e5f1fa;e2eef7;e3f1fa;e5f3fc;e4f0f9;e2eef7;e6f2fb;e4f0f9;dfebf4;e1eff8;e0eef7;e0eef7;deecf5;dfedf6;e1eff8;e1eff8;e4f2fb;e2f0f9;e1eff8;e0f0f9;e1f1fa;dfeff8;e0f0f9;dfeff8;ddedf6;e0f0f9;e1f1fa;e2f2fb;e2f0f9;e3f1fa;e2f2fc;e0f0fa;dbebf5;ddecf9;deedfa;dbebf5;deeef8;e0f0fa;dcedf7;d6e7f1;e1f1fb;e6edf8;b4b8c2;6b676e;70696c;6e6765;6b6660
e2eef5;deeaf1;dde9f0;d7e3ec;d5e1ea;d7e3ec;d8e4eb;d6e2e9;d7e3ea;d2dee5;dae6ed;deeaf1;dde9f0;deeaf1;deeaf1;dfe9f0;e1ebf2;e3edf4;e2ecf3;e0ebf0;e5f0f5;e5f0f5;e2ecf3;e2ecf3;e2ecf3;dfebf4;deeaf3;e0ecf5;e2eef7;e1edf6;d9e5ec;dbe7ee;dae6ed;d8e4eb;dfe9f0;dde7ee;dee8ef;dfe9f0;dee8ef;dfe9f0;dfe9f0;d9e3ea;dfe9f0;dee8ef;dde7ee;e0eaf1;e2ecf3;dce6ed;dfe9f0;dee8ef;dbe5ec;dbe5ec;dce4eb;d8e0e7;d7dfe6;d9e1e8;dde5ec;dfe9f0;dee8ef;dfe9f0;e3edf4;e3edf4;dde7ee;e0eaf1;e2ecf3;e2ecf3;dfeaef;e1ecf1;dce8ef;ddeaef;dce9ee;dfecf1;ddeaef;dce9ee;e0ecf3;dfe9f0;dfe9f0;dfe9f0;e1e9f0;dfe9f0;dae4eb;e0eaf1;dfe9f0;e2ecf3;e3edf4;dfe9f0;dce6ed;e2edf2;e1ebf2;e2ecf3;e0ecf3;dfebf2;e0ecf3;e1edf4;e7f1f8;e3edf4;dee8ef;dce8ef;dde7ee;e2eef5;e2eff4;e4eff4;e1ecf1;e2eff4;e0edf2;dde9f0;e3f0f5;e3f0f5;e3f0f5;dfecf1;e4f1f6;e4f1f6;e4f0f7;e3eff6;e0ecf3;e4f0f7;e1edf4;e1edf4;e1edf4;e3eff6;e4f1f6;e2edf2;e5f0f5;e2eff4;deebf0;e0ecf3;e2eef5;deeaf1;e2eef5;e4f0f7;e5f1f8;e1edf4;e0edf2;e3f0f5;dfecf1;dfecf1;dfebf2;dbe7ee;dde9f0;dde9f0;dfebf2;e1edf4;e0ecf3;e4f0f7;e5f2f7;e3f0f5;e4f1f6;e9f4f9;e3eef3;e4eff4;e5f0f5;e4eff4;e5f0f5;e5eff6;e9f3fa;e4eef5;e5eff6;e6f2f9;e4f0f7;e3eff6;e5f1f8;e4f0f7;e4f3f9;e1f0f6;e2f1f7;e2f1f7;e4f3f9;e5f4fa;e4f0f7;e6f2f9;e9f5fc;ecf8ff;e7f3fa;e7f3fa;e5f1f8;e3eff6;e7f1f8;e5eff6;e8f2f9;e9f3fa;ebf5fc;e6f2f9;e2eef5;e5f1f8;e3eff6;e3eff6;e4f0f7;e4f0f7;e6f2f9;e6f2f9;e7f4f9;e9f4f9;e8f3f8;e8f3f8;e5f2f7;e2eef5;e4f0f7;e4f0f7;e4f0f7;e4f0f7;e4f0f7;e3eff6;e4f0f7;e3eff6;e5f1f8;e4f0f7;e6f0f7;e4f0f7;e7f3fa;e8f4fb;e8f5fa;e9f5fc;e6f2f9;e6f0f7;e1ebf2;e0eaf1;e0eaf1;e7f1f8;e5f1f8;e4f0f7;e2eef5;e3eff6;e5f1f8;e5eff6;e7f1f8;e7f1f8;e4eef5;e8f2f9;e7f1f8;e5eff6;e6f2f9;e7f3fa;e3eff6;e5f1f8;e5f1f8;e5f1f8;e6f2f9;e4f0f7;deeaf1;e0ecf3;e1edf4;e3edf4;e6f0f7;e6f2f9;e5f1f8;e8f4fb;e8f4fb;e7f3fa;e8f4fb;e7f3fa;e9f5fc;e5f1f8;e5f1f8;e7f1f8;e7f1f8;e7f3fa;e3eff6;dce8ef;e5f1f8;e4f0f7;e6f2f9;e7f3fa;ecf8ff;e9f5fc;e7f3fa;e7f3fa;e7f3fa;e6f2f9;e6f2f9;e5f1f8;e6f2f9;e8f4fb;e9f5fc;edf9ff;eaf6fd;e8f4fb;e5f1f8;e6f2f9;e7f3fa;e5f1f8;e6f2f9;e6f5fb;e3f2f8;e5f4fa;e6f5fb;e4f3f9;e4f3f9;e3f2f8;e3eff6;e5f1f8;e3f1fa;e1eff8;e3f1fa;e2f0f9;e0eef7;e0eef7;e3f1fa;dfedf6;e2f0f9;e2f0f9;e3f1fa;e1eff8;e3f3fc;e3f3fc;e2f2fb;e4f2fb;e2f0f9;e0eef7;e1f1fa;dfeff8;dfeff8;e1f1fa;deeef7;e0eef8;dbe9f3;ddebf5;dfeff9;e0f0fa;ddedf7;deeef8;deeef8;dbebf5;ddedf7;dfeff9;dfeff9;e0f0fa;ddedf7;dff0fa;ddeef8;ddedf7;e5ecf7;d3d7e1;6a666d;70696c;706967;68635d
dce8ef;dae8f1;d9e7f0;d7e5ee;d3e1ea;d4e2eb;d7e6ec;d2e1e7;dbe7ee;d0dfe5;dae6ed;dce8ef;dde9f0;dce8ef;dce8f1;dce8f1;dce8f1;e1ebf2;e3edf4;e4eef5;dfe9f0;e0eaf1;e6f0f9;d8e4ed;dfebf4;dce8f1;dce8f1;dbe7ee;deeaf1;dce8f1;dbe9f2;dbe7ee;dbe7ee;d8e4eb;d7e3ea;d4e0e7;d9e5ec;dae6ed;e2ecf3;e1ebf2;dee8ef;e1ebf2;dae4eb;d7e3ea;dae4eb;dee8ef;dae4eb;dde7ee;e1ebf2;dfe9f0;e1ecf1;e0eaf1;dde7ee;d9e3ea;dae4eb;d8e2e9;d6e0e7;dce7ec;dee8ef;dfe9f0;e1ebf2;e2eef5;e0eaf1;dfe9f0;dde8ed;dde8ed;e1ecf1;dee9ee;dbe8ed;deebf0;deebf0;dfecf1;ddeaef;d9e6eb;dce9ee;dfeaef;e1ecf1;dce7ec;dbe5ec;dae4eb;dde7ee;dde9f0;dde9f0;dbe7ee;dce8ef;dbe7ee;dce8ef;e0ecf3;e0ecf3;e1edf4;deeaf1;deeaf1;dde9f0;deeaf1;e1ebf2;e0eaf1;dfe9f0;dce6ed;e0eaf1;e1ebf2;dce8ef;dce8ef;e0edf2;dfebf2;e3f0f5;e0edf2;e1edf4;e0ecf3;e1edf4;e3eff6;e2eef5;e0ecf3;e0ecf3;dfebf2;deeaf1;e1edf4;e3eff6;e2eef5;e1f0f6;e0eff5;e4f1f6;e3f0f5;e1eef3;e2eff4;e2edf2;e3eef3;e1ebf2;dee8ef;deeaf1;deeaf1;deeaf1;e3f0f5;e3f0f5;e4f1f6;e1edf4;dfebf2;deeaf1;deeaf1;e0ecf3;e0ecf3;e0ecf3;e4f0f7;e2eef5;e1edf4;deeaf1;e1edf4;e0ecf3;dfebf2;e2eff4;e1ecf1;e2ecf3;e1ebf2;e3edf4;e2ecf3;e7f1f8;e3eff6;e3eff6;e2eef5;e0ecf3;e1edf4;e1edf4;e2eef5;e5f1f8;e6f2f9;e4f3f9;e3f2f8;e4f3f9;e2f1f7;e3f2f8;e0ecf3;e2f1f7;e3f2f8;e2f1f7;e1f0f6;e7f6fc;e5f4fa;e5f1f8;e5f1f8;e3eff6;e2eef5;e2eef5;e5f1f8;e6f2f9;dfebf2;e2eef5;e3eff6;e2eef5;e1edf4;e6f2f9;e3eff6;e5f2f7;e9f4f9;e8f3f8;e8f3f8;e4eff4;e5f1f8;e6f2f9;e4f0f7;e4f0f7;e3eff6;e3eff6;e5f1f8;e2eef5;e2eef5;dfebf2;e6f0f7;e7f1f8;e6f0f7;e6f2f9;e3eff6;e7f4f9;e9f5fc;e6f2f9;e6f0f7;e5eff6;e4eef5;e0eaf1;dfe9f0;e4f0f7;e3eff6;e3eff6;e5f1f8;e5f1f8;e4f0f7;e4eef5;e3edf4;e8f2f9;e6f0f7;e9f3fa;e8f2f9;e6f2f9;e6f2f9;e8f4fb;e8f4fb;e5f1f8;e5f1f8;e6f2f9;e9f5fc;e7f1f8;e6f0f7;e0eaf1;e1ebf2;e8f2f9;e5eff6;dfebf2;e5f1f8;e6f2f9;e6f2f9;e6f2f9;e8f4fb;e9f5fc;e8f4fb;e6f2f9;eaf6fd;e6f2f9;e4f0f7;e1edf4;dfebf2;dde9f0;e0ecf3;e4f0f7;e3eff6;e7f3fa;e6f3f8;e8f5fa;e7f4f9;e6f3f8;e5f1f8;e2eef5;e5f1f8;e7f3fa;e3eff6;eaf6fd;e9f5fc;e9f5fc;e8f4fb;e8f4fb;e6f2f9;e6f2f9;e7f3fa;e4f3f9;e3f2f8;e2f1f7;e6f5fb;e6f5fb;e6f5fb;e7f6fc;e4f3f9;e5f4fa;e4f3f9;e5f3fc;e6f4fd;e1eff8;e5f3fc;e4f2fb;e3f1fa;e4f2fb;e1f0f6;e3f1fa;e2f0f9;e2f0f9;e1eff8;e1eff8;e2f2fb;deeef7;e3f1fa;e4f2fb;e3f1fa;e2f0f9;e3f1fa;e2f0f9;e2f0f9;e5f3fc;e4f2fb;deecf6;dbe9f3;dfedf7;e3f1fb;dcecf6;d9e9f3;d9e9f3;daeaf4;daeaf4;daeaf4;dfeff9;dfeff9;dfeff9;e1f1fb;dbecf6;deeef8;e2e9f4;c3c7d1;68646b;726b6e;6a6361;635e58
dde9f2;d8e6ef;dceaf3;d3e1ea;d8e6ef;d3e1ea;d4e2eb;d5e3ec;d9e5ec;d2e1e7;d5e4ea;dae9ef;d8e7ed;d8e4ed;dde9f2;dde9f2;deeaf3;deeaf3;dce8f1;deeaf3;deeaf1;deeaf1;deeaf3;dfebf4;deeaf3;dfe9f2;e1ebf4;dde9f2;dbe7ee;dbe7f0;dbe9f2;d9e8ee;d7e3ea;d2dee5;d3dfe6;d4e0e7;d8e2e9;dbe5ec;dfe9f0;dee8ef;dfe9f0;dde7ee;d9e5ec;d8e4eb;d8e2e9;d9e3ea;d8e2e9;dde7ee;e2ecf3;dee8ef;dfeaef;dce6ed;dbe5ec;dae4eb;dbe5ec;e0eaf1;dae4eb;d9e3ea;dae4eb;dbe5ec;dfe9f0;e1edf4;e2eef5;e1edf4;dce7ec;e0ebf0;dde8ed;dce9ee;dae7ec;dbe8ed;dbe8ed;dce8ef;d8e4eb;d9e6eb;d9e6eb;dce7ec;dee9ee;dee9ee;dee8ef;dce6ed;d5e1e8;deeaf1;dce8ef;dae6ed;d8e4eb;dae6ed;deeaf1;dbe7ee;dfebf2;dfebf2;deeaf1;deeaf1;dae6ed;d8e4eb;dde9f0;dbe7ee;dfebf2;e5eff6;e2ecf3;e1ecf1;e3eef3;dfeaef;dfeaef;deebf0;e2eff4;e0ecf3;dfeef4;e1f0f6;dae9ef;dde9f0;e1edf4;dde9f0;e0ecf3;dde9f0;dbe7ee;e2eef5;ddecf2;e4f0f7;dfeef4;e3f2f8;dfeef3;dfecf1;e2eff4;e3f0f5;e0ebf0;e1ecf1;e6f1f6;e2eff4;e2eef5;dbe8ed;e0edf2;e1eef3;e0edf2;e2eff4;e3f0f5;dce8ef;dbe7ee;dde9f0;dce8ef;dbe7ee;e2eef5;e5f1f8;e2eef5;e3eff6;e4f0f7;e0ecf3;e3eff6;e1edf4;e4f0f7;dfebf2;e1edf4;e1edf4;e0ecf3;dde9f0;e2eef5;e2eef5;e7f3fa;e7f3fa;e7f3fa;e4f0f7;e3eff6;e2eef5;e4f3f9;e4f3f9;e2f1f7;e3f2f8;e5f4fa;e2f1f7;e3f2f8;e4f0f7;deedf3;dfeef4;e2f1f7;e2f1f7;e3f2f8;e1f0f6;e7f3fa;e3eff6;e4f0f7;e3eff6;e5f1f8;e3eff6;e6f2f9;e3eff6;e3eff6;e3eff6;e4f0f7;e5f1f8;e4f0f7;e3eff6;e6f2f9;e9f4f9;e7f1f8;eaf4fb;e5eff6;e6f0f7;e3eff6;e6f2f9;e3eff6;e5f1f8;e4f0f7;e6f2f9;e4f0f7;e5f1f8;e2eef5;e1edf4;e4eef5;e4f0f7;e4f0f7;e4f0f7;e6f2f9;e8f4fb;e7f3fa;e7f3fa;e9f5fc;e5eff6;e1ebf2;deeaf1;e1edf4;e4f0f7;e3eff6;e1edf4;e5f1f8;e1edf4;e2eef5;e2ecf3;e7f1f8;e8f2f9;e9f3fa;e8f2f9;e6f2f9;e6f2f9;e6f2f9;e4f0f7;e6f2fb;e4f0f7;e3eff6;e5f1f8;e6f0f7;e6f0f7;e7f1f8;e1ebf2;dfe9f0;e2eef5;e5f1f8;e4f0f7;e5f1f8;e4f0f7;e6f2f9;e7f3fa;eaf6fd;e9f6fb;eaf7fc;e9f5fc;e9f5fc;e4f0f7;e7f3fa;dfebf2;dde9f0;e0ecf3;e2eef5;e1edf4;e2eef5;e6f3f8;eaf7fc;ebf8fd;e9f6fb;e5f1f8;e3eff6;e3eff6;e5f1f8;e3eff6;e4f0f7;e6f2f9;e7f3fa;eaf6fd;eaf6fd;e9f5fc;e6f2f9;e7f3fa;e5f1f8;e4f3f9;e4f3f9;e6f5fb;e6f5fb;e6f5fb;e8f7fd;e9f8fe;e4f3f9;e3f2f8;e2f2fb;e3f3fc;e2f2fb;e5f3fc;e5f3fc;e0eff5;e3f2f8;e5f4fa;e3f2f8;e4f2fb;e4f2fb;e3f1fa;e2f0f9;deeef7;e2f0f9;e3f1fa;e4f2fb;e2f0f9;e1eff8;e3f1fa;deecf5;e2f0f9;e3f1fa;e2f0fa;e2f0fa;ddebf5;e2f0fa;dfedf7;dcecf6;dbebf5;dcecf6;deeef8;dbebf5;daeaf4;dbebf5;daeaf4;ddedf7;deeef8;dbecf6;dbebf5;dee7f2;d3d7e1;6c686f;716a6d;6b6364;635e58
dae8f1;deecf5;dce8f1;dae6ef;d5e1ea;d7e3ec;d4e0e9;d9e5ee;d7e3ec;d1dfe8;d8e6ef;dae8f1;dae6ef;dce8f1;dbe7f0;dde9f2;dae6ef;dce8f1;deeaf3;dde9f2;deeaf3;dbe9f2;dbe7f0;dde9f2;e0ecf5;dfebf4;dee8f1;dde9f2;deeaf3;d3e1ea;d5e3ec;cedde3;d4e0e7;cfdbe2;d6e2e9;d4e0e7;d8e2e9;dae6ed;d8e4eb;dbe7ee;dee8ef;dae6ef;dbe7f0;d6e2eb;d9e5ee;d7e3ea;dbe5ec;dfe9f0;dde7ee;dae6ed;dce8ef;dfe9f0;dbe5ec;dbe5ec;dce6ed;e1ebf2;dde7ee;dae4eb;dde7ee;dae4eb;dbe7ee;deeaf1;dde9f0;deeaf1;dde9f0;dde7ee;dce7ec;dce6ed;dce8ef;dbe7ee;dde9f0;dde9f0;dce6ed;dae4eb;dbe7ee;dae6ed;dce8ef;dbe7ee;dde9f0;dfebf2;dae6ed;d8e4eb;d8e4eb;dae6ed;dbe7f0;deeaf3;dbe7f0;dbe7f0;e1ebf2;e0eaf1;dbe7ee;dce8ef;dde9f0;dce8ef;dbe7ee;d8e4eb;dee8ef;dfe9f0;e3eef3;e4eff4;e1ecf1;e0ebf0;dfecf1;e1eef3;e3f0f5;e1eef3;ddeaef;d5e2e7;dde9f0;dde9f0;dce8ef;e4f0f7;e2eef5;e1edf4;dfebf2;e2eef5;e3eff6;e0ecf3;e4f0f7;deedf3;deedf3;dde9f0;e2eef5;dfebf2;e2eef5;deebf0;deebf0;e1eef3;e0edf2;dfecf1;dfecf1;e1eef3;dfecf1;e0edf2;e3f0f5;e1edf4;dfebf2;dfebf2;dce8ef;e0ecf3;dfebf2;e0ecf3;e0ecf3;e3eff6;e2f1f7;dde9f0;e0edf2;e0ecf3;dfebf2;e4f0f7;e2eef5;e2eef5;e1edf4;e3eff6;e1edf4;e3f2f8;e2f1f7;e6f2f9;e3eff6;e2eef5;e4f0f7;e1edf4;e2f1f7;e3f2f8;e3f2f8;e5f4fa;e5f1f8;e6f5fb;e4f3f9;e4f0f7;e0ecf3;e0eff5;e2eef5;e3eff6;e2f0f9;e2f0f9;e3f1fa;e3f2f8;e1f0f6;e2f1f7;dfeef4;e3eff6;e7f3fa;e8f2f9;e6f0f7;e4eef5;e6f0f7;e3eff6;e4f0f7;e5f1f8;e8f2f9;e7f1f8;e5eff6;e8f2f9;e4eef5;e4f0f7;e3eff6;e3eff6;e4f0f7;e6f2f9;e3eff6;e5f1f8;e5f1f8;e6f2f9;e5f1f8;e3eff6;e0ecf3;e3edf4;e5eff6;e8f2f9;e7f1f8;e6f2f9;e7f3fa;e7f3fa;e7f3fa;e7f3fa;e3eff6;e4f0f7;dbe7ee;e0ecf3;e2eef5;e2eef5;e3eff6;e4f0f7;e2eef5;e2eef5;e1edf4;e4f0f7;e5f1f8;e5f1f8;e8f2f9;e6f2f9;e4f0f7;e3eff6;e7f3fa;e9f5fc;e6f2f9;e7f3fa;e9f3fa;e6f0f7;e8f2f9;e6f0f7;e1ebf2;e1ebf2;e0eaf1;e2eef5;e6f2f9;e5f1f8;e7f3fa;e7f3fa;e8f4fb;e8f4fb;e5f1f8;eaf6fd;e8f4fb;e6f2f9;e6f2f9;e3eff6;e3eff6;dce8ef;dce8ef;dfebf2;e4f0f7;e5f1f8;e8f4fb;e9f5fc;eaf6fd;ecf8ff;eaf6fd;e2eef5;e4f0f7;e5f1f8;e3f2f8;e6f2f9;e3f2f8;e5f4fa;e9f8fe;e9f8fe;e6f5fb;e7f6fc;e7f6fc;e7f6fc;e7f6fc;e9f8fe;e5f4fa;e7f6fc;e7f6fc;e8f7fd;e5f4fa;e2f1f7;e3f1fa;e3f1fa;e1eff8;e3f2f8;e3f2f8;e6f2f9;e3f2f8;e2f1f7;e3f2f8;e6f5fb;e1eff8;e2f0f9;e4f2fb;e3f1fa;e2f0f9;e2f0f9;e6f2fb;e5f1fa;e4f0f9;e4f0f9;e2f0f9;dfedf7;e2f0fa;e2f0fa;e4f2fc;e0eef8;e1eff9;dceaf4;dcecf6;deeef8;dcecf6;deeef8;deedfa;dcecf6;deeef8;deeef8;ddedf7;daeaf4;daebf5;ddedf7;dfe6f1;c6cad4;6a666d;6f686b;6c6465;635e58
dae8f1;d6e4ed;dbe7f0;d8e4ed;d5e1ea;d2dee7;d0dce5;d5e1ea;d4e0e9;d6e2eb;d7e5ee;dae8f1;d6e2eb;d8e4ed;dce8f1;dde9f2;dae6ef;dce8f1;d9e7f0;d8e6ef;dde9f0;d9e8ee;dbe7f0;d9e5ee;deeaf3;dde9f2;e0eaf3;dbe7f0;d9e5ee;d7e3ec;dae8f1;cdd9e0;d1dde4;d5e1e8;d9e3ea;d3dde4;d7e1e8;dbe5ec;dce8f1;dde9f0;e1ebf2;dae6ef;d8e4ed;dae6ef;d8e4ed;dae6ef;dbe7ee;d9e5ec;d9e5ec;dde9f0;dfebf2;dde9f0;dbe7ee;d8e4eb;dee8ef;dae4eb;e0eaf1;d9e3ea;d7e1e8;d8e2eb;d7e3ec;dbe7f0;d8e4eb;deeaf1;deeaf1;dfebf2;dae6ed;dae6ed;dbe7ee;dfebf4;d9e5ec;d6e2e9;dde7ee;dae4eb;dde9f0;dae6ed;dbe7ee;dae6ed;deeaf1;dce8ef;dbe7ee;dae6ed;dde9f0;d6e2e9;d7e1ea;dde7f0;dce8f1;dce6ef;dee8ef;dfe9f0;e1ebf2;dce6ed;d9e5ec;deeaf1;d8e4eb;dbe7ee;dae6ed;e2ecf3;e3eef3;dde8ed;e2edf2;e5f0f5;e1eef3;e0edf2;dbe8ed;dfecf1;dfecf1;deebf0;dde9f0;e0ecf3;dde9f0;dce8ef;deeaf1;e1edf4;e3eff6;deeaf1;dfebf2;e2eef5;e2eef5;e3eff6;e1edf4;e0ecf3;e2eef5;dfebf2;e1edf4;e0ecf3;e0ecf3;dfebf2;e1eef3;e0edf2;e5f2f7;e3f0f5;e5f2f7;e0edf2;e4f1f6;e1eef3;dfebf2;dfeef4;d8e7ed;deeaf1;deedf3;deeaf1;e3eff6;e3eff6;e0ecf3;e0ecf3;e3f0f5;e2f1f6;e3eff6;e4f0f7;e3eff6;e4f0f7;e1edf4;dfebf2;deedf3;deedf3;ddecf2;e4f3f9;e5f4fa;e6f2f9;e4f0f7;e3eff6;e2eef5;e2f1f7;e3f2f8;e3eff6;e1edf4;dfeef4;e4f0f7;e4f0f7;e0ecf3;dde9f0;e0ecf3;dfebf2;e0eef7;e0eef7;e4f0f7;e1f0f6;e4f0f7;e6f2f9;e2f1f7;e5f1f8;e3eff6;e6f2f9;e7f1f8;e4eef5;e5eff6;e6f0f7;e4f0f7;e2eef5;e4f0f7;e5f1f8;e6f3f8;e7f4f9;e3eff6;e4f0f7;e5f1f8;e3eff6;e6f2f9;e1edf4;e3eff6;e2eef5;e5f1f8;e6f2f9;e4f0f7;e2eef5;e3eff6;e1edf4;e2ecf3;e7f1f8;e5eff6;e4f0f7;e5f1f8;e6f2f9;e7f3fa;e8f4fb;e6f2f9;e4f0f7;e5f1fa;dde9f2;e3eff6;e4f0f7;e4f0f7;e5f1f8;e4f0f7;e3eff6;e2eef5;e2eef5;e1edf4;e3eff6;e5eff6;e6f2f9;e4f0f7;e9f5fc;e7f3fa;e8f4fb;e7f3fa;e5f1f8;e3eff6;e2eef5;e6f2f9;e5f1f8;e6f2f9;e3eff6;e1ebf2;e2ecf3;e1ebf2;e3edf4;e5eff6;e7f3fa;e5f1f8;e8f4fb;e7f3fa;e9f5fc;e8f4fb;eaf6fd;eaf6fd;e8f4fb;e5f1f8;e4f0f7;dde9f0;dfebf2;e1edf4;e3eff6;e5f1f8;e6f2f9;e7f3fa;e7f3fa;e7f3fa;e7f3fa;e7f3fa;e5f1f8;e5f4fa;e3f2f8;e5f4fa;e3f2f8;e7f6fc;e8f7fc;e5f4f9;e6f5fb;e7f6fc;e7f6fc;e6f5fb;e5f4fa;e7f6fc;e6f5fb;e6f5fb;e9f8fe;e4f3f9;e4f3f9;e2f0f9;e3f1fa;e3f1fa;e3f2f8;e4f0f7;e6f2f9;e6f2f9;e3f2f8;e2f1f7;e1f0f6;e2f0f9;e0eef7;dfeff8;e4f2fb;e3f1fa;e5f3fc;e6f2fb;e4f0f9;e4f0f9;e5f1fa;e3f1fa;dfedf6;e1eff8;e2f0fa;dfeff9;dbebf5;e1eff9;dfeff9;dbebf5;deeef8;d9e9f3;dbebf5;d9e9f3;d9e9f3;ddedf7;e0f0fa;dfeff9;dcedf7;d9eaf4;daeaf4;dfe8f3;ced2dc;67636a;6e676a;6b6364;66615b
dae8f1;dae8f1;dae6ef;d7e3ec;d8e4ed;d5e1ea;d2dee7;d4e0e9;d5e1ea;d2e0e9;d7e5ee;d7e5ee;d6e4ed;dbe7f0;d8e4ed;dae6ef;dce8f1;deeaf3;deeaf3;dfebf4;dfebf2;dce8ef;dde9f0;deeaf1;e0ecf3;dde9f2;deeaf3;dce8f1;dae6ef;d9e5ee;d8e4eb;d3dfe6;d5dfe6;dae4eb;d5dfe8;d7e1ea;d9e3ec;dee8f1;dae6ef;dce8ef;dce8ef;dbe7ee;d8e4eb;d9e5ec;d8e4eb;d9e5ec;d9e5ec;d3dfe6;dce8ef;d9e5ee;dce8f1;dae6ef;d6e2e9;dce8ef;dae6ed;dce8ef;dce8ef;d9e3ea;dfe9f0;dae4ed;d7e1ea;dae4ed;dbe7ee;dce8ef;dde9f0;dde9f0;dfe9f0;dce6ed;dde9f2;e0eaf3;d8e2e9;dce6ed;dee8ef;dce6ed;dbe7ee;dae6ed;dae6ed;dbe8ed;dfecf1;dde9f0;deeaf1;dee8ef;d6e0e7;d8e4eb;dfe9f0;dfe9f0;d8e4eb;dbe5ec;dae4eb;d9e3ea;d9e5ec;dfebf2;dbe7ee;dbe7ee;dae6ef;deeaf3;deeaf1;dfebf2;dbe8ed;ddeaef;e4eff4;e3eef3;e2eff4;dce9ee;dbe8ed;dce8ef;dfecf1;deeaf1;dfecf1;deeaf1;e1edf4;dfebf2;dbe7ee;deeaf1;e1edf4;dfebf2;deeaf1;dfebf2;dfebf2;e4f0f7;e3eff6;e3eff6;e0ecf3;deedf3;e3eff6;dde9f0;dce8ef;dbe7ee;e3eff6;e3edf4;e3eff6;e4eef5;e2eef5;e0ecf3;e0ecf3;e1edf4;deedf3;e1f0f6;ddecf2;ddecf2;dfebf2;dbe7ee;dfebf2;e0ecf3;e0ecf3;e0ecf3;e3eff6;e0ecf3;e0ecf3;e2eef5;e1edf4;e2eef5;dfebf2;e1edf4;dfeef4;e1f0f6;e3f2f8;e0eff5;deedf3;e2f1f7;e3f2f8;e2f1f7;dfeef4;deedf3;e3eff6;e4f0f7;e5f1f8;e4f3f9;e4f0f7;e2eef5;e5f1f8;e2f1f7;e2eef5;dfeef4;e1f0f6;e2f1f7;e3eff6;e5f1f8;e5f1f8;e6f2f9;e9f5fc;e6f2f9;e3eff6;e6f2f9;e6f2f9;e9f3fa;e7f1f8;e3edf4;e1ebf2;e6f0f7;e4f0f7;e6f2f9;e3f0f5;e5f1f8;e4f0f7;e4f0f7;e4f0f7;e6f0f7;e4eef5;e4f0f7;e4f0f7;e3eff6;e2f1f7;e3f2f8;e3f2f8;e2f1f7;e5f1f8;deeaf1;e2ecf3;e4eef5;e6f0f7;e3eff6;e3eff6;e6f2f9;e8f4fb;e5f1f8;e5f1f8;e6f2f9;e2eef5;dce8ef;dbe7ee;e1edf4;e6f2f9;e8f4fb;e4f0f7;e3eff6;e4f0f7;e2eef5;e2eef5;e5eff6;e6f0f7;e6f0f7;e9f3fa;e6f2f9;e5f1f8;e3eff6;e8f4fb;e3f2f8;e4f3f9;deedf3;e3f2f8;e7f3fa;e5f1f8;e5f1f8;e1ebf2;dde7ee;dee8ef;e2ecf3;e2eef5;e4f0f7;e6f2f9;e7f3fa;e5f1f8;e6f2f9;e8f4fb;e9f5fc;e8f4fb;e6f2f9;e4f0f7;e1edf4;e1edf4;e0ecf3;e1edf4;e1edf4;dfebf2;e3eff6;e9f5fc;e5f4fa;e6f5fb;e6f5fb;e6f5fb;e6f5fb;e2f1f7;e5f1f8;e0eff5;e1f0f6;e3f2f8;e5f4fa;e6f5fb;e8f7fd;e4f3f9;e5f4fa;e7f6fc;e6f5fb;e6f4fd;e5f3fc;e4f3f9;e4f3f9;e5f4fa;e3f2f8;e1f0f6;e3f2f8;e6f2f9;e6f2f9;e3eff6;e3eff6;e3eff6;e4f3f9;e3f1fa;e1eff8;e2f0f9;e4f2fb;e2f0f9;e1f1fa;e4f2fb;e5f3fc;e4f2fb;e4f2fb;e1eff8;e4f2fb;e6f4fd;e3f3fc;dfeff8;e2f0f9;e2f0fa;ddebf4;dfedf6;e2f0f9;ddedf7;dbebf5;dbebf5;dcecf6;ddecf9;daeaf4;dbebf5;daeaf4;dbebf5;daeaf4;daeaf4;d7e7f1;e1e6f1;b7bbc5;6e666d;6d6669;6d6566;5e5b55
dbe9f2;d7e5ee;d5e3ec;d8e6ef;dae6ef;dae6ef;d6e2eb;d6e2e9;d4e0e9;d1dfe8;d8e6ef;dae8f1;d7e5ee;d9e5ee;d9e5ee;dce8f1;dbe7f0;d8e4ed;d8e4ed;dde9f2;dbe7ee;e0ecf3;e1edf4;dde9f0;dfebf2;dfebf4;dbe7f0;dce8f1;d7e3ec;d9e5ee;d5e1e8;d4e0e7;d0dae1;d6e0e7;d8e2eb;d3dde6;dbe5ee;dfe9f2;dde7f0;dee8ef;deeaf1;dbe7ee;d9e5ec;dde9f0;d8e4eb;d8e4eb;d8e4eb;dbe7ee;dce8ef;ddecf2;dce8f1;dde9f2;d9e5ec;deeaf1;deeaf1;deeaf1;dae6ed;dbe7f0;dfe9f2;dae4ed;dae4ed;d9e3ea;dae4eb;dce6ed;dce6ed;dfe9f0;d9e5ec;d9e5ec;d7e3ec;dbe7f0;d9e5ec;dfebf2;dfebf2;deeaf1;dae6ed;dfebf2;deeaf1;dbe8ed;d3e0e5;dae6ed;dbe5ec;dbe5ec;dfe9f0;dde9f0;d9e3ea;dde7ee;dae6ed;dde9f0;dde9f0;dae6ed;dde9f0;dbe7ee;dfebf2;dce8ef;dae6ed;dde9f0;dde9f0;dae6ed;dfecf1;e1eef3;e1eef3;ddeaef;deebf0;e1eef3;ddeaef;d9e6eb;e2eff4;dae6ed;dfecf1;e0ecf3;e2eef5;dbe7ee;dfebf2;e1edf4;e0ecf3;dfebf2;dbeaf0;deedf3;e1edf4;e1edf4;e2f1f7;e2f1f7;e3eff6;e0eff5;e1edf4;e4f0f7;e0ecf3;dfebf2;e1ebf2;dce6ed;deeaf1;e0ecf3;dfebf2;e2eef5;e0ecf3;e4f0f7;e3eff6;e2f1f7;ddecf2;e0ecf3;e1edf4;dfebf2;deeaf1;deeaf1;e1edf4;e3eff6;e2eef5;e0ecf3;dde9f0;e0ecf3;e0ecf3;dfebf2;e0ecf3;e0ecf3;dcebf1;dfeef4;deedf3;dbeaf0;dfeef4;e3f2f8;e1f0f6;e3f2f8;e0eff5;deedf3;e0ecf3;dfebf2;e4f0f7;e4f3f9;e6f5fb;e3f2f8;e3f2f8;dfeef4;deedf3;e0eff5;e0eff5;e0eff5;e2eef5;e3eff6;e0ecf3;deeaf1;e5f1f8;e5f1f8;e3eff6;e3eff6;e2eef5;e7f3fa;e9f3fa;e9f3fa;e4eef5;e3eff6;e3eff6;e3eff6;e4f0f7;e4f0f7;e6f2f9;e5f1f8;e4f0f7;e5eff6;e5eff6;e3eff6;e6f2f9;e6f2f9;e5f1f8;e4f0f7;e3eff6;e2eef5;e5f1f8;e5f1f8;dfe9f0;e7f1f8;e6f0f7;e1edf4;e4f0f7;e4f0f7;e5f1f8;e6f2f9;e7f3fa;e5f1f8;e7f3fa;e4f0f7;e1edf4;dde9f0;e5f1f8;e6f2f9;e3eff6;e3eff6;e3eff6;e1edf4;e3eff6;e3edf4;e3edf4;e6f0f7;e8f2f9;e4f0f7;e5f1f8;e6f2f9;e8f4fb;e6f2f9;e3f2f8;dfeef4;e2f1f7;e0eff5;e4f0f7;e5f1fa;e5eff6;e3edf4;dce6ed;dde7ee;dde9f0;dde9f0;e2eef5;e7f3fa;e4f3f9;e5f4fa;e1f0f6;e5f1f8;e8f4fb;e7f3fa;e7f3fa;e7f3fa;e3eff6;e1edf4;deeaf1;e1edf4;e3eff6;e0ecf3;e3eff6;e8f4fb;e7f6fc;e6f5fb;e7f6fc;e9f8fe;e9f8fe;e7f3fa;e4f3f9;e5f4fa;e3f2f8;e2f1f7;e3f2f8;e7f6fc;e5f4fa;e4f3f9;e4f3f9;e6f5fb;e5f4fa;e0eef7;e2f1f7;e3f2f8;e6f2f9;e5f1f8;e3f2f8;e3f2f8;e4f0f7;e5f1f8;e4f0f7;e4f0f7;e3eff6;e2f1f7;e4f2fb;e3f1fa;e1eff8;e1eff8;e2f0f9;e1eff8;e3f1fa;e3f1fa;e2f0f9;e3f1fa;e2f0f9;e1eff8;e3f1fa;e1f1fa;e0f0f9;dfeff8;e0eef8;ddebf4;dfedf6;e0eef7;e0eef8;deeef8;ddedf7;d8e8f2;d7e7f1;daeaf4;d9e8f5;dbeaf7;dcecf6;dbebf5;dcecf6;dbebf5;e0e5f0;bdbfc9;70686f;726a6d;68615f;58554f
ddebf4;dbe9f2;dbe9f2;d6e4ed;d3e1ea;d5e3ec;d5e1e8;d3e2e8;d3e1ea;d4e2eb;d7e5ee;dae8f1;dae8f1;dce8f1;dae6ef;e1edf6;dce8ef;deeaf1;e0ecf5;dce8f1;dce8f1;dde9f2;dbe7f0;ddebf4;deeaf3;deeaf3;dde9f2;d8e4ed;d5e1ea;d5e1e8;d7e3ea;d7e3ea;d5e1e8;d5e1e8;d7e3ec;d5e1ea;dbe5ec;e0eaf1;dce6ed;dae4eb;dde7ee;e0eaf1;dde7ee;d8e4eb;d9e5ec;d7e3ea;d9e5ec;dce8ef;dce8ef;deeaf1;dce8ef;dce8ef;dde9f0;dde9f0;deeaf1;dbeaf0;ddecf2;dde9f2;d9e5ec;dbe5ec;dae4eb;dbe5ec;dae4eb;dae4eb;dde7ee;e1ebf2;deeaf1;dce8ef;d9e5ec;d3dfe6;dbe7ee;dbe7ee;dbe7ee;d9e5ec;dde9f0;dbe7ee;dae6ed;dce8ef;dbe7ee;d7e3ea;dce6ed;d7e3ea;d5dfe6;d6e2eb;d6e2e9;dbe7ee;dce8ef;e0ecf3;dde9f0;dce8ef;d8e4eb;d6e2e9;d4e3e9;dcebf1;dde9f0;dbe7ee;e0ecf3;deeaf1;dbe7ee;dae6ed;dce8ef;e0ecf3;e2eef5;e0ecf3;e0ecf3;e2eef5;dbe7ee;e0ecf3;e0ecf3;e2eff4;dfecf1;e0edf2;e1eef3;e0ecf3;deeaf1;dbe7ee;dae6ed;e1edf4;e1edf4;e1eef3;dfeef3;e1f0f5;e4f0f7;e0eff5;e0eff5;e3eff6;dfebf2;dfe9f0;dee8ef;dce6ed;dfe9f0;e0eaf1;e2ecf3;e1edf4;dfebf2;e2eef5;e3eff6;e4f0f7;e4f0f7;e4f0f7;deeaf1;dde9f0;e2ecf3;dde9f0;dde9f0;dfebf2;e3eff6;e3eff6;e1edf4;e2eef5;deeaf1;dde9f0;dfebf2;deeaf1;dde9f0;deeaf1;e1edf4;e1edf4;e2eef5;e4f0f7;e4f3f9;e5f4fa;e4f3f9;dfeef4;dfebf2;ddecf2;dfeef4;e1f0f6;e5f4fa;e5f4fa;e3f2f8;e1f0f6;e5f4fa;e5f4fa;e1f0f6;e3eff6;e2eef5;e3eff6;dfebf2;deeaf1;e0ecf3;e3eff6;e3eff6;e1edf4;e6f2f9;e5f1f8;e5f1f8;e5f1f8;e7f3fa;e7f3fa;e2eef5;e3eff6;e4f0f7;e2eef5;e2eef5;e4f0f7;e6f2f9;e4f0f7;e7f3fa;e5f1f8;e3eff6;e2eef5;e4f0f9;e2eef7;e1edf4;e1edf4;e6f2f9;e6f2f9;e4f0f7;e3eff6;e2ecf3;e2eef5;e2eef5;e2eef5;e5f1f8;e4f0f7;e6f2f9;e8f4fb;e6f2f9;e2eef5;e1edf4;dfebf2;deeaf1;e3eff6;e6f2f9;e4f0f7;e6f2f9;e4f0f7;e5f1f8;e2eef5;e0ecf3;deeaf1;e2eef5;e7f3fa;e5f1f8;e6f2f9;e6f2f9;e4f0f7;e7f3fa;eaf6fd;e6f2f9;e1f0f6;e4f0f7;e6f2f9;e7f3fa;e6f2f9;e6f0f7;e1ebf2;deeaf1;e1edf4;e1edf4;e4f0f7;e5f4fa;e3eff6;e6f2f9;e9f5fc;e8f4fb;e8f4fb;e7f3fa;e9f5fc;e6f2f9;e6f2f9;dce8ef;dbe7ee;dfebf2;deeaf1;e3eff6;e1edf4;e6f5fb;e8f7fd;e8f4fb;e9f5fc;e8f4fb;e9f5fc;e9f5fc;e5f1f8;e4f0f7;e3eff6;e0eff5;e5f4fa;e5f4fa;e3eff6;e2f1f7;e5f4fa;e4f3f9;e5f4fa;e4f0f7;e5f1f8;e4f0f7;e6f2f9;e6f5fb;e4f3f9;e4f3f9;e6f5fb;e3f2f8;e6f5fb;e7f5fe;e4f2fb;e2f0f9;dfedf6;e2f0f9;e1eff8;e4f2fb;e5f3fc;e6f4fd;e5f3fc;e4f2fb;e2f0f9;e1eff8;e1eff8;e2f0f9;e3f1fa;e1eff8;e3f1fa;e1eff8;e0eef7;dbe9f2;e0eef7;deeef8;dcecf5;d9e9f2;daeaf4;d9e9f3;d8e8f2;dbeaf7;dbeaf7;dcebf8;d9e8f5;d7e7f1;d7e5ef;dee5f0;b3b5bf;6d686c;726a6d;6b6563;4d4a44
dfedf6;deecf5;d8e6ef;d0dee7;d0dee7;d4e2eb;d5e3ec;d4e2eb;d4e2eb;d4e2eb;d8e6ef;d6e4ed;d9e7f0;d9e7f0;d9e7f0;dde9f0;dde9f0;dce8ef;deeaf1;dce8f1;dce8f1;dde9f2;dfebf4;ddebf4;dde9f2;dbe7f0;d9e5ee;d6e2eb;d4e0e9;d5e1e8;d6e2e9;d2dee5;d4e0e7;d2dee5;d6e2eb;d9e5ee;dce6ed;e1ebf2;dee8ef;dce6ed;dfe9f0;e1ebf2;dfe9f0;dae6ed;dbe7f0;dbe7ee;dae6ed;d9e5ec;d8e4eb;dce8ef;dde9f0;dae6ed;dbe7ee;dae6ed;dce8ef;d8e7ed;d6e5eb;dce8f1;dae6ed;dee8ef;dce6ed;dbe5ec;d5dfe6;d9e3ea;dfe9f0;dee8ef;dde9f0;dce8ef;d7e3ea;dbe7ee;dce8ef;dae6ed;dce8ef;ddeaef;dce8ef;dae6ed;d8e4eb;dbe7ee;dae6ed;d7e3ea;d5e1ea;d2dee7;d8e4ed;dce8ef;dfe9f0;d9e5ec;dae6ed;d7e3ea;d7e3ea;dae6ed;d9e5ec;dae6ed;d3e2e8;d9e8ee;dce8ef;dbe7ee;dde9f0;dde9f0;dae6ed;deeaf1;dce8ef;dce8ef;deeaf1;e2eef5;dfebf2;dde7ee;dce8ef;dfebf2;dfebf2;e2edf2;e3eef3;e0edf2;e3f0f5;dfebf2;deeaf1;e0ecf3;dfebf2;deeaf1;e3eff6;e0ecf3;e0eff4;e1f0f6;e1f0f6;deedf3;e1f0f6;dfebf2;e2eef5;e3edf6;e1ebf2;e3edf4;e2ecf3;e0eaf1;dfe9f0;dee8ef;e0ecf3;e1edf4;dfebf2;e0ecf3;e1edf4;dfebf2;e2ecf3;dfe9f0;e0eaf1;e2ecf3;dfebf2;dfebf2;e1edf4;e1edf4;e1edf4;deeaf1;deeaf1;dfebf2;e1edf4;e1edf4;e0edf2;ddeaef;dfecf1;e0ecf3;deeaf1;e2eef5;e4f0f7;e3f2f8;e2f1f7;e1f0f6;e4f0f7;deedf3;e1f0f6;dfeef4;e5f4fa;e3f2f8;e4f3f9;dfebf2;e4f0f7;e5f4fa;e4f0f7;e2eef5;e3eff6;dfebf2;dde9f0;e1edf4;e2eef5;e1edf6;deeaf1;e2eef5;e3eff6;e2eef5;e3eff6;e5f1f8;e6f2f9;e4f0f7;e3eff6;e2eef5;e2eef5;e4f0f7;e4f0f7;e5f1f8;e4f0f7;e4f0f7;e7f3fa;e5f1f8;e4f0f9;e2eef7;e3eff8;e3eff8;e4f0f7;e1edf4;e2eef5;e5f1f8;e5f1f8;e2eef5;e5eff6;e1edf4;e4eef5;e5f1f8;e6f2f9;e5f1f8;e4f0f7;e7f3fa;e8f4fb;e7f3fa;e5f1f8;e1edf4;e2eef5;dfebf2;dfebf2;e4f0f7;e6f2f9;e5f1f8;e5f1f8;e2eef5;e1edf4;deeaf1;deeaf1;e5eff6;e4f0f7;e3eff6;e2eef5;e5f1f8;e5f1f8;e8f4fb;e5f1f8;e4f3f9;e3f1fa;e8f4fd;e5f1fa;e7f3fa;e6f2f9;e4f0f7;dfebf2;dde9f0;dce8ef;dfebf2;e1edf4;e6f2f9;e8f4fb;e9f5fc;e6f2f9;e6f2f9;e8f4fb;e9f5fc;e7f3fa;e8f4fb;e5f1f8;dfebf2;dfebf2;e0ecf3;d5e1e8;dfebf2;dfebf2;e3eff6;e9f5fc;ecf8ff;e8f4fb;e9f5fc;e9f5fc;e6f2f9;dfebf2;dfebf2;dae9ef;dfedf6;e2f0f9;e2eef5;e3eff6;e3eff6;e0eff5;e2eef5;e3eff6;e5f1f8;e3eff6;e2eef5;e6f2f9;e5f4fa;e2f1f7;e2f1f7;e4f3f9;e3f2f8;e1f0f6;e2f0f9;e1eff8;e0eef7;e3f1fa;e2f0f9;e1eff8;e2f0f9;e0eef7;e2f0f9;e3f1fa;e2f0f9;deecf5;e3f1fa;e1eff8;e2f0f9;e2f0f9;e4f2fb;e3f1fa;e3f1fa;e0eef7;ddebf4;dfeff8;ddedf6;dfeff8;ddedf6;dcecf5;dcecf6;dbebf5;d9e8f5;dae9f6;dbeaf7;d6e5f2;d9e7f1;e0e5f0;b4b6c0;6d686c;70696c;655f5d;403f39
dceaf3;d7e5ee;d6e4ed;d0dee7;d4e2eb;d6e4ed;d8e6ef;d5e3ec;d8e6ef;dbe7f0;d5e3ed;d5e3ed;d7e5ee;d5e1ea;d9e5ee;dfebf2;dbe7ee;dae6ed;dbe7f0;dfebf2;dce8f1;deeaf3;deeaf3;deeaf3;dce8f1;d9e5ee;d6e2eb;d6e2eb;d8e4ed;d3dfe6;d5e1e8;d9e5ec;dae6ed;d4e0e7;d5e1ea;dce8f1;dce6ed;dfe9f0;dbe5ec;dde7ee;e0eaf1;dce6ef;dae4ed;dbe5ee;dde9f2;dbe7ee;dae6ed;d9e5ec;dbe7ee;d9e5ec;dae6ed;dbe7ee;d9e5ec;d9e5ec;d9e5ec;dae6ed;dbe7ee;deeaf3;dbe7f0;dde7ee;e0eaf1;dde7ee;dce6ed;d9e3ea;dbe5ec;dde7ee;dee8ef;dde7ee;d9e3ea;d8e2e9;dbe5ec;dce8ef;dbe7ee;dfebf2;deeaf1;d9e5ec;dae6ed;e0ecf3;deeaf1;d7e3ec;dbe7f0;dbe7f0;dbe7ee;d7e3ea;d9e5ec;dbe7ee;dce8ef;dbe7ee;dae6ed;dae6ed;dde9f0;dce8ef;d9e5ec;dae6ed;dae6ed;dbe7ee;dce8ef;e2ecf3;e1ebf2;e1ebf2;dde7ee;dde9f0;e0ecf3;dfebf2;e1edf4;e1edf4;e3eff6;deeaf1;e0ecf3;e5eff6;e4eff4;e2eff4;deebf0;dfecf1;dfecf1;e1ebf2;dfe9f0;dce6ed;dfe9f0;e1ebf2;e0ecf3;dfebf2;e3eff6;e2f1f7;e2f1f7;dfebf4;e1edf6;d9e5ee;e4eef5;e1ebf2;e2ecf3;e5eff6;e0ebf0;e4eff4;e1ecf1;e3eef3;e5eff6;e0ecf3;e0ecf3;e1edf4;e0eaf1;e4eef5;dfe9f0;e1ebf2;e3edf4;e3edf4;e6f0f7;e2eef5;e0ecf3;e2eef5;dfebf2;e1edf4;dfecf1;e3f0f5;e2eff4;dfecf1;e1eef3;e0edf2;e2eef5;e1edf4;e3eff6;e2eef5;e1edf4;e3eff6;e4f0f7;e1edf4;e0eff5;e2f1f7;e3eff6;e5f1f8;e0ecf3;e1edf4;e3eff6;e2eef5;e1edf4;e3eff6;e2eef5;e1edf4;e4f0f7;e7f3fa;e0ecf3;e2eef5;e3eff6;e3eff6;e2eef5;e4f0f7;e0ecf3;e2eef5;e5f1f8;e4f0f7;e5f1f8;e4f0f7;e5eff6;e2eef5;e5f1f8;e4f0f7;e6f2f9;e5f1f8;e3eff6;e2eef5;e6f2fb;e5f1fa;e4f0f9;e3eff6;e4f0f7;e3eff6;e3eff6;e4f0f7;e3eff6;e2eef5;e1edf4;e3eff6;e2eef5;e0ecf3;e1edf4;e5f1f8;e4f0f7;e4f0f7;e4f0f7;e7f3fa;e3eff6;e6f2f9;e4f0f9;e4f0f7;e1edf4;e1edf4;e3eff6;e3eff6;e5f1f8;e4f0f7;e4f0f7;dde9f0;e0ecf3;e3eff6;e0ecf3;e2eef5;e7f1f8;e7f3fa;e6f2f9;e5f1f8;e8f4fb;e8f4fb;e5f1f8;e5f1f8;e2eef5;e2eef5;e4f0f7;e5f1f8;e3eff6;e1edf4;dde9f0;dce8ef;dde9f0;e2eef5;e4f0f7;e4f0f7;e5f1f8;e6f0f7;e6f2f9;e7f3fa;e5f1f8;e6f2f9;e5f4fa;e2f1f7;e2eef5;e0ecf3;dbeaf0;e1edf4;ddecf2;deeaf1;e3eff6;e6f2f9;eaf7fc;e8f5fa;ebf7fe;e8f4fb;e8f4fb;e6f2f9;dbe7ee;deeaf3;dfedf6;e3eff8;e4f0f7;e2f1f7;e2f1f7;e2f1f7;e6f2f9;e8f4fb;e6f2f9;e7f3fa;e7f3fa;e2f1f7;e5f3fc;e6f5fb;e3f1fa;e3f2f8;e3f2f8;e5f3fc;e2f0f9;e1eff8;e4f0f9;e3eff8;e3eff6;e2eef5;e1f0f6;dfeef4;dfeef4;e2f0f9;e2f0f9;e2f0f9;e5f3fc;e4f2fb;e5f3fc;e6f4fd;e8f6ff;e4f4fd;e3f1fa;dfeff8;deeef7;dcecf5;e3f1fa;deeef8;dcecf6;ddedf7;dcecf6;daeaf4;dae9f6;d7e6f3;d5e4f1;d4e1ee;d7dce7;aeb0ba;6d666a;6e676a;67615f;35342e
ddebf4;dceaf3;d8e6ef;d5e3ec;d2e0e9;d4e2eb;d7e5ee;d7e5ee;dbe7f0;d7e3ec;d7e5ee;d9e5ee;dbe7f0;d9e5ee;d7e3ec;dbe7ee;dce8ef;e0ecf3;dbe7ee;dbe7ee;dce8ef;deeaf1;dde9f0;dae6ed;dde9f2;d9e5ee;dae6ef;d3dfe8;dbe7f0;d8e4eb;dae4eb;d7e3ea;d7e3ea;d7e3ea;dbe7f0;dfebf4;e1ebf2;e2ecf3;e2ecf3;e2ecf3;dfe9f0;dee8f1;dae4ed;dce6ef;dfe9f2;dce8f1;dae6ed;deeaf1;e1ebf2;d9e3ea;dde7ee;dde9f0;dae6ed;d9e5ec;dae6ed;dce8ef;dde7f0;dde7f0;dce6ef;dae4ed;d9e3ea;dfe9f0;d9e5ec;dbe5ec;dae5ea;d9e6eb;dae4eb;dce7ec;dee9ee;d9e3ea;e0ebf0;e0ebf0;dbe6eb;deeaf1;ddeaef;dae6ed;deeaf1;dfebf2;e0eaf1;dde7ee;dbe7ee;d9e5ec;dbe7ee;d8e2e9;d9e3ea;dde7ee;dee8ef;e0eaf1;dce8ef;dae6ed;dce8ef;d8e4eb;d7e3ea;dae6ed;dfe9f0;e1ebf2;dfe9f0;e1ebf2;dee8ef;dde9f0;deebf0;dde7ee;dae4eb;dde7ee;e0ecf3;e1edf4;e0ecf3;dfebf2;e3eff6;deeaf1;e1ebf2;dfecf1;e1eef3;e4f1f6;dfecf1;e1edf4;e0eaf1;e1ebf2;dee8ef;e3edf4;e2eef5;e0ecf3;e0ecf3;e2eef5;e1edf4;e4f0f7;e1edf4;dfebf2;e4eef5;e5eff6;e3edf4;e0eaf1;e3edf4;e3eef3;e5f0f5;e0ebf0;e3eef3;e1ecf1;e2edf2;e1ebf2;e3edf4;e0ecf3;dde9f0;dce8ef;dbe7ee;e0ebf0;e2ecf3;e4eef5;e3edf4;e4eef5;dfebf2;dfebf2;e3eff6;e3eff6;e0edf2;dee9ee;dee9ee;e1ecf1;e0edf2;dfebf2;e3eff6;dfebf2;e6f2f9;e1edf4;e4f0f7;e1edf4;e1edf4;e1edf4;e5f1f8;e7f3fa;e7f3fa;e2eef5;e1edf4;e4f0f7;e1edf4;e3eff6;e0ecf3;e2eef5;e2eef5;e4f0f7;e0ecf3;e2eef5;dfebf2;e1edf4;e1edf4;e0ecf3;dfebf2;deeaf3;e0ecf3;e2eef5;e4f0f7;e5f1f8;e3eff6;e2eef5;e3eff6;e2eef5;e4f0f7;e4f0f7;e3eff6;e6f2f9;e5f1f8;e2eef5;e4f0f7;e4f0f7;e3eff6;e5f1f8;e3eff6;e2eef5;e3eff6;e3eff6;e5f1f8;e3eff6;e4f0f7;e5f1f8;e2eef5;e3eff6;e3f0f5;e3eff6;e3eff6;e4f0f7;e4f0f9;e3eff8;e4f0f9;e4f0f7;e1edf4;dde9f0;deeaf1;e5f1f8;e6f2f9;e7f3fa;e4f0f7;e1edf4;dfe9f0;e1ebf2;e2ecf3;e3edf4;e6f0f7;e8f4fb;e7f3fa;e4f0f7;e4f0f7;e4f0f7;e6f2f9;ebf7fe;ebf7fe;e8f4fb;e8f4fb;e8f4fb;e9f5fe;e7f3fa;e2eef5;e2eef7;dae6ef;dce8f1;e0ecf5;dfebf2;e3eff6;e5f1f8;e3eff6;e3eff6;e2f1f7;e5f4fa;e2f1f7;e5f4fa;e2f1f7;e4f0f7;e1edf4;e3eff6;e2eef5;e3eff8;e4f0f9;deedf3;e8f4fb;eaf6fd;e4f3f9;e5f4fa;e5f4fa;e4f0f7;e3f2f8;dbeaf0;dfeef4;e4f0f7;e3f2f8;e4f0f7;e7f3fa;e8f4fb;e8f4fb;e7f3fa;e7f3fa;e8f4fb;e4f0f7;e4f0f7;e4f0f9;e2f1f7;e3f2f8;e4f3f9;e2f1f7;e2f0f9;e3f1fa;e1eff8;e4f2fb;e2f0f9;e3f2f8;e3f2f8;e2f1f7;e2f1f7;e2f1f7;e0eef7;e0eef7;e1f1fa;e3f3fc;e5f5fe;e7f6fc;e6f5fb;e8f7fd;e5f5fe;e3f3fc;e4f4fd;e4f4fd;e3f3fc;e1f1fa;dfeff8;dcecf6;dfedf7;daeaf4;dbebf5;daeaf4;d9e9f3;d3e2ef;d4e2ec;d7dbe6;a5a7b1;6c6569;726a6d;615b59;31302a
d8e6ef;d8e6ef;d9e7f0;d9e5ee;d8e4ed;d5e1eb;d8e4ed;d5e1ea;dae6ef;d9e5ee;dae6ef;dbe7f0;dde9f2;dde9f0;d9e5ec;dee8ef;e2ecf3;dce8ef;dce8ef;e0ecf3;dde9f0;dce8ef;dce8ef;dde9f0;dae8f1;d4e0e9;d7e3ec;d7e3ec;dbe7f0;d6e2e9;d7e3ea;dbe7ee;dae4eb;dae6ed;dce8f1;deeaf3;deeaf1;deeaf1;dae6ed;e1ebf2;e1ebf2;e3edf6;e0eaf3;dfe9f2;dde7f0;d6e2e9;d7e3ea;e0eaf1;dce6ed;dde7ee;e0eaf1;dde7ee;d7e3ea;dae6ef;d9e5ec;dde9f2;dde7f0;e0eaf3;dbe5ee;dce6ef;dbe5ee;dde7ee;d9e5ec;dee9ee;dbe6eb;dee9ee;dee9ee;dfeaef;dde8ed;dae6ed;dce7ec;dae5ea;dee9ee;dde8ed;dce7ec;dce7ec;dde8ed;dce7ec;dae5ea;dee8ef;d8e4eb;dae4eb;d9e5ec;d4e0e7;dfe9f0;dae4eb;d9e3ea;dde7ee;dde7ee;e0eaf1;d4e0e7;d8e4eb;d9e5ec;dae6ed;e1ebf2;e0eaf1;e1ebf2;e1ecf1;dfeaef;e1ecf1;dce7ec;d9e4e9;dbe5ec;dae4eb;ddeaef;deeaf1;e1eef3;dce9ee;e5f1f8;e3eff6;dfebf2;e0ecf3;e3eff6;dae7ec;deebf0;e2eff4;e4f0f7;e2ecf3;dfebf2;e0eaf1;dfebf2;dde9f0;e2eef5;e1edf4;e2eef5;dfebf2;e5f1f8;e2eef5;e2eef5;e5eff6;e7f1f8;e3edf4;e0ecf3;dfebf2;e1ecf1;dfeaef;e3eef3;e1ecf1;e3edf4;e2eef5;e0ecf3;e1edf4;dce8ef;e4f0f7;e1edf4;e4eff4;e5eff6;e4eef5;e3edf4;e3edf4;deeaf1;deeaf1;e0ecf3;e1edf4;dde9f0;e2ecf3;e3eef3;e0eaf1;dee8ef;e0ecf3;e3eff6;e4f0f7;e3f2f8;e0eff5;e3eff6;e2eef5;e0ecf3;e4f0f7;e4f0f7;e4f0f7;e5f1f8;e4f0f7;e6f2f9;e4f0f7;e2eef5;e4f0f9;e6f2fb;e2eef7;e3eff8;e0ecf3;deeaf1;e4f0f7;e0ecf3;e1ebf2;e0ecf3;e1edf4;e0ecf5;dfebf4;deeaf1;e1edf4;dfebf2;e0ecf3;e5f1f8;e5f1f8;e3eff6;e2eef5;e5f1f8;e5f1f8;e6f2f9;e4f0f7;e3eff6;e3eff6;e4f0f7;e4f0f7;e4f0f7;e4f0f7;e4f0f7;e3eff6;e2eef5;e3eff6;e4f0f7;e2eef5;e4f0f7;e0ecf3;e1edf4;e2eef5;e3eff6;e5eff6;e3eff6;e2eef5;e3eff8;e4f0f9;e5f1fa;e5f1f8;e8f2f9;e3eff6;e1edf4;dfebf2;e1edf4;e5f1f8;e4f0f7;e5f1f8;e3edf4;e4eef5;e4eef5;e4eef5;e1ebf2;e2eef5;e8f4fb;e5f1f8;e5f1f8;e5f1f8;e5f1f8;e5f1f8;e6f2f9;e4f0f7;e5f1f8;e5f1f8;e5f1f8;e4f0f7;e6f2f9;e4f0f7;dce8f1;dae6ed;dde9f0;e0ecf3;e2eef5;e3eff6;e5f1f8;e8f4fb;e8f4fb;e1f0f6;e3f2f8;e2f1f7;e2f1f7;e1edf4;e3eff6;e1edf4;e1edf4;e3eff8;e1edf6;e1edf6;e1edf4;e5f4fa;e6f5fb;e5f4fa;e6f5fb;e4f3f9;e2f1f7;e0eff5;e1f0f6;e1edf4;e5f1f8;e7f3fa;e7f3fa;e8f4fb;e6f2f9;e8f4fb;ebf7fe;e9f5fc;e4f0f7;e4f0f7;e5f1fa;e5f1f8;e6f2f9;e4f3f9;e4f3f9;e5f4fa;e3f1fa;e0eef7;e1eff8;e1eff8;e3f2f8;e3f2f8;e1f0f6;e1eff8;e1eff8;e0f0f9;e2f2fb;e3f3fc;e5f5fe;e6f5fb;e6f5fb;e6f5fb;e8f7fd;e6f5fb;e6f6ff;e5f5fe;e4f4fd;e3f3fc;e1f1fa;e3f3fc;e5f5fe;e0f0fa;dcecf6;e1f1fb;ddedf7;dfeff9;dcecf6;d7e5ef;d7dbe5;a2a5ac;6e676b;6e676a;635c5d;31302a
d5e3ec;d9e7f0;d7e3ec;d7e3ec;dce8f1;d5e1ea;d7e3ec;d9e5ee;dbe7f0;d9e5ee;dbe7ee;dde9f0;dce8ef;deeaf1;dce8ef;dbe7ee;e1edf4;deeaf1;d9e5ec;dde9f0;dce8f1;d6e4ed;dae8f1;deecf5;d9e5ee;d7e3ec;d4e0e9;d3dfe8;d6e2eb;dbe7ee;dae6ed;dbe7ee;d8e4eb;dbe7ee;dbeaf0;e1f0f6;e1edf4;dae6ed;e1edf4;dfebf2;deeaf1;dfebf2;d8e4ed;dbe7ee;dce8ef;d9e5ec;d9e5ec;dee8ef;d9e3ea;dae4eb;dbe5ec;d9e3ea;d7e3ea;d6e2e9;dce8ef;dae4eb;dee8ef;dbe5ee;e0e8f1;dae4ed;dce6ef;dde7ee;d8e4eb;d6e2e9;dde7ee;d4dee5;d9e3ea;dbe5ec;dae4eb;d9e5ec;dee9ee;d8e3e8;dde8ed;dde7ee;dde7ee;dde7ee;e0eaf1;dee8ef;d9e4e9;dee8ef;dfebf2;dae4eb;d3dde4;dae4eb;dae4eb;dee8ef;dde7ee;d9e3ea;dce6ed;d8e4eb;d9e5ec;dbe7ee;dbe7ee;dbe7ee;e2eef5;e1edf4;dfebf2;dfecf1;dce8ef;dce9ee;e1ecf1;e2ecf3;e1ebf2;dee9ee;dae7ec;dce9ee;dbe8ed;e1eef3;e0ecf3;e0ecf3;e1edf4;deedf3;dfebf2;e3eff6;dfecf1;e4f0f7;e1ebf2;e0eaf1;e0ecf3;dde9f0;e0ecf3;deeaf1;deebf0;e0ecf3;e2eff4;e6f1f6;e5f0f5;e5f0f5;e1edf4;e3eff6;e2eef5;dde9f0;e0ecf3;dfebf2;deeaf1;e2eef5;dfebf2;dae6ed;deeaf1;e1edf4;deeaf1;e2eef5;e0ecf3;e0ecf3;e1edf4;e4eef5;e3edf4;e3edf4;e2eef5;e3eff6;e3eff6;e3eff6;e3eff6;dfebf2;d9e6eb;dfeaef;e0ebf0;dee8ef;dce8ef;dce8ef;e2eef5;e3f2f8;e4f3f9;e2f1f7;e1f0f6;e2f1f7;deedf3;e2f1f7;e2eef5;e3eff6;e5f1f8;e4f0f7;e4f0f7;dfeef4;deedf3;e0eff5;e0eff5;e4f0f7;e6f2fb;e2eef7;e3eff6;e5f1f8;e0ecf3;e1ebf2;e3edf4;dfebf2;deeaf3;e0ecf5;dfebf4;e2eef7;e0ecf3;e1edf4;e4f0f7;e5f1f8;e5f1f8;e2eef5;e1edf4;e3eff6;e2eef5;e3eff6;e4f0f7;e5f1f8;e4f0f7;e5f1f8;e4f0f7;e2eef5;e6f2f9;e5f1f8;e4f0f7;e1edf4;e2eef5;e6f2f9;e4f0f7;e8f2f9;e6f2f9;e1edf4;dfebf2;e0ecf3;e3eff6;e4f0f7;e3eff8;e3eff6;e5f1f8;e4f0f7;e7f1f8;e7f1f8;e4f0f7;dce8f1;dae6ef;e0ecf5;e2eef5;e5f1f8;e3eff6;e2eef5;e0ecf3;dfebf2;deeaf1;dfebf4;e3eff6;e3eff6;e2eef5;e5f1f8;e5f1f8;e8f4fb;e7f3fa;e3eff6;e5f1f8;e7f3fa;e6f2f9;e8f4fb;e5f1f8;e5f1f8;e3eff6;dfebf2;dae6ed;deeaf1;dde9f0;deeaf1;e5f1f8;e2eef5;e4f0f7;e5f1f8;e4f0f7;e5f1f8;eaf6fd;e6f2f9;e5f1f8;e4f0f7;e5f1f8;dfebf2;deeaf1;e0ecf3;e0ecf3;dfeef4;e1f0f6;e5f4fa;e1f0f6;e3f2f8;e2f1f7;e4f3f9;deedf3;e5f1f8;e7f3fa;e8f4fd;e7f3fc;e6f2f9;e6f2f9;e4f0f7;e7f3fa;e8f4fb;e8f4fb;e5f1f8;e7f3fa;e6f2f9;e4f0f7;e2f1f7;e3f2f8;e2f1f7;e3f2f8;e3f2f8;e2f0f9;e1eff8;e3f1fa;e1eff8;e4f2fb;e3f1fa;e1eff8;e1eff8;ddebf4;e1f1fa;e4f4fd;e7f6fc;e7f6fc;e6f5fb;dfeef4;e5f4fa;e5f5fe;e2f2fb;e4f4fd;e2f2fb;e6f6ff;e4f4fd;e4f4fd;e2f2fb;e6f6ff;e1f1fb;e5f5ff;e4f4fe;e2f2fc;e3f1fb;e2e7f2;a0a2ac;6f676e;6e676a;676061;37342e
dde9f2;ddebf4;d9e7f0;d9e5ee;d8e4ed;d4e0e9;d6e2eb;d7e3ec;dae6ef;d8e4ed;dae6ed;dce8ef;d9e5ec;dae6ef;dce8f1;dbe7ee;deeaf1;dfebf2;dde9f0;dce8f1;d8e6ef;dae8f1;dceaf3;dbe9f2;d5e1ea;d5e1ea;d5e1ea;d7e3ec;dbe7f0;d8e7ed;dbeaf0;dcebf1;e0eef7;e0eef7;e0eef7;e0eff5;ddecf2;e1edf4;deeaf1;dce8ef;dce8ef;dbe7ee;d9e5ee;dce8f1;dce8ef;deeaf1;dae6ed;dae6ed;dae4eb;dfe9f0;dae4eb;dbe5ec;d8e2e9;d9e5ee;dde9f0;dfe9f0;dce6ed;dae4ed;dde5ee;d6e0e9;dae4ed;dee8f1;d7e3ea;d6e2e9;d5e1e8;d8e4eb;d6e0e7;d7e3ea;d7e3ea;dbe7ee;dee8ef;dce7ec;dbe5ec;dee8ef;dde7ee;d5dfe6;dce6ed;dae4eb;dde7ee;d8e2e9;dde9f0;d6e2e9;d6e0e7;d8e2e9;dbe5ec;dce6ed;dae5ea;dbe5ec;dee8ef;dbe7ee;d8e4eb;dce8ef;d9e5ec;dde9f0;d9e5ec;dde9f0;dfebf2;dfebf2;dde9f0;deeaf1;dfebf2;e1ebf2;e0ebf0;dde8ed;dbe8ed;dce9ee;deebf0;dbe8ed;dce9ee;e1eef3;e2eef5;e0eff5;dfebf2;dfebf2;e2eef5;e2eef5;dfebf2;dfebf2;e0ecf3;deeaf1;deeaf1;deeaf1;deebf0;dfebf2;e0edf2;deebf0;e0edf2;e1eef3;e1edf4;e0ecf3;e0eff5;e2f1f7;e0ecf3;dfebf2;deeaf1;e0ecf3;e1edf4;deeaf1;dfeef4;ddecf2;dfeef4;e5f1f8;e5f1f8;e1edf4;deeaf1;e3edf4;e2eef5;deebf0;e3eff6;e2eef5;e4f0f7;e4f0f7;dce8ef;dfebf2;deeaf1;e0ecf3;dbe7ee;dce8ef;dbe7ee;dce8ef;dbe7f0;dfedf6;deecf5;e0eff5;e2f1f7;dfeef4;dfeef4;e0eff5;dfeef4;e0eff5;e4f0f7;e3eff6;e4f0f7;dfeef4;e0eff5;dfeef4;dbeaf0;e1f0f6;e0eef7;e1eff8;e5f1f8;e4f0f7;e3eff6;e3edf4;dfebf2;e0ecf3;dfebf2;e2eef5;e1edf6;e4f0f9;e2eef7;e3eff6;e3eff6;e4f0f7;e1edf4;e4f0f7;e4f0f7;e0ecf3;e2eef5;e1edf4;e3eff6;e3eff6;e5f1f8;e5f1f8;dfebf2;e1edf4;e4f0f7;e5f1f8;e4f0f7;e0ecf3;e2eef5;e0ecf3;e2eef5;e6f0f7;e0ecf3;e4f0f7;e0ecf3;e0ecf3;e2eef5;e1edf4;e2eef5;e2eef5;dfebf2;e2eef5;e8f2f9;e6f0f7;e1edf4;e0ecf3;deeaf3;dce8f1;dfeef4;e6f2f9;e0ecf3;e2eef5;e4f0f7;e0ecf5;e0ecf5;e2eef7;e0ecf5;dfebf4;e4f0f7;e3eff6;e4f0f7;e5f1f8;e8f4fb;e6f2f9;e5f1f8;e4f0f7;e5f1f8;e4f0f7;e6f2f9;e7f3fa;e5f1f8;e3eff6;e1edf4;deeaf1;d9e5ec;dfebf2;dfebf2;e4f0f7;e3eff6;e6f2f9;e3eff6;e3eff6;e5f1f8;e7f3fa;e8f2f9;e8f2f9;e9f3fa;e1edf4;dfebf2;dfebf2;e2eef5;dfeef4;deedf3;e2f1f7;dfeef4;e2f1f7;e2f1f7;e5f1f8;dfebf2;deeaf1;e1edf4;e2eef7;e3eff8;e3eff6;e4f0f7;e5f1f8;e7f3fa;e8f4fb;e5f1f8;e5f1f8;e6f2f9;e6f2f9;e5f1f8;e4f3f9;e3f2f8;e5f4fa;e5f4fa;e4f3f9;e1f0f6;e2f0f9;e2f0f9;e2f0f9;e0eef7;e0eef7;dfedf6;dfedf6;deecf5;deeef7;e1f1fa;e7f6fc;e6f5fb;e5f4fa;ddeef4;e4f5fb;e5f5fe;e1f1fa;e5f5fe;e1f1fa;e3f3fc;e1f1fa;e2f2fb;e3f3fc;e4f4fd;e3f5fd;e2f4fc;e3f5fd;e4f4fe;e4f2fc;ebf0fb;b5b7c1;6f6970;736c6f;696263;413e38
dbe9f2;d8e6ef;d4e2eb;d4e0e9;d7e3ec;d9e5ee;d6e2eb;d6e2eb;d9e5ee;deeaf3;dbe7f0;dbe7f0;d9e5ee;dae6ef;dae6ef;d9e5ee;d8e4ed;dbe7f0;deeaf3;d6e4ed;d7e5ee;d9e7f0;dae8f1;dae8f1;d4e0e9;d0dae3;d5e1ea;deeaf3;e3eff6;dfedf6;dceaf3;deecf5;dfeff8;ddedf6;dfeff8;e0f0f9;e2f0f9;dfedf6;dce8f1;dde9f2;dbe7f0;deeaf3;dde9f2;deeaf3;deeaf1;dbe7ee;dae6ed;dae6ed;d9e4e9;dae4eb;dce6ed;d9e3ea;dbe5ec;dce6ed;dee8ef;dee8ef;dbe5ec;dbe5ec;d8e2e9;d9e3ec;d7e1ea;dbe7f0;d3dfe6;d6e2eb;d9e3ea;d8e2e9;dde7ee;dbe5ec;dae4eb;dde7ee;e0eaf1;dae4eb;dde9f0;d9e5ec;d9e5ec;d6e2e9;dbe7ee;dce6ed;dae6ed;dce8ef;d9e5ee;d8e4ed;d5e1ea;d7e3ec;dae6ed;dae6ed;d7e3ea;d6e2e9;dae6ed;d8e4eb;dbe7f0;dbe7f0;d9e5ee;dbe7f0;d9e5ec;dbe7ee;e0ecf3;deeaf1;e0ecf3;e2eef5;dbe7ee;d8e4eb;d7e3ea;deebf0;dce9ee;dbe8ed;d9e6eb;d9e6eb;ddeaef;deebf0;e3f0f5;e1eef3;dde9f0;dde9f0;dbe7ee;dde9f0;e1edf4;e3eff6;deebf0;deebf0;e3f0f5;e0edf2;deebf0;dfecf1;dfecf1;dfecf1;e3f0f5;e1edf4;e2eef5;e0ecf3;e0ecf3;dfebf2;e2eef5;ddecf2;e2eef5;dbeaf0;dbeaf0;dae9ef;dbeaf0;deedf3;e0ecf3;e4f0f7;e2eef5;e3eff6;dce8ef;e0ecf3;dfebf2;e2eef5;e0ecf3;e4f0f7;e4f0f7;e4f0f7;e2eef5;e3eff6;e2eef5;dce8ef;dde9f0;d9e8ee;d7e5ee;d6e4ed;dae8f1;dceaf3;dfedf6;e0eef7;e3f1fa;dfeff8;dfedf6;deedf3;dfeef4;e4f0f7;e0ecf3;e0ecf3;e5f1f8;e4f0f7;e5f2f7;e0eff5;ddecf2;ddecf2;e1eff8;e0eef7;e3f2f8;e1edf4;e3eff6;e5f1f8;e0ecf3;e4f0f7;e5f1f8;e1edf4;e0ecf3;e3eff6;e6f2f9;e4f0f7;e2eef5;e2eef5;e2eef5;e3eff6;e1edf4;dfebf2;e5f1f8;e4f0f7;e4f0f7;e4f0f7;e3eff6;dfebf2;e1f0f6;e0eff5;e0eff5;ddecf2;e1f0f6;e4f0f7;e3eff6;deeaf1;e4f0f7;e0ecf3;e2eef5;e2eef5;e4f0f7;e2eef5;e5f1f8;e2eef5;e1edf4;dfebf2;e5f1f8;e4eef5;e6f0f7;e5f1f8;e1edf4;deeaf1;dfebf4;dfebf4;dce8ef;e1edf4;e5f1f8;e7f3fc;e1edf6;e0ecf5;deeaf3;deeaf3;deeaf3;deeaf1;e4f0f7;e2eef5;e4f0f7;e7f3fa;e5f1f8;e6f2f9;e6f2f9;e2eef5;e3eff6;e3eff6;e5f1f8;e9f5fc;e6f2f9;e5f1f8;e5f1f8;dde9f0;dbe5ec;dae4eb;dde7ee;e2ecf3;e2eef5;e5f1f8;e5f1f8;e6f2f9;e5f1f8;e6f2f9;e8f4fb;e6f2f9;e5f1f8;e3eff6;e1edf4;e2eef5;e2eef5;e3eff6;e5f1f8;e2eef5;e0ecf3;e5f1f8;e4f0f7;e5f1f8;e1edf4;e2eef7;deeaf3;e2eef7;e4f0f9;e4f0f9;e7f3fa;e9f5fc;e9f5fc;e6f2f9;e7f3fa;e5f1f8;e4f0f7;e8f4fb;e5f1f8;e4f3f9;e2f1f7;e5f4fa;e5f4fa;e4f3f9;e7f3fa;e3f1fa;e1eff8;e1eff8;e1eff8;e0eef7;e0eef7;ddebf4;dceaf3;dfedf6;e0f0f9;e2f2fb;e3f3fc;e3f4fa;e1f2f8;e1f2f8;e3f3fc;e3f3fc;e6f6ff;e6f6ff;e0f0f9;dfeff8;e1f1fa;e3f3fc;e3f3fc;e2f4fc;e4f6fe;e4f6fe;e2f2fc;e4f4fe;eaeffa;b5b9c3;716b72;787174;6c6664;53504a
dbe9f2;d9e7f0;d8e6ef;d5e1ea;d4e0e9;d7e3ec;d7e3ec;deeaf3;dae6ef;dae6ef;d8e4ed;d8e4ed;d8e4ed;dce8f1;dbe7f0;dbe7f0;dbe7f0;dae6ef;d8e6ef;dbe9f2;ddebf4;d9e7f0;d9e7f0;d7e3ec;c6d0d7;d0dae1;dbe7f0;e4f0f9;dfebf4;deecf5;e0eef7;dceaf3;ddedf6;dcecf5;ddedf6;dcecf5;e0eef7;ddebf4;dce8f1;dce8f1;deeaf3;dae6ef;d8e4ed;dce8f1;dbe7ee;dde9f0;dbe7ee;d8e4eb;dfe9f0;d9e3ea;dee8ef;dee8ef;dce6ed;dce6ed;dbe5ec;dae4eb;dee8ef;dde7f0;dde7f0;d7e3ec;dae6ef;dae6ef;d5e1ea;d5e1ea;d3dfe8;d9e3ec;d8e2e9;d8e2e9;dae4eb;dbe5ec;dce6ed;d9e5ec;dae6ed;dae6ed;d7e3ea;dae6ed;dae6ed;d9e3ea;d8e4eb;dae6ed;d8e4ed;d6e2eb;d5e1ea;d7e3ec;d7e3ea;dae6ed;dbe7ee;d8e4eb;dae6ed;dde9f2;dde9f2;dbe7f0;e0ecf5;dbe7f0;dde9f0;dfebf2;deeaf1;e0ecf3;e0ecf3;e1edf4;dfebf2;e1edf4;e0ecf3;dce8ef;e2eff4;ddeaef;deebf0;d9e6eb;ddeaef;dae7ec;deebf0;deebf0;dce9ee;e0ecf3;dfebf2;dfebf2;dde9f0;e1eef3;dfecf1;e2eff4;e1eef3;e1eef3;e0edf2;e3f0f5;e0edf2;dfecf1;e1eef3;dfebf2;e3eff6;e1edf4;e1edf4;e0ecf3;e1edf4;dfeef4;e2eef5;dcebf1;dde9f0;dae6ed;dbe7ee;d8e4eb;e1edf4;e0ecf3;deeaf1;e0ecf5;e0ecf3;dce8ef;dce8ef;e0ecf3;deeaf1;e0ecf3;e0ecf3;e1edf4;e1edf4;e0ecf3;dde9f0;dfebf2;dfebf2;ddebf4;d9e7f0;dae8f1;d8e6ef;dbe9f2;deecf5;e0eef7;e4f2fb;e2f0f9;e0eff5;e2f1f7;dfeef4;e2eef5;e2eef5;e4f0f7;e2eef5;e5f1f8;e2eef5;e2eef5;e1f0f6;deedf3;e0eef7;e1eff8;e1eff8;e3f1fa;e6f2f9;e3eff6;e3eff6;e2eef5;dfebf2;e1edf4;dfebf2;dce8ef;e0ecf3;e5f1f8;e3eff6;e2eef5;e2eef5;e3eff6;e4f0f9;e3eff8;e1edf4;e1edf4;e1edf4;dce8ef;dde9f0;deeaf1;dae9ef;dcebf1;deedf3;dcebf1;e0eff5;e3eff6;e2eef5;e0ecf3;e3eff6;e3eff6;e1edf4;e2eef5;e0ecf3;e0ecf3;e0eaf1;e1ebf2;e1ebf2;e1ebf2;e5eff6;e5eff6;e5eff6;e7f1f8;e6f0f7;e0ecf3;e1edf4;e4f0f7;e1edf4;dce8ef;dbe7ee;e2eef7;e0ecf5;dfebf4;e0ecf5;deeaf3;e2eef7;dde9f0;dfebf2;e2eef5;e6f2f9;e7f3fa;e4f0f7;e4f0f7;e7f3fa;e7f3fa;e4f0f7;e3eff6;e5f1f8;e5f1f8;e7f3fa;e5f1f8;e6f2f9;e6f2f9;e4eef5;e4eef5;dde7ee;dee8ef;dee8ef;deeaf1;e3eff6;e5f1f8;e1edf4;e7f3fa;e4f0f7;e6f2f9;e5f1f8;e6f2f9;e6f2f9;e4f0f7;e3f2f8;e3eff6;e5f1f8;e1f0f6;e2eef5;e3eff6;e4f0f7;e3eff6;e4f0f7;e3eff6;e3eff6;dfebf4;deeaf3;e6f2fb;e6f2f9;e4f0f7;e6f5fb;e6f2f9;e5f1f8;e4f0f7;e4f0f7;e5f4fa;e3f2f8;e2f1f7;e3f2f8;e1f0f6;e1f0f6;e3f2f8;e5f4fa;e3f1fa;e1eff8;e0eef7;e0eef7;e2f0f9;e3f1fa;e1eff8;deecf5;dbe9f2;daeaf3;e1f1fa;dfeff8;e4f4fd;e3f3fc;e0f0f9;e5f5fe;e2f2fb;e5f5fe;e3f3fc;e3f3fc;e3f3fc;e0f0f9;e1f1fa;e3f3fc;dff0fa;e0f1fb;e0f1fb;e2f2fc;e1f1fb;e5eaf5;b8bcc6;6f6970;746d70;6e6866;63605a
dbeaf0;deecf5;d4e2eb;d5e1e8;d4e0e9;d5e1ea;d7e3ec;dae6ef;d9e5ee;d5e1ea;d8e4ee;dbe7f0;d9e5ee;dbe7f0;d8e4ed;dce8f1;dbe7f0;d8e6ef;d5e3ec;dae8f1;d9e7f0;dceaf3;d9e7f0;d5e3ec;c5d1d8;d6e2e9;e1edf4;e4f0f7;dde9f0;e0ecf5;deeaf3;dceaf3;ddebf4;ddebf4;ddebf4;ddebf4;dfedf6;e0ecf5;dde9f2;dbe7f0;deeaf3;dbe7f0;dce8f1;deeaf3;dce8f1;dbe7f0;d8e4eb;d5e1e8;dae6ed;d4e0e7;dae6ed;dce8ef;d9e3ea;dde7ee;d9e5ec;d9e5ec;dae6ed;d5e1ea;dbe7f0;dbe7f0;d8e4ed;d5e1ea;d8e2eb;d8e2eb;dae4ed;dae4ed;dde7ee;dbe5ec;dae4eb;d9e3ea;dee8ef;deeaf1;dde9f2;dae6ef;dce8ef;d9e5ec;d8e4eb;dce6ed;dae6ef;dae6ef;dce8f1;dce8f1;d9e5ee;d7e3ec;d7e3ec;d9e7f0;d9e5ee;dae6ef;dbe7f0;dbe7f0;dce8f1;dde9f2;dde9f2;dde9f2;dae6ed;dde9f0;deeaf1;e0ecf5;e2eef5;dcebf1;e1f0f6;e0eff5;e1edf4;deeaf1;dfebf2;dce8ef;d9e6eb;dbe8ed;dbe8ed;d8e5ea;deebf0;dbe8ed;deebf0;e2eff4;e0edf2;deeaf1;dfecf1;e2eff4;e0edf2;dfecf1;dfebf2;e1edf4;e2eff4;e2eff4;dfecf1;dfecf1;ddecf1;e0ecf3;e1edf4;e3eff6;e2eef5;dfebf2;e1edf4;dfebf2;e1f0f6;dcebf1;e1edf4;dce8ef;dae6ed;dbe7ee;dde9f0;e0ecf3;dce8f1;dbe7f0;dde9f0;deeaf1;deeaf1;dce8ef;dae6ed;dce8ef;e1edf4;e3eff6;e3eff6;e0ecf3;e0ecf3;e0ecf3;e2eef5;deeaf1;deeaf1;dce8ef;dcebf1;dbe7ee;d9e8ee;ddecf2;deedf3;deedf3;e0eff5;e1f0f6;e0eff5;dde9f0;e3eff6;deedf3;e1f0f6;e2f1f7;e2eef5;dfebf2;dfebf2;deeaf1;dceaf3;ddebf4;deecf5;e4f0f9;e4f0f9;e2eef7;e1edf4;e0ecf3;deeaf1;deedf3;dcebf1;dde9f0;dfebf2;dde9f0;e0ecf3;e2eef5;deeaf1;e0ecf3;dfebf2;e2eef5;e1edf4;deeaf3;dce8ef;dce8ef;dde7ee;e0ecf3;e0ecf3;dfebf2;ddecf2;dfeef4;e0eff5;e1f0f6;e1edf4;e2eef5;e0ecf3;e2eef7;e1edf4;e0ecf3;dfebf2;e1edf4;e0ecf3;dfe9f0;dfe9f0;dee8ef;e1ebf2;dce6ed;c0cad1;d4dee5;e6f0f7;e7f1f8;e4eef5;e3edf4;e1ebf2;e3edf4;dde7f0;dde9f2;e2eef5;e4f0f9;e2eef5;dfebf2;e2eef5;e1edf4;deeaf1;deeaf1;e2eef5;e4f0f7;e4f0f7;e4f0f7;e8f4fb;e7f3fa;e7f3fa;e5f1f8;e5f1f8;e4f0f7;e5f1f8;e8f4fb;e6f2f9;e2eef5;e4f0f7;e5eff6;dfe9f0;dde7ee;dde7ee;dbe5ec;e1edf4;e4f0f7;e5f1fa;e4f0f9;e6f2f9;e7f1f8;e8f4fb;e3eff6;e6f2f9;e6f2f9;e4f3f9;e1f0f6;e5f4fa;e4f3f9;e4f3f9;e4f3f9;e4f3f9;e2f1f7;e5f1f8;e5f1f8;e1edf4;e2eef5;deeaf3;deeaf3;e3eff8;e5f1fa;e2f1f7;e7f3fa;e6f2f9;e5f1f8;e3f2f8;e5f3fc;e3f1fa;e1f0f6;e2f1f7;e2f1f7;e3f2f8;e3f1fa;e3f1fa;e3f1fa;e1f1fa;dfeff8;deeef7;e0eef7;e0eef7;e1edf6;dbe7f0;d9e7f0;dfedf6;dcecf5;dcecf5;e1f1fa;e2f2fb;e2f2fb;dfeff8;e1f1fa;e1f1fa;e1f1fa;e3f3fc;e3f3fc;e3f3fc;e4f4fd;e2f2fc;e2f3fd;e0f1fb;e1f1fb;e0f0fa;e1f1fb;ebf0fb;c8cad4;6e686f;766f72;736b6c;67645e
dcebf1;e0ecf5;d9e5ec;d3e2e8;d4e2eb;d9e5ee;d2dee7;dbe7f0;d9e7f1;d7e5ef;d4e2ec;d5e3ed;d7e5ef;dce8f1;dae6ef;dce8f1;dce8f1;dae8f1;dae8f1;d8e6ef;d9e7f0;d6e4ed;d8e6ef;cbdae0;d6e2e9;dbe7ee;dfebf2;dce8ef;dfe9f0;dfe9f0;d9e3ea;dce8ef;dce8ef;d8e4eb;d6e2e9;d6e2e9;d8e4eb;dae6ef;d8e4ed;dbe7f0;d9e5ec;d8e4eb;dae6ed;d9e5ec;dbe7ee;dae6ef;d8e4ed;d7e3ec;d8e4ed;dbe7ee;d9e5ec;d7e3ea;dce7ec;d8e3e8;d9e6eb;d9e6eb;dbe7ee;dbe7ee;dbe7ee;d8e4ed;d7e3ec;d6e2eb;d1dde6;d5e1e8;d8e4eb;d8e2e9;dae4eb;dae4eb;dae4eb;d9e3ea;dae4eb;d8e4eb;dbe7ee;dce8ef;dbe7ee;d9e5ec;dee8ef;dce6ed;deeaf3;dce8f1;dce8f1;dbe7f0;dbe9f2;dbe9f2;d7e5ee;dae6ef;d8e4ed;d9e5ee;d9e5ee;d9e5ee;dde9f2;d7e3ea;dce8ef;dde9f2;dce8f1;dfebf4;dde9f2;deeaf3;dbe7ee;d9e5ec;deeaf1;dce8ef;deeaf1;deeaf1;e1edf4;e3eff6;e2eef5;e0ecf3;dde8ed;dce7ec;e2edf2;ddeaef;e0edf2;dfecf1;dfecf1;dfebf2;e1edf4;deeaf1;e2eef5;deeaf1;e0ecf3;deeaf1;dce8ef;e1edf4;e2eef5;e3eff6;e1edf4;dde9f0;dfebf2;e0ecf3;dfebf2;e3eff6;e2eef5;dfeef4;dfeef4;dfeef4;deedf3;deedf3;dcebf1;deecf5;dbe9f2;dceaf3;dde9f2;dce8ef;d7e3ea;dce6ed;dbe5ec;dde7ee;dae6ed;d9e5ec;deeaf1;dbe7ee;deeaf1;e0ecf3;dde9f0;dde9f0;dce8ef;e0ecf3;deeaf1;dde9f0;dce8ef;dce8ef;dfebf2;dde9f0;e4f0f7;e0eff5;dfeef4;e2f1f7;e4f3f9;e0eff5;deeaf1;ddecf2;e0eff5;e0eff5;e6f2f9;e1edf4;deeaf1;deeaf1;e0ecf3;e2eef5;e3eff6;e5f1fa;e2eef7;e4f0f7;e3eff6;e2eef5;e0eff5;e0eff5;e0eff5;e0ecf3;deeaf1;dae6ed;dde9f0;dbe7ee;dde9f0;dde9f0;e2eef5;deeaf1;dfebf2;dde9f2;e3eff6;e3eff6;e2eef5;e2ecf3;dde9f0;e1edf4;e3eff6;e0ecf3;e1f0f6;e5f1f8;e1edf4;e0ecf3;dfebf2;e0ecf5;e2eef7;e0ecf5;dfebf4;e2eef5;e2eef5;e1edf4;dde9f2;dce6ed;e3edf6;e6f0f9;e3edf4;e4eef5;e1edf4;e4eef5;e4eef5;e7f1f8;e2ecf3;e1ebf2;e3edf6;e2eef7;dae6ef;e0ecf5;e3eff8;e5f1f8;e3eff6;e1edf4;e0ecf3;e0ecf5;dde9f0;deeaf1;e5f1f8;e5f1f8;e4f0f7;e6f2f9;e3f2f8;e3eff6;e6f2f9;e4f0f7;e3eff6;e5f1f8;e7f3fa;e8f4fb;e7f3fa;e6f2f9;e6f0f7;e2eef5;dce6ed;dce6ed;dce6ed;dbe5ec;e3edf4;e3edf4;e5eff6;e8f2f9;e8f2f9;e8f2f9;e7f3fa;e6f2f9;e8f4fb;e9f5fc;e6f5fb;e6f5fb;e9f5fc;e8f4fb;e4f3f9;e1eff8;e0eff5;e4f0f9;e0ecf5;e2eef7;e5f1fa;e1eff8;ddebf4;dfedf6;e7f6fc;e5f4fa;e4f3f9;e5f4fa;e4f3f9;e3f1fa;e6f5fb;e3f2f8;e3f2f8;e2f1f7;e3f2f8;e1f0f6;e1eff8;deecf5;ddedf6;e0f0f9;dfeff8;e1eff8;e4f2fb;e5f3fc;e4f2fb;e1eff8;d9e7f0;dae8f1;dbe9f2;ddedf6;deeef7;e1f1fa;e4f4fd;e1f1fa;dfeff8;e1f1fa;e2f2fb;e3f3fc;e2f2fb;e1f1fb;deeef8;e1f2fc;e1f2fc;dcedf7;e0f0fa;dfeff9;e6edf8;bec0ca;726c73;766f73;746c6d;716c66
dde9f2;dfebf4;d7e5ee;d2e1e7;d0dee7;d5e1ea;d8e4ed;dae6ef;d6e4ee;d8e6f0;d8e6f0;dae8f1;d7e5ee;dae6ef;dce8f1;dbe7ee;dae6ed;deeaf1;d8e7ed;dbeaf0;dbeaf0;d6e4ed;d5e3ec;d4e2eb;d1e0e6;dae9ef;deeaf1;deeaf1;dbe5ec;d7e1e8;d7e1e8;d4dee5;d2dce3;cfd9e0;d2dee5;d6e2e9;d8e2e9;d6e2e9;dce8f1;dbe7f0;dbe7ee;dae6ed;d9e5ec;d9e5ec;dbe7ee;d6e2eb;d8e4ed;d7e3ec;d7e3ec;d8e4eb;d9e5ec;dce8ef;dbe6eb;d9e4e9;d8e5ea;ddeaef;dae6ed;d8e4eb;dbe7ee;d8e4ed;d7e3ec;d5e1ea;d8e4ed;d6e2eb;d8e4eb;d9e5ec;dbe5ec;dae4eb;dae4eb;dbe5ec;d7e1e8;dae6ed;dae6ed;dce8ef;dde9f0;dde9f0;dee8ef;dce8ef;dae6ed;dbe7f0;dde9f2;dbe7f0;d8e4ed;d8e4ed;d4e0e9;dfebf4;dce8f1;d6e2eb;d8e4ed;dbe7f0;dbe7ee;d9e5ec;d8e4eb;dbe7ee;d9e5ee;dce8f1;dfebf4;dce8f1;deeaf1;e1edf4;dbe7ee;ddeaef;deebf0;deeaf1;e1edf4;deeaf1;deeaf1;dae6ed;dae6ed;dfeaef;deebf0;ddeaef;ddeaef;e2edf2;ddeaef;dfebf2;dde9f0;e2eef5;e0ecf3;dde9f0;dfebf2;deeaf1;dce8ef;dde9f0;e1ebf2;e0ecf3;e1edf4;dde9f0;e2eef7;dfebf2;ddecf2;dfeef4;deedf3;deedf3;deedf3;ddecf2;e1f0f6;e0eff5;dcebf1;dcebf1;dbeaf0;dae8f1;dfebf2;dde9f0;dde9f0;dce8ef;dce6ed;dbe5ec;d9e5ec;dce8ef;dce8ef;deeaf1;dce8ef;deeaf1;e1edf4;e0ecf3;e1edf4;e2eef5;e1eef3;e0edf2;dce8ef;dde9f0;dae6ed;d8e4eb;dde9f0;dcebf1;e4f3f9;e2f1f7;e3f2f8;e2f1f7;dae9ef;dbeaf0;e0eff5;deedf3;e1edf4;e3eff6;e0ecf3;e0ecf3;dfebf2;e1edf4;e0ecf3;e4eef5;e5eff6;dfebf2;e2eef5;e3eff6;dfeef4;e0eff5;e2f1f7;e1f0f6;deeaf1;dce8ef;d9e5ec;dce6ed;dee8ef;dbe5ec;d5e1e8;dce8ef;deeaf1;e2eef5;e0ecf3;e2eef5;e0ecf3;e0eaf1;dfebf2;dfebf2;e1edf4;e5f1f8;e1f0f6;e2eef5;e2eef5;e5f1fa;e5f1fa;e2eef7;e0ecf5;e1edf6;deeaf3;e2eef7;e0ecf5;e0ecf5;e4f0f9;e1edf4;e2eef5;e3edf4;e3edf4;e4f0f7;e3eff6;e4f0f7;e2eef5;e3eff6;e4eef5;e4eef5;e4eef7;e0ecf5;deeaf3;dbe7f0;dde9f2;e6f2fb;e3eff6;e2eef5;e1edf4;e2eef5;e2ecf3;e3edf4;e2ecf3;e2ecf3;e2eef5;e3eff6;e5f4fa;e6f2f9;e6f5fb;e4f0f7;e6f2f9;e4f0f7;e6f2f9;e7f3fa;e3eff6;e6f2f9;e9f3fa;e8f2f9;e2ecf5;dde7f0;dce6ed;dde7ee;dae4eb;dfe9f0;e3edf4;e3eff6;e2eef5;e3eff6;e7f3fa;e6f2f9;ebf7fe;e7f3fa;e6f5fa;e5f4fa;e7f3fa;e6f2f9;e6f2f9;e3eff8;e0ecf5;e0ecf5;e3eff8;e3eff8;e1edf6;e3eff8;ddebf4;e1eff8;e8f6ff;e8f6ff;e4f3f9;e3f2f8;e4f3f9;e4f3f9;e2f1f7;dfeef4;e1f0f6;e3f2f8;e2f1f7;e3f2f8;e1eff8;e4f2fb;deecf5;e0f0f9;deeef7;e2f0f9;e0eef7;e3f1fa;e2f0f9;e2f0f9;dbe9f2;d8e6ef;d9e7f0;dae8f1;daeaf3;e3f1fa;e0f0f9;e4f4fd;e3f3fc;e2f2fb;e0f0f9;e1f1fa;e3f3fc;e2f2fc;dfeff9;e1f1fb;dff0fa;e0f1fb;e1f1fb;dcecf6;e5eaf5;b1b5bf;746e75;777074;6f6768;726d67
dae8f1;dceaf3;d4e2eb;d5e3ec;d2e0e9;d5e3ec;d4e0e9;dde9f2;d7e3ec;dae6ef;d6e4ed;d9e7f0;d6e4ed;d8e7ed;ddecf2;dce8ef;d8e4eb;d9e5ec;dae6ed;d9e5ec;dcebf1;d8e6ef;d6e4ed;d5e3ec;d4e2eb;d5e3ec;dbe7ee;deeaf1;d5e1e8;d4dee5;d6e0e7;d1dde4;d4dee5;d4dee5;d4e0e7;d9e5ec;dbe5ec;dbe7ee;deeaf1;dae6ed;dde7ee;dee8ef;dee8ef;d4e0e7;d6e2e9;d8e4eb;d9e5ec;dae6ed;d6e2e9;dbe7ee;d8e2e9;dfe9f0;dae6ed;d8e5ea;d5e1e8;d8e4eb;d9e5ec;dce8ef;dce6ed;d9e5ec;d6e2e9;dae6ed;d4e0e9;d7e3ea;cfdde6;dbe7f0;dce8ef;d8e4eb;d8e2e9;d8e2e9;d6e2e9;d9e5ec;dce8ef;deeaf1;d8e5ea;dae7ec;dee8ef;dbe7ee;dae6ed;dae6ed;dbe7f0;dae6ef;dae6ef;dce8ef;dbe7ee;dde7ee;d5e1e8;d9e5ec;dae6ed;dae6ef;dae6ed;d9e5ec;d7e3ea;d6e2e9;d8e4eb;dce8ef;dde9f0;dbe7ee;d9e5ec;dde9f0;ddeaef;dfecf1;dfecf1;dfecf1;deeaf1;deeaf1;deeaf1;e0ecf3;deeaf1;dde9f0;deeaf1;dbe8ed;e4eff4;e0ebf0;dde8ed;deeaf1;dfebf2;deeaf1;dde9f0;dde9f0;deeaf1;e1edf4;dfe9f0;e3edf4;e1ebf2;e0ecf3;deeaf3;dae8f1;e0eef7;dfeef4;dcebf1;deedf3;ddecf2;dfeef4;dbeaf0;deedf3;ddecf2;dbeaf0;ddecf2;dfeef4;ddecf2;deedf3;deedf3;e0ecf3;dfebf2;e2eef5;dee8ef;dde7ee;d8e3e8;dbe6eb;d8e5ea;d9e5ec;e0ecf3;dae6ed;dfebf2;deeaf1;dfebf2;e0ecf3;dfebf2;dfebf2;dde9f0;dbe7ee;d8e4eb;d9e5ec;dae6ed;d5e4ea;e0eff5;e2f1f7;e2f1f7;e0eff5;ddecf2;dfeef4;dcebf1;dcebf1;e2f1f7;e4f3f9;e0eff5;e1edf4;deeaf1;dfebf2;e1edf4;e2eef5;e1edf4;e1edf4;dfeef4;e3f2f8;e2f1f7;e1f0f6;e2eef5;e2eef5;e0ecf3;dce8ef;deeaf1;dde7ee;dee8f1;dde9f0;dbe7ee;dae6ed;dae6ed;d8e4eb;dae6ed;dfebf2;dbe7ee;d9e5ec;dce8ef;deeaf1;dfebf2;e1edf4;deeaf1;dde9f0;e2eef5;e2eef7;e1edf6;e1edf6;e0ecf5;e0ecf5;dfebf2;e2eef5;e0eff5;e3f2f8;e1edf6;dfebf4;deeaf1;e0eaf1;e4eef5;e3eff6;e5f1f8;e3eff6;e5f1f8;e5f1f8;e6f0f7;e6f0f7;e0ecf3;e2eef5;e0ecf3;e2eef5;dde7ee;dfebf2;e5f1f8;e5f1f8;e2eef5;e3edf4;e3edf4;e1ebf2;e3edf4;e2ecf3;e0ecf3;e3eff6;e2eef5;e5f1f8;e7f3fa;e4f0f7;e4f0f7;e5f1f8;e2eef5;e5f1f8;e6f2f9;e4f0f7;e3eff6;e5f1f8;e2eef5;e1edf4;e4eef5;dee8ef;d9e3ea;dee8ef;dee8ef;dde9f0;e4f0f7;e4f0f7;e1edf4;e5f1f8;e4f3f9;e6f3f8;e4f3f8;e7f3fa;e8f4fb;e8f4fb;e8f4fb;e7f3fa;e3eff8;e3eff8;e5f1fa;e5f1fa;e6f2fb;e5f1fa;dceaf3;e0eef7;e2f0f9;e2f0f9;e5f4fa;e4f3f9;e2f1f7;e2f1f7;e3f2f8;dfeef4;e2f1f7;e1f0f6;e3f2f8;e2f1f7;e4f2fb;e3f1fa;dfedf6;e4f2fb;e0eef7;e1eff8;dfedf6;deeef7;deeef7;dceaf3;dceaf3;dceaf3;d9e7f0;dae8f1;d9e7f0;dbe9f2;e0eef7;dfeff8;e3f3fc;e2f2fb;e1f1fb;dfeff9;e0f0fa;e2f2fc;dfeff9;e2f2fc;e3f3fd;deeff9;e0f0fa;deeef8;e8edf8;b4b8c2;6f6970;70696d;6b6465;67645e
dbe9f2;d4e2eb;d4e2eb;d3e1ea;d1dfe8;d1dfe8;d8e4ed;dfebf4;dae6ef;dae6ef;d8e6ef;d8e6ef;dae8f1;d9e8ee;dbe7ee;dce8ef;dfe9f0;d6e0e7;d7e3ea;dae6ed;dce8ef;d6e4ed;dae6ef;d9e5ee;d7e5ee;d5e3ec;d6e4ed;d5e4ea;d6e2e9;d6e2e9;dae6ed;d9e5ec;dce8ef;dce8ef;d5e1e8;d5e1e8;dce6ed;d9e5ec;dde9f0;dfe9f0;dde7ee;dce6ef;dbe5ee;dae6ef;d9e5ee;dae6ef;dbe7f0;d9e5ec;dae6ef;d9e5ec;d5dfe6;dde7ee;d8e4eb;d6e2e9;d5e1e8;d5e1e8;d7e3ea;dae6ef;dbe7f0;d9e5ec;dde9f0;d7e3ea;d5e1ea;d5e1ea;d1dfe8;d7e5ee;d5e1ea;d9e5ec;d9e5ec;dae6ed;d9e5ec;d9e5ec;dae6ed;dce8ef;dbe7ee;d9e5ec;d9e5ec;dbe7ee;dce8ef;d7e3ea;d9e7f0;d7e5ee;d8e4ed;dbe7ee;d9e5ec;dee8ef;d9e5ec;dbe7ee;dde9f0;dce8ef;dbe7ee;d8e4eb;dce8ef;dae6ed;dce8ef;dce8ef;dae6ed;dfebf2;dbe7ee;dde9f0;dbe7ee;dfecf1;deeaf1;ddeaef;dce9ee;e1ecf1;e0eaf1;dde9f0;dde9f0;dde9f0;dfebf2;deebf0;dfeaef;dce7ec;dfeaef;e0eaf1;e3edf4;e1edf4;deeaf1;e1edf4;e2ecf3;e1ebf2;e1ebf2;e1ebf2;e2ecf3;e1edf4;e0ecf5;e0eef7;e0eef7;dbe9f2;dceaf3;deecf5;dceaf3;deedf3;ddecf2;ddecf2;deedf3;dfeef4;deedf3;dcebf1;ddecf2;deedf3;ddecf2;e1edf6;dfebf4;deeaf1;deeaf1;dfebf2;d9e4e9;dae5ea;d9e6eb;dde9f0;e0ecf3;deeaf1;e0ecf3;deeaf1;dbe7ee;e0ecf3;e0ecf3;dae6ed;e0ebf0;dde9f0;dce8ef;dbe7ee;d8e7ed;d4e3e9;deedf3;dfebf2;e4f0f7;e0ecf3;e2f1f7;e0eff5;dfeef4;dcebf1;dfeef4;e1f0f6;dfeef4;deedf3;e1edf4;e1edf4;deeaf1;e0ecf3;e1edf4;e1edf4;deeaf1;e1edf4;e4f0f7;e6f2f9;e3eff6;e3eff6;e1edf4;e0ecf3;e2eef5;e0eaf1;e3edf4;e0ecf3;dbe7ee;dbe7ee;d7e3ea;dbe7ee;dce8ef;dbe7ee;deeaf1;e2eef5;e3eff6;deeaf1;deeaf1;e1edf4;e1edf4;e1edf4;e0ecf3;e0ecf3;e0ecf3;e5f1f8;e3eff6;e4f0f7;e2eef5;e3eff6;e1f0f6;ddecf2;e2eef7;dfebf2;e3eff6;e4eef5;e2ecf3;e1ebf2;e3eff6;e3eff6;e5f1f8;e4f0f7;e6f2f9;e7f3fa;e6f2f9;e2eef5;dfebf2;e0ecf3;e4eef5;e2ecf3;e0eaf1;e1edf4;e5f1f8;e6f0f7;e7f1f8;e2ecf3;e4eef5;dee8ef;e4f0f7;e2eef5;e1edf4;e4f0f7;e4f0f7;e3eff6;e5f1f8;e6f2f9;e4f0f7;e3eff6;e3eff6;e4f0f7;e5f1f8;e2eef5;e4f0f7;e5f1f8;e8f2f9;e7f1f8;e0eaf1;dce6ed;dae4eb;d7e3ea;dbe7ee;dfebf2;e3eff6;e4f0f7;e5f4fa;e6f2f9;e6f5fb;e8f4fb;e7f3fa;e6f2f9;e8f4fb;e9f5fc;e6f2f9;e7f3fa;e5f1f8;e3eff8;e5f1fa;e2eef7;e1edf6;dfedf6;e2f0f9;e3f1fa;e3f2f8;e4f3f9;e2f1f7;e3f2f8;e8f7fd;e2f1f7;e2f1f7;e3f2f8;e3f2f8;e0eef7;dfedf6;e0eef7;e1eff8;e5f3fc;e2f0f9;e0f0f9;ddebf4;dcecf5;dfeff8;e0eef7;e1eff8;e2f0f9;dfedf6;d7e5ee;d9e7f1;dceaf3;dbe9f2;dbebf4;e1f1fa;e1f1fa;e5f5ff;dfeff9;e0f0fa;e3f3fd;e3f3fd;e4f4fe;e3f3fd;e0f0fa;deeef8;deeef8;e8edf8;bec2cc;6a666d;777073;70696a;5a5751
daeaf3;d3e3ec;d2e2eb;d2e0ea;cfdde6;d2dee7;dde9f2;dfebf4;d9e5ec;d9e5ee;d8e7ed;d9e8ee;dbeaf0;dbeaf0;d9e8ee;dfebf2;dce6ed;dde9f0;dde9f0;deeaf1;dbe7ee;d8e6ef;d7e3ec;dae6ef;d8e4ed;d9e5ee;d8e4ed;d6e4ed;d6e4ed;dde9f2;dae6ed;d5e1e8;d6e2e9;d6e2e9;d5e1ea;d6e2e9;d9e3ea;dae4eb;dfe9f0;dfe9f0;dce6ed;dbe7f0;d6e2eb;d7e3ea;d7e3ea;d9e5ec;d8e4eb;dbe7ee;d8e4ed;d7e3ec;dfe9f0;dfe9f0;dfe9f0;dbe7ee;d5e1e8;d4e0e7;d9e5ec;dbe7f0;dce8ef;d9e5ec;d9e5ec;d8e4eb;dbe7ee;d9e5ec;d9e7f0;d4e2eb;d6e4ed;d6e4ed;d7e3ec;d8e4eb;d5e1e8;dae6ed;d9e5ec;dce8ef;dce8ef;dbe7ee;dbe7ee;dae6ed;d7e3ea;dce8f1;dbe7f0;d5e3ec;d8e6ef;dde9f0;d7e3ea;d9e5ec;d7e3ea;dfebf2;dfebf2;dde9f0;dae6ed;d9e5ec;dae6ed;dae6ed;dae4eb;d8e2e9;dde7ee;dce8ef;dfebf2;dae6ed;dae6ed;dfebf2;dbe7ee;dee8ef;dce6ed;dbe5ec;dfe9f0;dde7ee;e1edf4;dbe7ee;e0ecf3;deeaf1;dde9f0;deeaf1;e0eaf1;dfecf1;dee9ee;dee9ee;dfe9f0;e5eff6;e2ecf3;dfe9f0;dfe9f0;dfebf2;dbe7ee;deeaf1;dde9f0;e0ecf3;e1edf4;dfebf4;dfebf4;ddebf4;dbe9f2;e0eef7;deecf5;dcebf1;ddecf2;ddecf2;dfeef4;ddecf1;dfecf1;e0ecf3;e1edf4;dae8f1;dceaf3;ddebf4;dfeef4;dfeef4;dde9f0;ddeaef;deeaf1;dbe7ee;dce8ef;dfebf2;dde9f0;dfe9f0;e1ebf2;dde7ee;dde7ee;e0eaf1;e4eef5;e1eef3;dfecf1;dde9f0;d7e6ec;d8e7ed;dae6ed;e1edf4;e3eff6;e4f0f7;e1f0f6;dfeef4;e1f0f6;deedf3;deeaf1;e2eef5;e6f2f9;e3eff6;e1edf4;e1edf4;e1edf4;e3eff6;e1edf4;e1edf4;e1edf4;e2eef5;e4f0f7;e5f1f8;e3eff6;e1edf4;e4f0f7;e4f0f7;e2eef5;e3eff6;e4eef5;e4eef5;deeaf1;e0ecf3;e0ecf3;dfebf2;dce8ef;dae6ed;dce8ef;dce8ef;dde9f0;d9e5ec;e0ecf3;e2eef5;e0ecf3;e1edf4;e2eef5;e4f0f7;e3eff6;e3eff6;deeaf1;e2eef5;e3eff6;dfebf2;deeaf1;e1edf4;e2eef5;e3eff6;e1edf4;e2eef7;e3eff8;e4f0f7;dfebf2;e2ecf3;e0ecf3;e3eff6;e2eef5;e6f2f9;e5f4fa;e4f3f9;e0ecf3;e2eef5;dfebf2;dde9f0;dfe9f0;dde7ee;e7f1f8;e5eff6;e6f0f7;e3eff6;e1edf4;e1edf4;e0ecf5;e1edf4;e2eef5;dfebf2;e4f0f7;e3eff6;e3eff6;e2f1f7;e3eff6;e3eff6;e2eef5;e2eef5;e7f3fa;e4f3f9;e6f2f9;e6f2f9;e5f1f8;e4f0f7;e7f1f8;e0ecf3;dae6ed;d6e2e9;dae6ed;deeaf1;dfebf2;e4f0f7;e4f3f9;e4f3f9;e3f2f8;e7f6fc;e7f3fa;e7f3fa;e9f5fc;e9f5fc;e9f5fc;e8f4fb;e4f0f7;e3eff6;e4f0f7;e4f0f7;e5f1f8;e4f0f7;e5f1f8;e4f0f7;e4f0f7;e4f0f7;e0ecf3;e2f1f7;e3f2f8;e3f2f8;e5f1f8;e3eff6;e2eef7;e3f1fa;e2f0f9;e1eff8;e0eef7;e5f3fc;e1eff8;e2f0f9;e4f2fb;e3f1fa;deeef7;e1eff8;dfedf6;dcecf5;dbe9f2;ddebf4;d9e7f1;d9e7f1;d7e7f1;dcecf6;deeef7;e1f1fa;e2f2fc;deeef8;ddedf7;deeff9;deeff9;e1f2fc;e0f1fb;e0f0fa;e2f2fc;e0f0fa;eaeff9;b9bec5;6d6a6e;6f6869;6d6765;4f4e48
ddebf4;d8e6ef;d6e4ed;d3e1ea;d6e2eb;d5e1ea;dfebf4;dfebf4;dde9f2;dae6ef;dae8f1;d7e6ec;d9e8ee;d7e6ec;d7e5ee;dae6ef;d9e5ee;d8e4eb;deeaf3;dbe7ee;dce8f1;dde9f2;dbe7f0;dae6ed;d8e4ed;d6e2eb;d7e5ee;dae8f1;d5e3ec;d7e5ee;d9e5ee;dae6ef;d6e2e9;d2dee7;d4e0e9;dce6ef;d6e2e9;d7e3ea;dce8ef;d9e5ec;d6e2e9;d7e3ea;d6e2e9;d8e4eb;d9e5ec;d9e5ec;dbe7ee;deeaf1;dbe7f0;dae6ef;dce6ef;dee8ef;d8e2e9;d3dfe6;dae6ed;d9e5ec;d8e4eb;d8e4eb;d9e5ec;d5e1e8;d8e4eb;d5e1e8;dbe7ee;d6e5eb;d6e5eb;d2e1e7;d2e0e9;d8e6ef;d7e3ec;dce8f1;dbe7ee;d8e2e9;d7e3ea;dae6ef;dde9f0;d9e5ec;d9e5ec;dbe7ee;d9e5ec;d8e4ed;d7e3ec;d8e4ed;dde9f2;d8e4ed;dce8f1;d9e5ee;d8e6ef;dfebf2;e0ecf3;d5e1e8;dbe7ee;d5e1e8;dce8ef;dce8ef;dce6ed;d9e3ea;dae4eb;dfe9f0;d8e4eb;dbe7ee;dde9f0;dce8ef;dde9f0;dbe5ec;dfe9f0;dbe5ec;e0e8ef;dfe9f0;e1ecf1;e1edf4;e1edf4;e0edf2;e0edf2;deeaf1;dce8ef;dfebf2;dce8ef;dce8ef;dce8ef;dfebf2;e2ecf3;dce8ef;e0eaf1;e0eaf1;dde9f0;deeaf1;dfebf2;e0ecf3;e1edf4;e1edf4;e3eff6;dcebf1;ddebf4;dfedf6;e0eef7;dceaf3;d9e8ee;d9e8ee;dce8ef;e1eef3;e3eff6;e1edf4;e0ecf3;dae9ef;dceaf3;deedf3;e1f0f6;e2f1f7;e3eff6;e1edf4;dfebf2;dce8ef;dae6ed;d9e5ec;dde9f0;e0eaf1;e6f0f7;e1ebf2;dce6ed;e1ebf2;e3eff6;e1edf4;deebf0;deeaf1;dce8ef;d7e3ea;dae6ed;deeaf1;e2eef5;dde9f0;e2eef5;e4f3f9;e2f1f7;dbe7ee;e2eef5;e2eef5;e3eff6;e4f0f7;e2eef5;dfebf2;e0ecf3;deeaf1;dfebf2;dce8ef;e1edf4;e1edf4;e1edf4;e6f2f9;e5f1f8;dfebf2;dfebf2;dfebf2;e1edf4;e2eef5;e3eff6;e5f1f8;dfebf2;dfebf2;e6f2f9;e3eff6;e0ecf3;e1edf4;e1edf4;dce8ef;e0ecf3;deeaf1;deeaf1;deeaf1;dae6ed;dce8ef;dbe7ee;e1edf4;deeaf1;e2eef5;e1edf4;e4f0f7;e0ecf3;e2eef5;dfebf2;e1edf4;e3eff6;e2eef5;dbe7ee;e1edf6;e0ecf5;e1edf4;e2eef5;e1edf4;e0ecf3;e1edf4;e5f1f8;e5f1f8;dfeef4;e4f3f9;e3f2f8;e5f1f8;e2eef5;e0ecf3;e2eef5;e0eaf1;dce6ed;e8f2f9;e7f1f8;e3edf4;e6f0f7;e4f0f7;e0ecf3;dfebf2;dbe7ee;dfebf2;e4f0f7;e3eff6;e3eff6;e2eef5;e6f2f9;e7f3fa;e7f3fa;e8f4fb;e3f2f8;e2f1f7;e5f4fa;e6f5fb;e4f0f7;e3eff6;e3eff6;e8f4fb;e5f1f8;dbe7ee;d5e1e8;d9e5ec;dde9f0;e0ecf3;dfeef4;e1f0f6;e5f4fa;e4f3f9;e8f4fb;e6f2f9;e7f3fa;eaf6fd;e6f2f9;e4f3f9;e9f5fc;e8f4fb;e3eff6;e2eef5;e7f3fa;e7f3fa;e6f2f9;e7f3fa;e7f3fa;e4f0f7;e4f0f7;e3f2f8;e4f0f7;e3f2f8;e5f1f8;e4f0f7;e1f0f6;e2f1f7;e3f1fa;e1eff8;e1eff8;e3f1fa;e3f1fa;e1eff8;e1eff8;e4f2fb;e2f0f9;ddedf6;dfeff8;dcecf5;ddedf6;daeaf3;dbebf5;d8e8f1;d2e2eb;d7e7f1;dcecf5;ddedf6;e1f1fa;ddedf7;deeff9;dcedf7;ddeef8;dff0fa;dff0fa;dff0fa;e1f1fb;e0f0fa;e7ecf6;bcc1c8;6c696d;716a6b;716b69;44433d
dae8f1;d7e5ee;d3e1ea;d6e4ed;d9e5ee;d1dde6;dbe9f2;d9e7f0;d7e5ee;d8e6ef;dce8f1;dae8f1;d6e4ed;d7e5ee;d9e7f0;dce8f1;d9e5ee;dbe7f0;dbe7ee;dbe7ee;d9e5ec;dbe7ee;dbe7ee;dae6ed;d7e3ea;dbe7f0;dae6ef;d9e5ee;dae6ef;d5e3ec;d4e2eb;dae6ef;d5e3ec;d4e2eb;d9e5ee;d5dfe8;d8e2eb;d7e1ea;d9e3ec;dae6ef;d5e1ea;d5e1e8;d8e4eb;d8e4eb;dae6ed;d7e3ea;dce8ef;d5e1ea;dbe5ec;dae4ed;dce6ed;dde7ee;dbe7ee;dbe7ee;dbe7ee;dae6ed;d6e2e9;dbe7f0;d8e4ed;d9e5ee;d3e1ea;d6e4ed;d3dfe6;d2e1e7;d7e6ec;dde9f0;d8e4eb;dae6ef;d8e4ed;d8e4ed;d6e2eb;dfe9f2;dce6ef;d4e0e9;d9e5ec;d8e4eb;dde9f0;dbe7ee;deeaf3;deeaf3;dae4ed;dce6ef;dce6ef;dae6ed;dbe7f0;d5e1e8;dbe7ee;dbe7ee;dbe7ee;d9e5ec;dae6ed;d9e5ec;d9e6eb;dde8ed;d9e3ea;dce6ed;dde7ee;dde7ee;e0eaf1;e3edf4;e0eaf1;dee8ef;dde7ee;dee8ef;dfe9f0;dee8ef;e2ecf3;e2ecf3;dfe9f0;dde7ee;e2ecf3;e2eff4;e0edf2;dfecf1;ddeaef;ddeaef;dce9ee;dde9f0;dce8ef;dbe7ee;deeaf1;deeaf1;dbe7ee;e0ecf3;e1edf4;e0ecf3;deeaf1;dce8ef;dfebf2;dfebf2;deeaf1;ddecf2;dfeef4;e1f0f6;ddecf2;dbe9f2;dde9f2;deeaf3;dfebf4;deeaf1;e1edf4;e3eff6;e0ecf3;e2f1f7;e1f0f6;e0eff5;e1f0f6;e1f0f6;e0eff5;dcebf1;ddecf2;e1edf4;dde9f0;dde9f0;dee8ef;e4eef5;e3edf4;dce8ef;dce8ef;deedf3;e0ecf3;e2eef5;dfebf2;dce8ef;dce8ef;dce8ef;dce8ef;deeaf3;dfebf4;dfebf2;e1edf4;e1f0f6;dcebf1;e0eff5;dfeef4;e0eff5;deeaf1;e0ecf3;e3eff6;e2eef5;e1edf4;e1edf4;dfebf2;e1edf4;dde9f0;e2eef5;deeaf1;e2eef5;e2eef5;e1edf4;e1edf4;e6f2f9;e2eef5;e5f1f8;e3eff6;e4f0f7;e5f1f8;e3eff6;e7f3fa;e4f0f7;e3eff6;e0ecf3;e0ecf5;dce8f1;dfe9f2;dfe9f0;deeaf1;dfebf2;dde9f0;e0ecf3;dde9f0;deeaf1;deeaf1;e0ecf3;e1edf4;e4f0f7;e3eff6;e2eef5;e3eff6;e0ecf3;e0ecf3;e1edf4;e3eff6;e2eef5;e0eff5;e4f0f7;e3eff6;e2eef5;e2eef5;e3eff6;e1edf4;e0ecf3;e3f2f8;e1f0f6;e0eff5;e6f5fb;e5f4fa;e2eef5;e0ecf3;e0ecf3;dee8ef;dfe9f0;e3edf4;e5eff6;e6f0f7;e5eff8;e5eff8;e1ebf4;e0eaf1;e1ebf2;e2ecf3;deeaf1;e0ecf3;e4f0f7;e6f2f9;e4f0f7;e8f4fb;e7f3fa;e6f2f9;e4f0f7;e3eff6;e7f3fa;e7f3fa;e6f2f9;e2eef5;e4f0f7;e4f0f7;e5f1f8;dce8ef;dbe7ee;d8e4eb;dae6ed;dbe7ee;dcebf1;e2f1f7;e4f3f9;e4f3f9;e4f3f9;e3f2f8;e7f6fc;e6f5fb;e7f6fc;e6f5fb;e7f3fa;e8f4fb;e4f0f7;e5f1f8;e1edf4;e5f1f8;e4f0f7;e5f1f8;e6f2f9;e3f2f8;e4f3f9;e6f2f9;e5f1f8;e4f0f7;e7f3fa;e6f5fb;e3f2f8;e0f0f9;deeef7;e1eff8;dfedf6;dfedf6;e4f2fb;e1eff8;e0f0f9;dbebf4;deeef7;deeef7;deeef8;dbebf5;daeaf4;daeaf4;dbebf5;d9e9f3;d9e9f3;d8e8f1;d8e8f1;dcecf5;e3f3fc;e1f1fb;daebf5;dcedf7;dcedf7;dbecf6;ddeef8;deeff9;deeef8;e0e8f1;b8bdc4;6f6c70;726b6c;726c6a;3c3d37
dde9f2;d9e7f0;d3e1ea;cedce6;d3e1ea;d3e1ea;dbe9f2;dceaf3;d8e4ed;d9e5ee;d9e5ee;d8e4ed;d7e3ec;d8e4ed;d9e5ee;dfebf4;dde9f2;dde9f2;dbe7f0;dbe7f0;d5e1ea;d8e4ed;dde9f0;dce6ed;d9e3ea;d8e2e9;dde7ee;dbe5ee;d9e5ee;d6e2eb;dde9f2;dae8f1;d3e1ea;d6e4ed;dae6ef;d5e1ea;dde7f0;d3dde4;d8e2eb;d9e3ec;d5e1e8;d9e5ec;d7e3ea;d6e2e9;dae6ed;dde9f2;dbe7f0;d6e2eb;d1dbe4;d7e1ea;dde7ee;d7e3ea;dbe7ee;d6e2e9;d8e4eb;dae6ed;d8e4eb;d8e4eb;dae6ef;dbe7f0;deeaf3;d9e7f0;dbe7ee;dce8ef;dae6ed;dae6ed;d7e3ec;d9e5ee;d6e2eb;dfebf4;dce8f1;dee8f1;e2ecf5;e0eaf1;dee8ef;dfebf2;deeaf1;dce8ef;deeaf3;deeaf3;dce6ef;dce6ef;dce8f1;deeaf3;dde9f2;d6e5eb;d8e4eb;deeaf1;dde9f0;d6e2e9;dae6ed;d3dfe6;d7e3ea;d6e2e9;d8e4eb;dae6ed;dce6ed;e1ebf2;e2ecf3;dde8ed;dde7ee;dbe7ee;dae6ed;deeaf1;deeaf1;dde9f0;dde9f0;e0eaf1;d6e2e9;dbe7ee;deeaf1;e3f0f5;dfecf1;e0edf2;d9e5ec;dae6ed;dce8ef;d4e0e7;d7e6ec;d9e8ee;dde9f0;dfebf2;e2eef5;dfe9f0;dce8ef;d9e5ec;dae6ed;deeaf1;deeaf1;e0ecf3;dfebf2;e0ecf3;dfeef4;e3f2f8;e4f3f9;e1edf4;dce8ef;dae6ed;e0ecf3;deeaf1;e0ecf3;dceaf3;e1f0f6;dbeaf0;dbeaf0;dfeef4;dfebf2;deeaf1;dbeaf0;dfebf2;e1edf4;e3eff6;e1edf4;e1edf4;e1ebf2;dfe9f0;dde9f0;ddecf2;ddecf2;d9e8ee;dbe7ee;deeaf1;dce8ef;e0ecf3;dce8ef;dbe7ee;dbe7f0;dae6ed;dce8ef;dfebf2;e0ecf3;e1edf4;dfeef4;dfeef4;e0eff5;e0eff5;deedf3;deedf3;deedf3;e1f0f6;e3f2f8;e0ecf3;deeaf1;e2ecf3;dee8ef;dfebf2;dfebf2;e3eff6;e3eff6;e3eff6;e2eef5;dfebf2;e3eff6;e4f0f7;e3eff6;e0ecf3;e4f0f7;e1edf4;e4f0f7;e4f0f7;e5f1f8;e4f0f7;dfebf4;deeaf3;e0ecf3;dfebf2;dce8ef;dde9f0;dce8ef;dfebf2;e1edf4;dfebf2;e1edf4;e1edf6;dfebf4;e4f0f9;e0ecf5;e1edf6;e0ecf3;e0ecf3;e4f0f7;dfebf2;e1edf4;e1edf4;e5f1f8;dfebf2;e3eff6;e5f1f8;e5f1f8;e1edf4;e2eef5;e1edf4;e3eff6;e3f2f8;e0ecf3;e0eff5;e5f4fa;e8f4fb;e4f0f7;dce8ef;e0ecf3;e0eaf1;d9e3ea;dde7ee;e4eef5;e7f1f8;e3edf4;e5eff6;e6f0f7;e5eff6;e3edf4;e0ecf3;dfebf2;e4f0f7;e4f0f7;e5f1f8;e6f2f9;e6f2f9;e6f2f9;e4f0f7;e5f1f8;e5f1f8;e5f4fa;e6f5fb;e4f0f7;e1f0f6;dfeef4;e3eff6;e2eef5;e1edf4;e0ecf3;deeaf1;d9e5ec;dce8ef;dbeaf0;deedf3;e2eef5;e5f1f8;e2eef5;e6f2f9;e7f3fa;e8f4fb;e6f2f9;ebf7fe;eaf6fd;e8f4fb;e7f3fa;e6f2f9;e4f0f7;e4f3f9;e6f2f9;e6f2f9;dfeef4;e3f2f8;e7f3fa;e3eff6;e2f1f7;e5f1f8;e1f0f6;e3f2f8;dfeef4;e0eff5;e1eff8;e5f3fc;e0f0f9;e0f0f9;deeef7;ddedf6;dfeff8;deeef7;dfeff8;e1f1fb;dcecf6;d9e9f3;dcecf6;ddedf7;deecf6;d8e8f1;d6e6ef;d7e7f0;ddedf6;daeaf3;deeef7;dcecf6;daeaf4;daebf7;d9eaf6;daebf7;dbecf8;dcebf8;dee5f0;c1c5cf;716e72;787174;706a68;363731
d9e5ee;dae6ef;d4e2eb;d3e1eb;cfdde7;d4e2eb;dae8f1;dbe7f0;dce8f1;d9e5ee;dae6ef;d9e5ee;d9e5ee;dae6ef;dbe7f0;dae6ef;dbe7f0;dce8f1;dae6ef;dbe7f0;dbe7f0;d7e3ea;d7e3ea;dbe5ec;dae4eb;dce6ed;dae4eb;dae4ed;dae4ed;dae6ef;d8e4ed;d6e2eb;d4e2eb;d6e4ed;dae6ef;dae6ed;dce6ed;dbe5ec;d7e1e8;d5dfe6;dae4eb;dae6ed;d9e5ec;d8e4eb;d9e5ec;dae6ef;d9e5ee;dae4ed;d9e3ea;dbe5ec;d9e3ea;dae6ed;d9e5ec;dbe7ee;d9e5ec;d7e3ea;d6e2e9;d8e4ed;dbe7f0;d8e4ed;d9e5ee;d9e5ee;dae6ef;d9e5ee;d9e5ec;dae6ef;dbe7f0;dbe7f0;d7e3ec;dbe7f0;dfebf4;dbe5ee;dfe9f2;e0eaf1;e0eaf1;dde9f0;dfebf2;dfebf2;deeaf3;dbe7f0;deeaf3;dce8f1;deeaf1;deeaf1;dae6ed;dce8ef;d8e4eb;deeaf1;dae6ed;d7e3ea;dce8ef;dce8ef;dbe7ee;d9e5ec;dde9f0;dce8ef;deeaf1;dee8ef;dee8ef;ddeaef;dbe8ed;e0ecf3;dfebf2;d8e4eb;d8e4eb;dae6ed;deeaf1;dde9f0;d8e4eb;dfebf2;deeaf1;ddeaef;e4f1f6;e0ecf3;deeaf1;dbe7ee;dce8ef;d7e6ec;d5e4ea;dcebf1;dbe7ee;dae6ed;d9e5ec;dfe9f0;dbe7ee;dce8ef;dde9f0;dde9f0;dbe7f0;e2eef7;e2eef5;dfebf2;e0ecf3;deedf3;e4f0f7;e4f0f7;e0ecf3;e2eef5;deeaf1;e0ecf3;e0ecf3;e0eef7;deedf3;dbe7ee;dce8ef;deedf3;e1edf4;e0ecf3;dcebf1;e1f0f6;dfebf2;e3eff6;e0ecf3;e0ecf3;e3edf4;dde9f0;d9e5ec;dae9ef;ddecf2;deedf3;deeaf1;dce8ef;e1edf4;e1edf4;dbe7ee;dbe7ee;dce8f1;deeaf1;dae6ed;dbe7ee;dce8ef;deeaf1;e1edf4;deedf3;e1f0f6;e2f1f7;e0eff5;dfeef4;deedf3;ddecf2;e1f0f6;e0ecf3;e0ecf3;e1ebf2;e1ebf2;e2ecf3;e2eef5;e3eff6;dde9f0;dde9f0;dfebf2;e3eff6;e3eff6;e5f1f8;deeaf1;e2eef5;e5f1f8;e0ecf3;e3eff6;e5f1f8;e4f0f7;e4f0f7;e4f0f9;dfebf2;deeaf1;dbe7ee;deeaf1;dde9f0;d7e3ea;dfebf2;e0ecf3;e1edf4;e0eaf1;e1edf6;e0ecf5;e1edf6;e2eef7;e2eef7;dfebf4;e0ecf3;e6f2f9;e4f0f7;e1edf4;e1edf4;e0ecf3;dfebf2;e4f0f7;e1edf4;e1edf4;e3eff6;e5f1f8;e1edf4;dfebf2;e1f0f6;e2eef5;e2eef5;e4f0f7;e6f2f9;e0ecf3;e2eef5;e4eef5;e4eef5;e1ebf2;e0eaf1;dee8ef;e2ecf3;e6f0f7;e7f1f8;e5eff6;e3eff6;deeaf1;e1edf4;e2eef5;e1edf4;e2eef5;e5f1f8;e4f0f7;e4f0f7;e7f3fa;e4f0f7;e5f1f8;e6f2f9;e3eff6;e4f0f7;e7f3fa;e9f5fc;e6f2f9;e4f0f7;e3eff6;e4eef5;e3edf4;e7f1f8;e0ecf3;dfebf2;dde9f0;dae6ed;deeaf1;e1edf4;e3eff6;e4f0f7;e7f3fa;e8f4fb;e6f2f9;e8f4fb;e8f7fd;e8f7fd;eaf6fd;e9f5fc;e6f2f9;e3eff6;e2eef5;e3eff6;e1f0f6;e3f2f8;e5f4fa;e3eff6;e2f1f7;e3f2f8;e3f2f8;e3f2f8;e4f3f9;e5f4fa;e3f1fa;e5f3fc;deeef7;dfeff8;e1f1fa;ddedf6;dfeff8;dfeff8;dfeff8;e1f1fb;ddedf7;dbebf5;ddedf7;ddedf7;daeaf4;d8e8f1;d9e9f2;d9e9f2;d9e9f2;dcecf5;e0f0f9;e0f0fa;dcecf6;ddedf7;dbecf8;d9eaf6;d8e9f5;d9e8f5;e1eaf5;b4b8c2;706d71;746d6e;6c6866;393a34
dae6ef;d6e2eb;d5e3ec;d4e2eb;d3dfe8;d8e4ed;dde9f2;dce8f1;dae6ed;d9e5ec;dce8ef;dae6ed;d9e5ee;d8e4ed;dce6ef;dae6ef;dae6ef;dde9f2;dde9f2;dae6ef;dae6ef;dce8ef;d9e5ee;d7e3ec;d9e3ec;d5e1ea;d6e2e9;d8e2e9;d7e1ea;dde7f0;d9e3ec;d6e2eb;d7e3ec;d8e4ed;d7e3ec;d9e5ee;d8e4eb;d9e5ec;d9e3ea;d9e3ea;d7e1e8;d9e5ec;d8e4eb;d8e4eb;d7e3ea;d8e4ed;dbe5ee;dbe5ee;dae6ef;dde7f0;d7e3ea;d8e4ed;d7e3ea;dae6ed;d9e5ec;dae6ef;d9e5ee;d9e5ee;d9e5ee;dbe7f0;d9e5ee;dde9f2;d8e4ed;d8e4ed;d8e4ed;dae6ef;d6e2eb;d7e6ec;deeaf1;deeaf1;e0ecf3;dce8ef;dce8f1;e2ecf3;e0ecf3;e4f0f7;dce8ef;dde9f0;dfebf2;dfebf4;deeaf1;dde9f0;deeaf1;dbeaf0;dae9ef;dbeaf0;d9e8ee;dcebf1;d9e8ee;dde9f0;dbe7ee;dae6ed;d8e6ef;d5e3ec;dcebf1;dce8ef;dbe7ee;dbe5ec;dbe5ec;e0ecf3;e0ecf3;ddecf2;deedf3;deedf3;dae6ed;dbe7ee;d9e5ec;dae6ed;dbe7ee;deeaf1;deeaf1;e1edf4;dbe7ee;e1edf4;dfebf2;e0ecf3;e0ecf5;d3e1ea;d2e0e9;d6e4ed;d7e3ea;d5e1e8;dae6ed;e0eaf1;dae4eb;e0eaf1;e0eaf1;dfe9f0;dbe7ee;dbe7ee;deeaf1;dfebf2;dfebf2;e1edf4;e2eff4;e3f0f5;e3eff6;e4f0f7;e1edf4;e0ecf3;dfebf2;dfebf2;e0ecf3;e2eef5;e2eef5;dfebf2;e0ecf5;e4f0f9;dde9f0;deecf5;ddecf2;ddecf2;dcebf1;dfebf2;e3eff6;dfebf4;e1edf6;dbe9f2;dfebf2;deeaf1;deeaf1;e2eef5;dfe9f0;e2ecf3;e3edf4;e3edf4;dae6ed;d8e4ed;dae6ed;dce8f1;dae6ef;deeaf1;dfebf2;e2eef5;dfeef4;dfeef4;e1f0f6;e0eff5;e0eff5;dfeef4;e0eff5;e1edf4;dfebf2;e0eaf1;e1ebf2;e0ecf3;e0ecf3;deeaf1;dde9f0;e0ecf3;e1eef3;e2eef5;e4f0f7;e4f0f7;e6f0f7;e4eef5;e3edf4;e1edf4;e0ecf3;dfebf2;e1edf4;e2eef5;e5f1f8;e3eff6;e3eff6;dce8ef;e1edf4;dfebf2;deeaf1;dde9f0;dbe7ee;e3eff6;e2ecf3;e3edf4;e3eff6;dfebf2;e0ecf3;e5f1fa;e1edf4;e3eff6;e4f0f7;e4f0f7;e1edf4;e3eff6;deeaf1;e0ecf3;e2eef5;e5f1f8;e2eef5;e1edf4;e1edf4;e0ecf3;e5f1f8;e4f0f7;dfebf2;deeaf1;e2eef5;e3eff6;e4f0f7;e7f3fa;e6f2f9;e4f0f7;e1edf4;e1edf4;dce8ef;e0eaf1;e1ebf2;e6f0f7;e6f0f7;e2eef5;e0ecf3;e3eff6;e0ecf5;dfebf2;e3eff6;e6f2f9;e5f1f8;e5f1f8;e4f0f7;e6f2f9;e7f3fa;e5f1f8;e4f0f7;e4f0f7;e6f2f9;e6f2f9;e4f0f7;e5f1f8;e3eff6;dfebf2;e0ecf3;e3eff6;e4f0f7;e1edf4;e0ecf3;dce8ef;deeaf1;deeaf1;deeaf1;e4f0f7;e7f3fa;e8f4fb;e8f4fb;e9f5fc;e8f7fd;e7f6fc;e8f7fd;eaf9ff;e9f5fc;e7f3fa;e4f0f7;e2eef5;e4f3f9;e4f3f9;e4f3f9;e3f2f8;e5f1f8;e4f3f9;e3f2f8;e5f1f8;e3f2f8;e3f2f8;e2f1f7;e4f2fb;e0f0f9;ddedf6;e0f0f9;e0f0f9;dfeff8;e0f0fa;dfeff9;d8e8f2;d9e9f3;dbebf5;d9e9f3;dbebf4;daeaf3;dbebf4;dbebf4;d8e8f1;d9e9f2;dbebf4;dcecf5;deeef8;daeaf4;dbebf5;dbebf5;d9e9f3;d7e7f1;d7e7f1;e0e8f1;c3c8cf;6f6c6f;726e6c;65625e;383933
dae9ef;dae8f1;d8e6ef;d5e1ea;d5e1ea;dce8f1;e0ecf5;dbe7f0;d8e4ed;d9e5ee;dae6ef;d9e5ec;d9e5ee;d9e5ee;dbe7f0;dae6ef;d9e5ee;d9e5ee;d7e5ee;d4e2eb;dae6ed;d7e3ea;d7e3ec;d8e4ed;dae6ef;dbe7f0;d6e2eb;dae6ef;dae6ef;d7e3ec;d5e1ea;d9e5ee;d9e5ee;d5e1ea;d8e4ed;d7e3ec;dae6ed;d8e4eb;dbe7ee;d7e1e8;d9e3ea;d7e3ea;dce8ef;d9e5ec;d4e0e7;d6e2eb;d5e1ea;d9e5ee;d8e4ed;d9e5ee;dbe7f0;dbe7f0;d6e2eb;d7e3ec;d6e2eb;d3dfe8;d4e0e9;d7e3ec;d9e5ee;dce8f1;dbe7f0;dbe7f0;dae6ef;dbe7f0;d9e5ee;d8e6ef;dae8f1;dae8f1;d9e7f0;deeaf1;dbe7ee;dde9f0;dce8ef;e0ecf3;dde9f0;e0ecf3;dce8f1;e0ecf3;dfebf2;dfebf2;dfebf2;deeaf1;dbe7ee;deedf3;ddecf2;dfeef4;dce8ef;dbe7ee;dbe7ee;d9e5ec;dce8ef;deeaf3;d6e4ed;d9e7f0;dfebf2;e0ecf3;dae6ed;dce6ed;d9e3ea;dce8ef;e1edf4;dbeaf0;ddecf2;dcebf1;e0ecf3;e0ecf3;dce8ef;dfebf2;dbe7ee;dae6ed;d8e4eb;e1ebf2;dae6ed;e2eef5;dde9f0;e0ecf5;dceaf3;dceaf3;dae8f1;d8e6ef;d8e4eb;dae6ed;d7e3ea;dbe5ec;dde7ee;dfe9f0;dee8ef;e0eaf1;dce6ed;d9e3ea;d8e4eb;dce8ef;e2eef5;dfebf2;e1edf4;e0ecf3;dfebf2;deeaf1;e2eef5;deeaf1;e1edf4;deeaf1;dfebf2;dfebf2;deeaf1;dde9f0;dfebf4;deeaf3;dae6ef;dceaf3;e1eff8;ddebf4;e0eff5;e1f0f6;deedf3;deecf5;deecf5;ddecf2;deeaf1;deeaf1;e1edf4;e0eaf1;dee8ef;dce6ed;e1ebf2;e2ecf3;dfebf2;dfebf2;dbe7ee;dae6ef;d6e2eb;dbe7ee;dfebf2;e0ecf3;e0ecf3;e0ecf3;e0eff5;e0eff5;dfeef4;e0eff5;e3eff6;e1edf4;dfebf2;e2ecf3;e1ebf2;dfe9f0;dde9f0;dce8ef;e0ecf3;e1edf4;e3eff6;e3eff6;e2eef5;e1edf4;e1edf4;e6f0f7;e4eef5;e2eef5;e3eff6;e5f1f8;e4f0f7;e2eef5;e0ecf3;e0ecf3;e3eff6;e3eff6;e1edf4;dfebf2;dbe7ee;dde9f0;dbe7ee;dae6ed;dfe9f0;e3edf4;e5eff6;e0ecf3;e3eff6;dfebf4;e0ecf5;e0ecf3;e3eff6;e6f2f9;e5f1f8;e2eef5;e4f0f9;e2eef5;e5f1f8;e5f1f8;e4f0f7;e6f2f9;e1f0f6;e1edf4;e2eef5;e3eff6;e2eef5;e3eff6;e4f0f7;e4f0f7;e2eef5;e2eef5;e5f1f8;e5f1f8;e6f2f9;e5f1f8;e1edf4;d9e3ea;d9e3ea;dfe9f0;e3eff6;e3eff6;e5f1f8;e3eff8;deeaf3;dfebf4;e2eef7;deeaf1;e1edf4;e5f1f8;e3eff6;e4f0f7;e5f1f8;e9f5fc;e4f3f9;e7f3fa;e6f2f9;e6f2f9;e5f1f8;e6f2f9;e8f4fb;e6f2f9;e5f1f8;e5f1f8;e2eef5;e2eef5;e3eff6;dce8ef;dde9f0;dce8ef;deeaf1;dfebf2;e3f0f5;e7f3fa;e5f1f8;e9f5fc;e7f6fc;e4f3f9;e5f4fa;e4f3f9;e7f3fa;e4f0f7;e8f4fb;e6f2f9;e4f0f7;e3f2f8;e3f2f8;e4f3f9;e6f2f9;e4f3f9;e3f2f8;e3eff6;e3f2f8;e3f2f8;e2f1f7;e3f1fa;e2f2fb;e2f2fb;dfeff8;dcecf5;dfeff8;dfeff8;e0f0f9;e1f1fa;dcecf5;ddedf7;dfeff8;dfeff8;dcecf5;daeaf3;dbebf4;d6e6ef;d3e3ec;d7e7f0;daeaf3;ddedf7;deeef8;dcecf6;d9e9f3;d5e5ef;d9e9f3;d9e9f3;dee6ef;c4c9d0;726f72;706c6c;696662;3f403a
d5e3ec;d5e3ec;d4e2eb;d6e2eb;d6e2eb;e2eef7;e0ecf5;dce8f1;d7e6ec;d8e7ed;dbe7ee;dce8ef;dae6ed;d7e3ec;dbe7f0;dbe7f0;dce8f1;dde9f2;dae6ef;dae6ef;d9e5ee;d9e5ec;d5e1ea;d7e3ec;d5e1ea;d6e2eb;d5e1ea;d8e4eb;d5e1e8;d7e3ea;d9e5ee;d6e2eb;d8e4ed;d8e4ed;d6e2eb;d8e4ed;d9e5ec;d8e4eb;dde7ee;dce6ed;dae4eb;dae4eb;d8e2eb;d7e3ec;dbe7f0;d7e3ec;d7e3ec;d9e5ee;d6e2eb;d9e5ee;d8e6ef;d6e4ed;d8e4ed;d7e3ec;dae6ef;dce8f1;d6e2eb;dbe7f0;dbe7f0;dae6ef;dbe7f0;dbe7f0;dbe7f0;dce8f1;dce8f1;dce8f1;d9e5ee;d7e5ee;dceaf3;deeaf1;deeaf1;dde9f0;e8f4fb;dce8ef;dfebf2;deeaf1;e0ecf5;dde9f2;dae8f1;dae8f1;ddebf4;ddebf4;e1edf4;dfebf2;deeaf1;dbe7ee;dfebf2;dbe7ee;deeaf1;dce8ef;dde9f2;dde9f2;deeaf3;d9e5ee;dde9f0;d9e5ec;dde9f0;dce6ed;d9e3ea;dde9f0;dde9f0;e0ecf3;e1edf4;deeaf1;dce8ef;e0ecf3;ddecf2;dcebf1;d7e3ea;d7e3ea;d6e2e9;dae4eb;dee8ef;dfe9f0;dce8ef;dce8ef;dde9f2;deeaf3;dceaf3;d9e7f0;d9e5ec;dde9f0;d9e5ec;d9e5ec;d6e2e9;dce8f1;dde9f2;dce8f1;deeaf3;dfebf4;dbe7ee;dfebf2;e1edf4;deeaf1;e0ecf3;deeaf1;e2eef5;e1edf4;dcebf1;dfeef4;dae9ef;dae9ef;dcebf1;dcebf1;e0ecf3;e3eff6;dfebf2;dae6ef;e0ecf5;e0ecf5;e2f0f9;deecf5;e1eff8;dfeef4;e0eff5;e0eff5;dfeef4;e0eff5;dfeef4;dfebf2;deeaf1;deeaf1;dae6ed;dce8ef;dee8ef;e0eaf1;dbe7ee;dbe7f0;deeaf3;dce8f1;dce8f1;dde9f0;deeaf1;dfebf2;dfebf2;deeaf1;e3eff6;e0ecf3;e2eef5;e1edf4;e0ecf3;e1edf4;e3eff6;e1edf4;e3eff6;deeaf1;dfebf2;e1ebf2;dfebf2;deeaf1;e0ecf3;e3eff6;e2eef5;dfebf2;e2eef5;e0ecf3;e4f0f7;e5f1f8;e2eef5;e1edf4;e3eff6;e6f2f9;e3eff6;e0ecf3;e3eff6;e4f0f7;e5f1f8;e3eff6;e0ecf3;e1edf4;dfebf2;e2ecf3;dee8ef;e2ecf3;e1ebf2;e5eff6;e1edf4;e0ecf3;e0ecf5;dfebf2;e6f2f9;e6f2fb;e5f1f8;e6f2f9;e3eff6;e2eef5;e4f0f7;e2eef5;e4f0f7;e5f1f8;e1edf4;e0ecf3;e5f1f8;e4f0f7;e1edf4;e2eef5;e3eff6;e4f0f7;e1edf4;e1edf4;e4f0f7;e6f2f9;e7f3fa;e8f4fb;e2ecf3;e3edf4;e3edf4;dee8ef;e1ebf2;e5f1f8;e3eff6;e3eff8;e2eef7;deeaf3;dde7f0;e1ebf2;dfebf2;e3eff6;e2eef5;e2eef5;e1edf4;e4f0f7;e5f1f8;e5f1f8;e4f0f7;e7f3fa;e5f1f8;e7f3fa;e5f1f8;e5f1f8;e6f2f9;e1edf4;e3eff6;e3eff6;e0ecf3;e5f1f8;e2eef5;dfebf2;dde9f0;dfebf2;dde9f0;e1edf4;e4f0f7;e4f0f7;e5f1f8;e5f1f8;e6f2f9;e7f6fc;e6f5fb;e6f2f9;e5f4fa;e5f4fa;e6f5fb;e1f0f6;e2f1f7;dfeef4;e5f3fc;e1eff8;e2f0f9;e1eff8;e4f2fb;e3f1fa;e5f3fc;e2f0f9;dfeff8;e0f0f9;e1f1fa;deeef7;ddedf6;daeaf3;e1f1fa;dfeff8;e1f1fa;deeef7;e0eef7;dfedf6;ddedf6;dceaf3;dcecf5;daeaf3;d8e8f2;d7e7f1;d7e7f1;dbebf5;d9e9f3;d8e8f2;d9e9f3;d8e8f2;d7e7f1;dbebf5;dde2ec;b3b8bf;6c696d;726b6c;706a68;44433d
d2e2eb;d2e0ea;d1dfe9;d3e1ea;dae8f1;dfebf4;deeaf3;d9e7f0;d8e6ef;d5e3ec;d7e5ee;dae6ed;dae6ed;d8e4ed;d8e4ed;d8e4ed;d5e1ea;d7e3ec;d9e5ee;dae6ef;dae6ef;d7e3ea;dae6ef;d8e2eb;d9e3ec;d7e1ea;dce6ef;d7e3ec;d6e2eb;d8e4eb;d9e5ec;d9e5ec;dae6ed;d8e4ed;d7e3ec;d8e4ed;d9e3ea;dbe7ee;d8e2eb;d5dfe8;dae4ed;dce6ef;dee8f1;dae6ef;d9e5ee;d8e4ed;d5e1ea;d7e3ec;d9e5ee;d8e4ed;dae6ef;dde9f2;dbe7f0;d9e5ee;d7e3ec;d9e5ee;d5e1ea;dae6ef;d9e5ec;dae6ef;dde9f2;d7e3ec;d8e4ed;deeaf3;dae6ef;dde9f2;dae6ef;d8e4ed;dfebf4;dde9f2;e0ecf3;deeaf1;e1edf4;deeaf1;dae6ed;dce8ef;dde9f0;dceaf3;dceaf3;d7e5ee;dbe9f2;deeaf3;dfebf2;dae6ed;dbe7ee;d9e5ec;dae6ed;deeaf1;dbe7ee;d7e3ea;dce8f1;e0ecf5;dce8f1;d9e5ee;d8e4eb;dde9f2;dce8f1;e0eaf1;dae4eb;dae6ed;d6e2e9;dce8ef;dce8ef;dfebf2;deeaf1;e0ecf3;dae9ef;dceaf3;dfebf2;dde9f0;dce8ef;dce6ed;d9e3ea;e1ebf2;dfebf2;dde9f0;deeaf1;d8e4eb;ddebf4;deecf5;dde9f0;dfebf2;dbe7ee;d5e1e8;d7e3ea;d7e3ec;dae6ef;dae6ef;dde9f2;deeaf3;dbe7ee;dce8ef;dbe7ee;d9e5ec;dce8ef;dde9f0;e2eef5;dcebf1;e1f0f6;ddecf2;ddecf2;e0eef7;ddebf4;dfeef4;deeaf1;dde9f0;e0ecf3;e1edf4;e1edf4;e0ecf5;ddebf4;dfedf6;e3f1fa;e0eff5;e0eff5;dfeef4;e0eff5;dfeef4;e0eff5;e0eff5;deeaf1;deeaf1;dbe7ee;dde9f0;dce8ef;dde9f0;deeaf1;deeaf3;dee8f1;dae6ef;dae6ef;dae4eb;dbe5ec;dce8ef;deeaf1;dfebf2;e2eef5;e2eef5;e3eff6;e1edf4;e2eef5;e3eff6;e1edf4;e1edf4;e1edf4;e0ecf3;e0ecf3;deeaf1;deeaf1;e0ecf3;e1edf4;e3eff6;e3eff6;e3eff6;e3eff6;e2eef5;e3eff6;e3eff6;e3eff6;dfeef4;e2f1f7;e1edf4;e1edf4;e0ecf3;e3eff6;e5f1f8;e4f0f7;e2eef5;e4f0f7;e2eef5;e1edf4;e1edf4;deeaf1;dae6ed;e0eaf1;e3eff6;e4f0f7;e2eef5;dfebf2;e0ecf3;e4f0f7;e2eef5;e3eff6;e2eef5;e5f1f8;e3eff6;e2eef5;e3eff6;e3eff6;e5f1f8;e2eef5;e2eef5;e3eff6;e4f0f7;e0ecf3;e4f0f7;e2eef5;e3eff6;e1edf4;e0ecf3;e4f0f7;e7f3fa;e9f5fc;e9f5fc;e9f3fa;e3edf4;e5eff6;e5eff6;e0eaf1;dbe7ee;e1edf4;e2eef5;e4f0f7;deeaf1;dbe7ee;dce8ef;dae6ed;dae6ed;deedf3;dfeef4;e2eef5;e1f0f6;e4f3f9;e5f1f8;e7f3fa;e8f4fb;e6f2f9;e6f2f9;e6f2f9;e4f0f7;e9f5fc;e3eff6;e4f3f9;e4f0f7;e2eef5;e4f0f7;e5f1f8;e3eff6;e3eff6;e0ecf3;dae6ed;dfe9f0;e1edf4;dfebf2;e2eef5;e2eef5;e8f4fb;e4f3f9;e3f2f8;e4f3f9;e7f6fc;e5f4fa;e7f6fc;e5f4fa;deedf3;ddecf2;e0eef7;e1eff8;e1eff8;e2f0f9;e3f1fa;e1eff8;deecf5;e1eff8;dfedf6;e0eef7;dfeff8;ddedf6;dfeff8;e3f3fc;e3f3fc;e0f0f9;e0f0f9;dceaf3;e0eef7;e0eef7;dbebf4;dbebf4;e0f0fa;deeef8;dbebf5;d9e9f3;d9e9f3;dcecf6;d9e9f3;daeaf4;d8e8f2;d7e7f1;d5e5ef;d4e4ee;d7dce6;b2b7be;757276;746d6e;6d6765;494842
d5e3ec;d4e2ec;d1dfe9;d4e2ec;ddebf5;dae8f1;dceaf3;dfedf6;d1dfe8;d6e4ed;dbe7f0;dbe7f0;dbe7f0;dae6ef;dbe7f0;dce8f1;d8e4ed;dbe7f0;dce8f1;d8e4ed;d9e5ee;d9e5ee;d2dee7;d6e2eb;d4e0e9;d3dfe8;d4e0e9;d7e3ec;dae6ef;d9e5ee;d7e3ea;d7e3ea;d6e0e7;dae4ed;d9e3ec;d8e4ed;dbe5ee;dbe5ee;dde7f0;d9e3ea;d3dde4;dae4eb;dde7f0;d9e5ee;d7e3ec;dbe7f0;d9e5ee;dae6ef;d7e3ec;d9e5ee;d9e5ee;dce8f1;dbe7f0;dbe7f0;d9e5ee;d7e3ec;d9e5ee;dce8ef;dfebf2;dde9f0;d8e4eb;dae6ed;dae6ef;dce8f1;d7e3ec;dbe7f0;dde9f2;dbe7f0;dae6ef;d9e7f0;dde9f2;e0ecf3;e1edf4;dce8ef;dde9f0;ddecf2;ddebf4;dceaf3;dceaf3;ddebf4;dbe9f2;deeaf3;dce8f1;dce8ef;d9e5ee;dde9f2;deeaf3;d9e5ee;dae6ef;dfebf4;dce8f1;dbe7f0;dce8f1;dce8f1;dde7ee;dde7ee;dce6ed;dce6ed;dee8ef;dbe7ee;d5e1e8;dbe7ee;dee8ef;e2ecf3;dde9f0;dbe7ee;deeaf1;deeaf1;dcebf1;ddecf2;dcebf1;d8e4eb;d5e1e8;d9e5ec;dae6ed;dae6ed;deeaf1;dfebf2;e0eff5;dfedf6;dde9f2;deeaf3;dae6ef;dde9f2;dde9f2;dce8f1;d7e3ec;d7e3ec;dde9f0;dfebf2;e3edf4;dce6ed;dae4eb;dee8ef;dfe9f0;deeaf1;dfebf2;dfebf2;deedf3;ddecf2;deecf5;dfedf6;deecf5;e0eff5;dcebf1;deeaf1;e2eef5;dde9f0;deeaf1;e0ecf3;e2eef5;e0ecf3;e3eff6;e0ecf3;e3eff6;e3eff6;e0ecf3;deedf3;ddecf2;e0eff5;deedf3;dfeef4;dcebf1;ddecf1;deeaf1;dde9f0;deeaf1;dce8f1;dfe9f2;dfe9f2;dee8ef;dce6ed;dae4eb;dde7ee;e1ebf2;e1ebf2;dfebf2;e1edf4;e2eef5;e3eff6;e0ecf3;e3eff6;e4f0f7;e2eef5;e2eef5;e4f0f7;e2eef5;dfebf2;deeaf1;e0ecf3;e3eff6;deeaf1;e2eef5;e0ecf3;e3eff6;e2eef5;e4f0f7;e2f1f7;e0eff5;e4f3f9;e3f2f8;e2f1f7;e2f1f7;ddecf2;dfeef4;e7f3fa;e4f0f7;e1edf4;e1edf4;e1edf4;dfebf2;e0ecf3;dbe7ee;dfebf2;dce8ef;dbe7ee;dfebf2;e3eff6;e2eef5;e2eef5;e0ecf3;e1edf4;e3eff6;e2eef7;e2eef5;e4f0f7;e3eff6;e3eff6;e1edf4;e4f0f7;e2eef5;e3eff6;e2eef5;e3edf4;e1edf4;e5f1f8;e3eff6;e3eff6;e2eef5;e1edf4;e2eef7;e1edf4;e2eef5;e5f1f8;ecf6fd;ebf5fc;e7f1f8;e4eef5;e1ebf2;deeaf1;deeaf1;e1edf4;e0ecf3;e6f2f9;e5f1f8;e1edf4;dde9f0;dbe7ee;dbeaf0;e0eff5;dfebf2;dfebf2;e6f2f9;e4f0f7;e7f3fa;e6f2f9;e7f3fa;e9f5fc;e6f2f9;e2eef5;e4f0f7;e7f3fa;e4f0f7;e3eff6;e2eef5;e2f1f7;e6f2f9;e6f2f9;e3eff6;deeaf1;dee8ef;dfe9f0;dbe5ec;dce6ed;dce8ef;e2eef7;e5f1f8;e6f2f9;e5f1f8;e4f3f9;e4f3f9;e3f2f8;e3f2f8;e8f7fd;e5f4fa;e0eff5;ddebf4;e0eef7;e2f0f9;e2f0f9;deecf5;e2f0f9;e3f1fa;e1f1fa;dfedf6;deeef7;e2f2fb;e0f0f9;daeaf3;dfeff8;dfeff8;e1f1fa;e1f1fa;e1f1fa;e0eef7;e1f1fb;deeef8;dfeff9;dfeff9;ddedf7;daeaf4;d6e6f0;d8e8f2;d9e9f3;d9e9f3;d6e6f0;d5e4f1;d3e2ef;d5e5ef;d2e2ec;d9e3ec;aaafb6;756e72;777073;6b6563;53524c
cfdde6;d3e1eb;d0dee8;d9e7f1;ddebf5;ddebf4;dbe9f2;d7e5ee;d9e7f0;d9e7f1;d8e4ed;d8e6ef;d9e7f0;dbe7f0;d8e6ef;dae6ef;dbe7f0;d6e2eb;dae6ef;d7e3ec;dce8f1;d7e3ec;d4e0e9;d2dee7;d4e0e9;d7e3ec;d5e1ea;d7e3ec;dbe7f0;dae6ef;d9e5ec;d8e4ed;dae4ed;dde7f0;d9e3ec;d7e1ea;d7e1ea;dce6ef;d9e3ec;dae4ed;d8e2e9;dde7ee;dbe5ec;d9e5ec;d9e5ee;dae6ef;d8e4ed;d7e3ea;d8e4eb;d7e3ea;dce8f1;dae6ef;d9e5ee;dbe7f0;d9e5ee;d6e2eb;dde9f2;dce8ef;dfe9f0;dce8ef;dde9f0;dce8ef;dde9f2;dbe7f0;dfebf4;d8e4ed;dae6ef;dae6ef;dbe7f0;d7e5ee;dde9f2;e0ecf5;e1edf4;dcebf1;dfeef4;dceaf3;d9e7f0;dceaf3;dae8f1;d9e7f0;d8e6ef;deeaf3;e0ecf5;dce8f1;dfebf4;d8e4ed;dde9f2;dae8f1;dceaf3;ddebf4;deeaf3;dbe7f0;e0ecf5;dfebf4;dee8f1;d8e2eb;d9e5ee;dce8ef;dde9f0;d9e5ec;dae6ed;dce8ef;d8e4eb;dbe7ee;dde9f0;e0eaf1;dde9f0;deeaf1;e0ecf3;ddecf2;e0ecf3;e2eef5;dce8ef;d7e3ea;dbe7ee;dce8ef;dfebf2;dbe7ee;dbeaf0;e1eff8;deecf5;deecf5;deecf5;d9e5ee;dce8f1;deeaf3;d8e4ed;d9e5ec;d6e2e9;dce8ef;dfeaef;e3eef3;dee8ef;dfeaef;dfeaef;dce9ee;deeaf1;e0ecf3;e0eff5;deedf3;ddebf4;deecf5;deecf5;e0eef7;dfedf6;e3f2f8;e0ecf3;e0ecf3;e1edf4;e0ecf3;dde9f0;e1edf4;e1edf4;e0ecf3;e1edf4;e3eff6;e3eff6;e2f1f7;dfeef4;deedf3;e3f2f8;dfeef4;dfeef3;dfeef3;dfebf2;dde9f0;dde9f0;dde9f0;e0eaf3;e1ebf2;d8e2e9;d8e2e9;dbe5ec;dce6ed;e0eaf1;dde7ee;e0eaf1;e3edf4;e4eef5;e1edf4;e2eef5;e3eff6;e2eef5;deeaf1;e3eff6;e4f0f7;e2eef5;dce8ef;dce8ef;dde9f0;e0ecf3;deeaf1;dfebf2;e2eef5;e4f0f7;e2eef5;e0ecf3;e0eff5;e3f2f8;e1f0f6;deedf3;e2f1f7;dcebf1;ddecf2;deedf3;dde9f0;e1edf4;e1edf4;e4f0f7;e2eef5;e5f1f8;dfebf2;e1edf4;deeaf1;dde9f0;deeaf1;dae6ed;e4eef5;e2eef5;e2eef5;e1edf4;e1edf4;e0ecf3;e5f1f8;e2eef5;e0ecf3;e5f1f8;dfebf2;e1edf4;e3eff6;e4f0f7;e5f1f8;e5eff6;e3edf4;e3edf4;e5f1f8;e4f0f7;e3eff6;e8f4fb;e7f3fa;e5f1fa;e3eff8;e3eff8;e3eff8;e5f1f8;e9f5fc;e7f3fa;e2eef5;e3eff6;e3eff6;e0ecf3;dde9f0;dde9f0;e0ecf3;e3eff6;dfebf2;e3eff6;dfeef4;deedf3;dfeef4;deedf3;ddecf2;e5f1f8;e6f2f9;e1f0f6;e3f2f8;e7f6fc;e7f3fa;e5f1f8;e7f4f9;e8f5fa;e5f2f7;e1f0f6;e4f0f7;e3f2f8;e4f3f9;e5f1f8;e6f2f9;e6f2f9;e4f0f7;dee8ef;dae4eb;dbe5ee;dce6ef;dce6ef;e1ebf4;e0ecf3;e2eef5;e3eff6;e4f3f9;e3f2f8;e4f3f9;e6f5fb;e5f4fa;e4f3f9;e2f1f7;e4f2fb;deecf5;e2f0f9;e1eff8;e0f0f9;dfedf6;e0f0f9;e0f0f9;ddebf4;dcecf5;e1f1fa;dcecf5;dbebf4;e0f0f9;ddedf6;dfeff8;dfeff8;deeef7;e1eff8;dfeff9;e0f0fa;deeef8;e1f1fb;dcecf6;dcecf6;d8e8f2;d8e8f2;daeaf4;dcecf6;dbeaf7;d7e6f3;d4e3f0;d3e3ed;cfdeeb;d8e0e9;979aa1;7a7377;7a7374;6f6967;57544e
d1dfe8;d2e0e9;d4e2ec;dae8f2;d6e4ee;dae8f2;dae8f1;d8e6ef;d5e3ec;d5e3ec;d4e2eb;d6e2eb;d8e4ed;dae6ef;d7e3ec;dbe7f0;dbe7f0;d6e5eb;d8e4eb;d8e4eb;d6e2e9;d9e5ec;d9e5ee;d6e2eb;d6e2eb;d7e3ec;d8e2eb;d5dfe8;d8e2eb;d7e1ea;d6e0e9;d7e1ea;dbe5ee;dbe5ee;d8e2eb;d9e3ec;dbe5ee;dae4eb;d5dfe8;d9e3ea;dce6ed;dce6ef;dae4ed;dde7ee;dce8f1;dce8ef;dbe7ee;dfebf2;dbe7f0;d9e3ea;d5dfe8;d7e1ea;dce6ef;dbe5ee;dde7f0;dfe9f2;dce6ef;d5e1ea;d6e2eb;dbe7f0;dae6ef;dbe7ee;dce8ef;dde9f0;dae6ed;dbe7ee;dae8f1;d9e7f0;d9e7f0;dbe9f3;deecf5;deecf5;dfedf6;dceaf3;ddebf4;ddebf4;dbe9f2;dbe9f2;dbe9f2;d9e7f0;d8e7ed;dce8ef;dfebf4;dfebf4;dae6ef;d8e4ed;dbe7f0;ddebf4;d8e6ef;dceaf3;dceaf3;dbe9f2;dae6ef;dde9f2;dbe7f0;dce8f1;dbe7f0;dce8ef;deeaf1;dae6ed;d9e5ec;d7e3ea;dfebf2;deeaf1;dfe9f0;dfe9f0;dbe8ed;dae6ed;deeaf1;d9e8ee;dae6ed;deeaf1;e0ecf3;dce8ef;dce8ef;dbe7ee;d7e3ea;d6e2e9;dde9f2;dceaf3;deecf5;dbe9f2;ddebf4;dfedf6;dfebf2;deeaf1;dce8ef;e0eaf1;dce6ed;d7e3ea;dce7ec;e0ebf0;dfecf1;e2eff4;dce9ee;dce9ee;dfebf2;dfebf2;e1edf4;dce8f1;ddebf4;dfedf6;dceaf3;ddecf2;deedf3;e0eff5;e4f0f7;e2eef5;dde9f0;dfebf2;deedf3;dfeef4;ddecf2;e0ecf3;dce8ef;dfebf2;e2eef5;e1f0f6;e0eff5;dfeef4;deedf3;deedf3;e0eff5;dcebf1;e0ecf3;deeaf1;dfebf2;e1edf4;deeaf3;dfebf2;dce8ef;dfe9f0;dee8ef;d9e3ea;dde7ee;e2ecf3;e1edf4;e3eff6;e0ecf3;dfebf2;e2eef5;e2eef5;dde9f0;e3eff6;e3eff6;e3eff6;e2eef5;e1edf4;deeaf1;dfebf2;e0ecf3;dce8ef;e3edf4;e0ecf3;e0ecf3;e3eff6;e4f0f7;e3eff6;e3eff6;e0ecf3;dde9f0;e1edf4;e4f0f7;e1edf4;e4f0f7;e2eef5;e5f1f8;e0ecf3;e1edf4;e6f2f9;e5f1f8;e0ecf3;e2eef5;e5f1f8;e4eef5;e2ecf3;e0eaf1;e0eaf1;e2ecf3;e5eff6;e2eef5;e1edf4;e4f0f7;e7f3fa;e5f1f8;e3eff6;e0ecf3;e2eef5;e4f0f7;e2eef5;e2eef5;e3eff8;e5eff6;e8f2f9;e2eef5;e2eef5;e5f1f8;e3eff6;e5f1f8;e2eef5;e4f0f9;e6f2fb;e7f3fc;e6f2fb;e0ecf5;e2f0f9;e1eff8;e4f0f9;e6f2f9;e4f0f7;e2eef5;e2eef5;deeaf1;dce8ef;dfebf4;e1edf6;e1edf6;e4f0f9;deecf5;dde9f2;dde9f0;dbe7ee;dde9f0;e0ecf3;e0eff5;e0eff5;e3f2f8;e3f2f8;e4f3f9;e5f4fa;e6f5fb;e6f5fb;e6f5fb;e3f2f8;e3eff6;e3eff6;e4f0f7;e5f1f8;e6f2f9;e8f4fb;e8f4fb;e7f1f8;e1ebf4;dde7f0;dbe5ec;d7e1ea;dce6ed;dfe9f0;e2eef5;e6f2f9;e6f2f9;e5f1f8;e3f2f8;e2f1f7;e5f4fa;e6f5fb;e4f3f9;e3f2f8;e1eff8;dfedf6;e1f1fa;deeef7;deeef7;e1f1fa;deeef7;e0f0f9;e1f1fa;e0f0f9;e0f0f9;dcecf5;dfeff8;daeaf3;deeef8;d9e9f3;dfedf7;ddedf6;deeef8;dfeff9;daeaf4;ddedf7;d8e8f2;d9e9f3;d7e7f1;dcecf6;ddedf7;daeaf4;d9e9f3;d9e9f3;d4e4ee;dbe8f5;e0e5f0;9fa2a9;746d71;776f70;716a68;595650
d2e0e9;d5e3ec;d3e1eb;dbe9f3;dae8f1;ddebf4;dfedf6;dbe9f2;d2e0e9;d2e0e9;dde9f2;d7e3ec;d8e4ed;d9e5ee;d9e5ee;d9e5ee;dae6ef;dae6ed;d8e4eb;dae6ed;d8e4ed;d8e4ed;d5e1ea;d8e4ed;dae4eb;d8e2e9;dde7ee;d7e1e8;d8e2eb;d6e0e9;d7e1ea;d7e1e8;d9e3ea;d9e3ec;d8e2eb;d3dfe8;d9e5ec;d6e2e9;d5e1ea;d6e2e9;d8e4eb;dae4ed;dce6ef;d6e0e9;d8e4ed;dae6ef;d8e4ed;dee8f1;d6e0e9;d7e1ea;d9e3ec;dae4ed;dbe5ec;dae4eb;e2ecf3;e0eaf3;dce6ef;d9e5ee;dce8f1;dce8f1;dce8f1;deeaf3;e1edf4;dde9f0;dae6ef;deeaf3;dceaf3;d9e7f0;ddebf4;dae8f1;dbe9f2;dbe9f2;dbe7f0;dbe7f0;dbe7f0;dfebf4;dde9f2;e0ecf5;dce8f1;dce8f1;dce8f1;dbe7ee;e0ecf5;dde9f0;dbe7ee;d8e6ef;d8e6ef;d6e4ed;d9e7f0;dae8f1;dbeaf0;dae8f1;d9e7f0;d9e7f0;dbe7f0;dbe7f0;dbe7f0;dce8ef;dfebf2;dae9ef;ddecf1;deebf0;dde9f0;dae7ec;dde9f0;dde9f0;dfebf2;dde9f0;dbe7ee;deeaf1;dde9f0;d9e8ee;ddecf2;ddecf2;e0ecf3;deeaf1;deeaf1;d9e5ee;dae6ef;dde9f2;deeaf3;dfebf4;deedf3;ddecf2;deedf3;dfeef4;deeaf1;d8e4eb;d9e5ec;d8e4eb;dae6ed;dae7ec;dbe7ee;e0ecf3;e1edf4;dfebf2;dce8ef;d9e5ec;dde9f0;deeaf1;dfebf4;e0eef7;e0eef7;e2f0f9;e1eff8;dfedf6;deedf3;e1f0f6;e2eef5;dfebf2;dfeef4;dfeef4;dfeef4;e1edf4;e1edf4;e0ecf3;dce8ef;deeaf1;deeaf1;e0ecf3;d9e8ee;e0eff5;e1f0f6;e2f1f7;e1edf4;dfebf2;deeaf1;dae6ed;dde9f0;e6f2f9;e2eef5;e0ecf3;e0ecf3;e0eaf1;dae6ed;dce8f1;e1edf4;e1edf4;dde9f0;e1edf4;e3eff6;e3eff6;dfebf2;e1edf4;e1edf4;e3eff6;e4f0f7;e4f0f7;e2eef5;dde9f0;dfe9f0;dce6ed;dee8ef;e0eaf1;dfebf2;e3eff6;deeaf1;dfebf2;dfebf2;e0ecf3;e0ecf3;e3eff6;e2eef5;e4f0f7;e3eff6;e0ecf3;e5f1f8;e6f2f9;e1edf4;e3eff6;e4f0f7;e2eef7;e1edf4;e0ecf5;e4eef5;e3edf4;e2ecf3;e1ebf2;e1ebf2;e0eaf1;e5eff6;e2eef5;e0ecf3;e1edf4;e3eff6;e2eef5;e5f1f8;e5f1f8;e4f0f7;e1edf4;e4f0f7;e3eff6;e3edf4;e8f4fb;e6f2f9;e4f0f7;e0ecf3;e1edf4;e5f1fa;e8f4fd;e6f2fb;e7f3fc;e3eff8;e5f1fa;e0ecf5;e1edf6;e0eef7;e3eff6;e4f0f7;e1edf4;e3eff6;e2eef7;e2eef7;dde9f0;dde9f0;d8e4ed;dde9f2;e0ecf5;e0ecf3;dfebf2;e1edf4;deeaf1;dce8ef;dbe7ee;e2eef5;e0eef7;deecf5;deecf5;e4f3f9;e4f3f9;e2f1f7;e5f4fa;e3f2f8;e3f2f8;e4f3f9;e7f3fa;e4f0f7;e3eff6;e4f0f7;e7f3fa;e7f3fa;e9f5fc;e7f3fa;e5eff6;e1ebf2;dce6ed;d9e3ea;d9e3ea;d8e2e9;dfebf2;e3eff6;e7f3fa;e8f4fb;e2f1f7;e3f2f8;e3f2f8;e8f7fd;e6f5fb;e5f3fc;e2f0f9;e2f0f9;e3f1fa;dcecf5;e0f0f9;e2f0f9;e2f0f9;e1eff8;e3f1fa;e0f0f9;deeef7;e0f0f9;deeef7;e1f1fa;d9e9f3;ddedf7;e0f0f9;e0f0f9;e2f2fb;dfeff9;ddedf7;d9e9f3;dcecf6;d9e9f3;daeaf4;dbebf5;d8e7f4;dae9f6;d5e5ef;d2e2ec;d7e4f1;dde1eb;999ca2;766f72;7a716f;736a65;5e5953
cfdbe4;d4e0e9;d7e5ef;dae8f2;dae8f2;dceaf3;ddebf4;dbe9f2;d3e1ea;d8e4ed;d6e2eb;d5e1ea;d6e2eb;dae6ef;d9e5ee;dde7ee;d8e2e9;dbe7ee;d8e2e9;d9e5ec;dbe7f0;d6e2eb;d2dee7;dce8f1;d5dfe6;e7f1f8;e6f0f9;d7e1e8;d8e2eb;d9e3ec;d8e2eb;dae4eb;d7e1e8;d9e3ea;d8e2eb;d3dfe6;d6e2e9;d6e2eb;dae6ed;d7e3ea;d9e5ee;d9e3ec;dde7f0;d9e3ec;d9e5ee;dbe7f0;dbe7f0;d4e0e9;dae4ed;d8e2eb;dae4eb;dee8ef;e0eaf1;dee8ef;dce6ed;dde7f0;dce8f1;d7e3ec;dbe7f0;d7e3ec;d7e3ec;deeaf3;dae6ed;dae6ed;deeaf1;dbe7f0;dceaf3;d9e7f0;d9e7f0;dae8f1;d8e6ef;deeaf3;e2eef7;dfebf4;deeaf3;deeaf3;dfebf4;deeaf3;dce8f1;e0ecf5;dce8ef;dce8ef;dde9f0;e0ecf3;e0ecf3;d9e8ee;d7e6ec;d7e3ea;d9e5ec;d7e3ea;dde9f0;dcebf1;d6e5eb;dbe7ee;dfebf2;dae6ed;dce8ef;deeaf1;dce8ef;dcebf1;e0ecf3;e1edf4;deeaf1;d9e5ec;dde7ee;e0eaf1;e0ecf3;dce8ef;deeaf1;dce8ef;e0ecf3;e0eef7;deedf3;deedf3;dfebf2;deeaf1;dce8ef;dae6ef;dbe7f0;d7e3ec;dde9f2;e1edf6;dfebf2;dfeef4;e2f1f7;deedf3;e1edf4;deeaf1;dde9f0;dfebf2;dfecf1;d8e5ea;dae6ed;dbe7ee;d9e5ec;dfebf2;dfebf2;dfebf2;dce8ef;e1edf4;dce8f1;e1edf4;dfebf2;e1f0f6;e0eff5;dcebf1;deedf3;deedf3;e2eef5;dce8ef;dfebf2;e2eef5;deeaf1;e1edf4;e0ecf3;dce8ef;e0ecf3;deeaf1;e2eef5;e5f1f8;e3eff6;e2f1f7;e1f0f6;e2f1f7;dfeef4;deeaf1;d8e4eb;dfebf4;dde9f2;deeaf1;e0ecf3;e2eef5;e0ecf3;dde9f0;dae6ef;d8e4ed;dce8f1;dce8ef;deeaf1;e2eef5;dfebf2;dfebf2;e2eef5;e0ecf3;e3eff6;e3eff6;e3eff6;e2eef5;e2eef5;e3eff6;e4eef5;e3edf4;e1ebf2;e1ebf2;e0ecf3;e0ecf3;e0ecf3;e0ecf3;e1edf4;e0ecf3;e2eef5;e3eff6;e2eef5;e2eef5;e0ecf3;e3eff6;e1edf4;e3eff6;e2eef5;e2eef5;e2eef5;deeaf3;e1edf6;e6f2fb;e9f3fc;e8f2fb;e2ecf3;e2ecf3;e1ebf2;e0eaf1;dde9f0;e0ecf3;e2eef5;dfebf2;e5f1f8;e4f0f7;e6f2f9;e5f1f8;e4f0f7;e2eef5;e4f0f7;e5f1f8;e1edf4;e3eff6;e2eef5;e2eef5;e1edf4;e3eff6;e3eff8;dce8f1;deeaf3;e1edf6;e3eff8;e5f1fa;e4f0f9;e2eef7;deeaf3;dae6ef;e2eef7;e3eff8;dde9f0;e3eff6;e4f0f7;e3eff6;e1edf4;deeaf1;d9e5ec;dde9f0;e1edf4;e8f4fb;e8f2f9;e1ebf2;dee8ef;deeaf1;dde9f0;dce8f1;ddebf4;dfedf6;e1eff8;e3f2f8;e3f2f8;e4f3f9;e2f1f7;e8f7fd;e7f6fc;e9f5fc;e6f2f9;e6f2f9;e5f1f8;e3eff6;e4f0f7;e9f5fc;e7f3fa;e5f1f8;e9f3fa;e9f3fc;dce6ed;dae4eb;dae4eb;dbe7ee;dde9f0;e2eef5;e8f4fb;e5f4fa;e3f2f8;e5f4fa;e3f2f8;e5f3fc;e4f2fb;e6f4fd;e1eff8;dbebf4;ddedf7;e0f0fa;e2f2fb;e0eef7;dfedf6;e1eff8;e0f0f9;e1f1fa;deeef7;daeaf3;ddedf6;deeef8;e2f2fb;e1f1fa;e1f1fa;ddedf6;ddedf6;dbebf5;deeef8;d9e9f3;d8e8f2;d9e9f3;dcecf6;deedfa;dbeaf7;d4e3f0;d4e3f0;d9e4f1;dce1eb;95969c;797275;786f6a;726964;5f5a54
d6e2eb;d7e3ed;d8e6f0;d9e5ef;dae8f2;d8e6f0;dae8f2;d9e5ef;d8e4ed;d8e4ed;d7e3ec;dae6ef;d8e4ed;d9e5ee;d5e1ea;d8e2eb;dae4ed;d9e5ee;dae6ef;d3dfe8;d7e3ec;d8e4ed;d7e3ea;d9e3ea;d6e0e7;d3dde6;d6e2eb;d7e3ec;d7e3ec;d8e4ed;d7e3ec;d8e2e9;d9e3ea;dae4ed;d9e3ec;d7e3ec;d7e3ec;dbe7f0;d9e5ee;d5e1ea;d7e3ec;dae4ed;dbe5ee;dbe5ee;dbe7f0;dae6f0;d8e4ed;dbe7f0;dbe7f0;dee8f1;dce6ed;dfe9f0;e0eaf1;dfe9f0;dee8ef;dde9f2;d7e3ec;dde9f2;dde9f2;d7e3ec;d9e5ee;dce8f1;dce8f1;dce8f1;deeaf1;e0ecf5;dde9f2;d8e6ef;d9e7f0;d9e7f0;dfebf4;e1edf4;e2eef5;e0eaf1;e1ebf2;e3edf4;e2ecf5;e1ebf2;e0ecf3;dfebf2;deeaf1;dce8ef;dbe7ee;dde9f0;dfebf2;deeaf1;dfebf2;dfebf2;deeaf1;dce8ef;d9e5ee;deeaf3;dbe7ee;e0ecf3;dde9f0;deeaf1;deeaf1;dde9f0;d9e5ec;dce8ef;d8e4eb;deeaf1;dee8ef;e2ecf3;dde7ee;dbe5ec;d9e3ea;dbe7ee;dfebf2;dfebf2;dcebf1;e0eff5;dbeaf0;ddecf2;dbeaf0;d7e3ea;d9e5ec;e0eaf1;e3edf4;dfe9f0;dbe5ec;d9e5ec;dde9f0;dfebf2;e1edf4;e1edf4;deeaf1;e3eff6;dde9f0;dfebf2;dbe7ee;dfecf1;dce8ef;dbe7ee;dbe7ee;dde9f0;e0ecf3;e2eef5;dfebf2;dae6ed;deeaf1;e1ebf2;dfebf2;e0ecf3;ddecf2;ddecf2;deedf3;e3f2f8;e3eff6;e2eef5;dfebf2;deeaf1;deeaf1;e3eff6;e1edf4;e1edf4;e2eef5;e2ecf3;dfebf2;e0ecf3;dfebf2;dfeef4;e1f0f6;e1f0f6;e0eff5;e1f0f6;e4f0f7;e0ecf3;deeaf1;e1edf4;e1edf4;dfebf2;e2eef5;e2eef5;deeaf3;dee8f1;dce6ef;dce6ed;dfe9f0;e1ebf2;e7f1f8;e4eef5;e2eef5;dfebf2;e2eef5;e3eff6;e2eef5;e4f0f7;e5f1f8;e3eff6;e4eef5;dfe9f0;dfe9f0;e1ebf2;dde7ee;e0eaf1;e1edf4;e0ecf3;e2eef5;e0ecf3;e1edf4;e4f0f7;e3eff6;ddecf2;e0eff5;e2f1f7;e4f0f7;e1edf4;e2eef5;e3eff6;deeaf1;e3eff8;e2eef7;e0ecf5;e2eef7;e5f1fa;dfebf2;e4eef5;e3eff6;e0ecf3;deeaf1;deeaf1;e0ecf3;e0ecf3;e1edf4;e4f0f7;e4f0f7;e3eff8;e3eff8;e7f1f8;e3eff6;e2eef5;e1edf4;e2eef5;e0ecf3;e3eff6;dfebf2;e2eef7;e3eff8;deeaf3;e5eff8;e1ebf4;dee8f1;e0eaf3;e0eaf3;e0ecf5;e1ebf4;e0eaf3;e2ecf5;e0ecf5;e3eff8;e5f1f8;e6f2f9;e4f0f7;e2eef5;e3eff6;e2eef5;dce8ef;dee8ef;e2eef5;e4eef5;e6f0f7;dfebf2;dbe7f0;dee8f1;e0ecf5;dce8f1;dce8f1;dfebf4;e4f0f9;e6f2fb;e4f0f7;e3f2f8;e4f3f9;e7f6fc;e3f2f8;e4f0f7;e6f2f9;e8f4fb;e5f1f8;e5f1f8;e4f0f7;e7f3fa;e5f4fa;e6f2f9;e7f3fc;e5f1fa;dde9f0;dbe7f0;dbe7f0;d8e4ed;d9e5ee;dde9f2;e0eef7;e1f0f6;e3f2f8;e6f4fd;e4f2fb;e4f2fb;e5f3fc;e2f2fb;e2f2fb;dcecf5;e2f2fb;e0f0f9;e0f0f9;dfeff9;e0f0f9;e1eff8;dfeff8;dfeff8;dfeff8;e0f0f9;dfeff8;e0f0f9;e1f1fa;e0f0f9;deeef7;ddedf7;dfeff9;dfeff9;d8e8f2;d9e9f3;dae9f6;d7e6f3;dae9f6;dae9f6;d8e7f4;d7e7f1;d5e3ed;dfe4ee;96979d;796f70;7c716e;746964;65605a
d8e4ed;dae6f0;dde9f2;d8e4ee;dbe7f1;d6e4ee;ddebf5;dbe7f1;d7e3ec;d7e3ec;d7e3ec;dae6ef;d7e3ec;dbe7f0;dce8f1;dde7f0;dce6ef;d9e5ee;d7e3ec;d9e5ee;d6e2eb;d9e5ec;d9e3ea;d7e1e8;d3dde6;d1dbe4;d6e0e9;d5e1ea;d9e5ee;d6e2eb;d5e1ea;dbe5ec;d9e3ea;d8e2e9;dce6ef;dbe5ee;d7e3ec;d8e4ed;dae4ed;d9e3ec;d9e3ec;d9e3ec;dde7f0;dce6ef;d9e5ee;d6e2ec;d6e2eb;dae6ef;d9e5ee;d9e5ee;d9e3ea;dfe9f0;dbe5ec;dde7ee;e1ebf2;e2ecf3;dbe7ee;dbe7f0;d8e4ed;dbe7f0;dfebf4;dce8f1;e0ecf3;dfebf2;e0ecf3;e1edf4;dde9f2;deeaf3;dde9f2;dce8f1;deeaf3;dde9f0;e3edf4;e2ecf3;e2ecf3;e4eef5;dee8ef;dfe9f0;dce8ef;dce8ef;deeaf1;dde9f0;dae6ed;dde9f0;dae6ed;deeaf1;e1edf4;e2ecf3;dfe9f0;dde9f0;dce8f1;dbe7f0;dae6ed;dfebf2;dfebf2;dbe7ee;deeaf1;dae6ed;dde9f0;deeaf1;e2ecf3;dee8ef;dde7ee;e1ebf2;e0eaf1;dee8ef;dee8ef;dce6ed;dbe7ee;deeaf1;e0ecf3;e0eff5;dcebf1;dae9ef;dce8ef;e0ecf3;dce6ed;e2ecf3;e1ebf2;e1ebf2;dce8ef;dfebf2;dde9f0;deeaf1;e0ecf3;e2eef5;e2eef5;e2eef5;deeaf1;e0ecf3;dfebf2;dfebf2;dfebf2;deeaf1;dce8ef;dde9f0;d9e5ec;e0ecf3;dbe7ee;e0eaf1;e0eaf1;e2ecf3;e3edf4;dfebf2;deedf3;ddecf2;dcebf1;dfeef4;e1edf4;e0ecf3;deeaf1;e1edf4;e0ecf3;dfebf2;e0ecf3;e2ecf3;e4eef5;e1edf4;e3eff6;e1edf4;dfebf2;e0eff5;e1f0f6;dfeef4;e0eff5;e0eff5;e2eef5;e2eef5;e1edf4;e1edf4;e1edf4;e2eef5;e2eef5;e2eef5;e3eff8;dee8f1;dce6ed;dbe5ee;dce6ed;e1ebf2;e0eaf1;e4eef5;e4f0f7;e3eff6;e2eef5;e3eff6;e4f0f7;e4f0f7;e4f0f7;e2eef5;e5f1f8;e2eef5;e3edf4;e0eaf1;e2ecf3;e1ebf2;e2ecf3;e1edf4;e2eef5;e0ecf3;e3eff6;e3eff6;e1edf4;e2eef5;e1f0f6;deedf3;e4f0f7;e1edf4;e1edf4;e1edf4;e2eef5;e4f0f9;deeaf3;dfebf4;e0ecf5;e6f0f9;e2ecf3;e1ebf2;e3eff6;dfebf2;e3eff6;e1edf4;deeaf1;e0ecf3;e0ecf3;e2ecf3;e0ecf3;e3eff8;e4f0f9;e6f0f9;e3eff6;e2eef5;e4f0f7;e2eef5;e3eff8;e1edf6;e2eef7;deeaf3;dfebf4;e1edf6;e6f0f9;e2eef7;e2eef7;dae6ef;e5eff8;e4f0f9;e5eff8;e4eef7;e4eef7;e1edf6;dfebf4;e2eef5;e5f1f8;e3eff6;e0ecf3;dfe9f0;deeaf1;e0eaf1;dee8ef;d9e5ec;e2eef5;e8f2f9;e4f0f7;dfebf4;e2ecf5;e0eaf3;e2eef7;dce8f1;e1ebf4;e3eff8;e3eff8;e2eef5;e5f1f8;e5f4fa;e5f4fa;e2f1f7;e4f3f9;e3f2f8;e3eff6;e9f5fc;e6f2f9;e6f2f9;e4f3f9;e4f3f9;e3f2f8;e3f1fa;e3f1fa;e4f0f9;e2eef7;dde9f2;d7e3ec;d4e0e9;dae6ef;deeaf1;deedf3;e1f0f6;e4f2fb;e0f0f9;e2f2fb;e2f2fb;e2f2fb;e0f0f9;dcecf5;e0f0f9;dfeff8;dcecf5;deeef8;ddedf6;e1eff8;e2f2fb;e2f2fb;e0f0f9;dfeff8;e0f0f9;e0f0f9;e0f0f9;e0f0f9;e0f0f9;e2f2fc;dfeff9;dcecf6;d8e8f2;ddedf7;ddeefa;daebf7;dbebf5;d8e8f2;d8e8f2;daeaf4;d7e5ef;dce1eb;919298;787174;7b6f6e;756a65;66615b
d3dfe8;dae6ef;dde9f2;dae6ef;d9e5ee;d7e3ec;deeaf3;dae6ef;d7e3ec;d4e0e9;deeaf3;dae6ef;d8e4ed;dce8f1;dbe7f0;d8e4ed;d7e3ec;dce8f1;d8e4ed;d7e3ec;dbe5ee;d8e2e9;d9e3ea;d6e0e7;d2dce5;d8e2eb;dae4ed;dae4ed;d7e3ec;d4e0e9;dae6ef;d9e3ec;dbe5ee;dae4ed;dae4ed;dde7f0;d9e3ea;d8e4ed;dbe5ee;dfe9f2;dde7f0;d6e0e9;d7e1ea;d8e4ed;d9e5ee;d8e4ed;dbe5ee;dae4ed;dce6ef;e0eaf1;dee8ef;dde7ee;dbe5ec;dfe9f0;dce6ed;dde7ee;dfebf2;dce8f1;d6e2eb;d7e3ec;deeaf3;dbe7f0;e0ecf3;e2eef5;dfebf2;dce8ef;dae6ed;d9e5ee;dbe7f0;dde9f2;dae6ef;dde9f0;e0eaf1;e5eff6;e0eaf1;e4eef5;e2ecf3;e0eaf1;e0eaf1;e0ecf3;dfebf2;e3eff6;dce8ef;dfe9f0;e1ebf2;dfe9f0;e3edf4;e1ebf2;dfe9f0;dde9f2;deeaf1;dae6ed;dfebf2;e1edf4;e1ebf2;e1ebf2;dee8ef;e0eaf1;e1ebf2;dee8ef;e0eaf1;dae4eb;dce6ed;e0eaf1;dde7ee;dee8ef;e0eaf1;e1ebf2;dee9ee;e1ecf1;e0edf2;e2eef5;deeaf1;dfebf2;e1edf4;e1ebf2;e1ebf2;e5eff6;e1ebf2;e2ecf3;dfe9f0;dfe9f0;dee8ef;e0eaf1;dce8ef;dde9f0;dde9f0;e4f0f7;deeaf1;dfebf2;e2eef5;deeaf1;e2eef5;dfecf1;dde9f0;dde9f0;dae6ed;dce8ef;deeaf1;dfe9f0;e0ecf3;dfebf2;dbe7ee;e0ecf3;deeaf1;e1edf4;e2eef5;dce8ef;e2eef5;e3eff6;e2eef5;e3eff6;e7f1f8;e5eff6;e3edf4;e3edf4;e3edf4;e3eff6;e3eff6;e3eff6;e3eff6;e0ecf3;e2eef5;e3eff6;e0ecf3;e1edf4;e4f0f7;e4f0f7;e4f0f7;e3eff6;e1ebf2;e1edf4;e0ecf3;e0ecf3;e2eef5;e1edf4;e2ecf3;e0eaf3;e0eaf1;dee8ef;e1ebf2;e3edf4;e3edf4;e0ecf3;e4f0f7;e1edf4;e2eef5;e0ecf3;e5f1f8;e0ecf3;e4f0f7;e3eff6;e4eef5;e3eef3;e1ecf1;e0eaf1;e3edf4;e2ecf3;e3edf4;e3edf4;e1edf4;e0ecf3;e1edf4;e3eff6;e4f0f7;e3eff6;e1edf4;e0ecf3;e2eef5;e3eff6;e4f0f7;e1edf4;e1edf4;e2eef5;e5eff8;e4eef5;dfe9f0;dfe9f0;e3edf4;e1ebf2;e1edf4;e2eef5;e1edf4;e0eaf1;e1ebf2;e2ecf3;e5eff6;e3edf4;e2ecf3;e4eef5;e6f0f7;e4f0f7;e5f1f8;e4f0f7;e3eff6;e3eff8;dfebf4;e1edf4;e3eff8;e2eef5;dfebf2;e2eef5;e2eef5;e4f0f7;e3eff6;e3eff6;e8f2f9;e5eff8;e5eff8;e0eaf3;e0ecf3;dfebf2;e3eff6;e3eff6;e4f0f7;e3eff6;e3edf4;e0eaf1;e0eaf1;dfebf4;dae6ed;e1edf4;e6f2f9;e6f2f9;e3edf4;e5eff6;e2ecf3;dce6ed;e0eaf3;dfebf4;e1edf4;e2eef5;e4f0f7;e5f1f8;e4f3f9;e5f4fa;e7f6fc;e4f3f9;e7f6fc;e6f5fb;e5f4fa;e3f2f8;e4f3f9;e7f6fc;e5f4fa;e7f6fc;e6f4fd;e0eef7;e3f1fa;e1edf6;e2eef7;d8e4eb;d7e1e8;d8e4eb;d3dfe6;dfebf2;e2f0f9;e4f2fb;e2f2fb;dfeff8;e1f1fa;e6f6ff;e3f3fc;e0f0f9;e1f1fb;e2f2fc;dfeff9;e0f0f9;dfeff8;e2f2fb;e0f0f9;deeef7;deeef7;e1f1fa;e2f0f9;e0f0f9;dfeff8;dfeff8;deeef7;e0f0f9;e0f0fa;d9e9f3;dcecf6;deeef8;daebf7;dcedf7;ddeef8;dcedf7;daeaf4;d9e6f3;dae2eb;92959b;837b7e;786f6c;736863;68625c
d3dde6;d9e3ec;dde9f2;deeaf3;dbe7f0;dbe7f0;dbe7f0;dbe7f0;dce8f1;dce8f1;dce8f1;dbe7ee;dae6ed;d9e5ee;dae6ef;dae6ef;d8e4ed;dce8f1;dbe7f0;d8e4eb;dce6ed;dae4eb;d9e3ea;dbe3ea;dce4eb;dae2e9;dbe3ea;d9e3ec;d9e3ec;d6e2eb;dae6ef;dae4ed;dbe5ec;dbe5ec;dae4eb;dce6ed;dae4eb;d9e5ec;dae4ed;dae4ed;dbe5ee;d9e3ec;dde7f0;d8e2eb;dee8f1;dae4ed;dee8f1;dde7f0;dee8ef;e0eaf1;dbe5ec;dee8ef;dae4eb;dee8ef;e1ebf2;e1ebf2;dde7ee;dae6ef;dfebf4;d7e3ec;d6e2eb;dbe7f0;e1ebf2;dfe9f0;e0eaf1;e2ecf3;dce6ed;dde9f2;deeaf3;e1edf6;dde9f2;e0ecf3;dce8ef;e2ecf3;e2ecf3;e6f0f7;e1ebf2;e2ecf3;e4eef5;e3edf6;dbe7ee;deeaf3;dce8ef;e0eaf1;e1ebf2;e3edf4;e1ebf2;e0eaf3;e0eaf3;deeaf3;dfebf2;e1edf4;deeaf1;e3edf4;e0ebf0;dee8ef;dfe9f0;dde7ee;e3edf4;e3edf4;e0eaf1;e4eef5;e1ebf2;dde7ee;dce6ed;dfe9f0;dbe5ec;dee8ef;dde8ed;e0ebf0;e1ecf1;deeaf1;e3edf4;e0eaf1;e1ebf2;e2ecf3;e4eef5;e0eaf1;e2ecf3;e3edf4;e3edf4;e1ebf2;e0eaf1;e0eaf1;dde7ee;e0ecf3;e1edf4;e1edf4;e4f0f7;e2eef5;e3eff6;e0ecf3;dfecf1;dfecf1;e0ecf3;deeaf1;deeaf1;dae6ed;dbe7ee;dce8ef;e1edf4;dfebf2;dde9f0;deeaf1;e0ecf3;e2eef5;e3eff6;e1edf4;e4f0f9;e0ecf3;e0ecf3;e2eef5;e3eff6;e4eef5;e4eef5;e1edf4;deeaf1;e2eef5;deeaf1;e3eff6;e0ecf3;e2eef5;e3eff6;e3eff6;e2eef5;e2eef5;dfebf2;e0ecf3;e5f1f8;e0ecf3;e4eef5;e1edf4;e3eff6;e0ecf3;e4f0f7;e2eef5;e0eaf1;e0eaf1;e0eaf1;e1ebf2;dee8ef;e4eef5;e6f0f7;e4f0f7;e1eef3;e4f0f7;e3eff6;e3eff6;e5f1f8;e1edf4;e2eef5;e4f0f7;e3edf4;e6f0f7;e2edf2;e1ebf2;e3edf4;e1ebf2;e3edf4;e2ecf3;dde9f0;e1ebf2;e7f1f8;e6f0f7;e5eff6;e4eef5;e4eef5;e5eff6;e3edf4;e4eef5;e7f1f8;e5eff6;e4f0f7;e4eef5;e3edf6;e4eef5;e4eef5;e3edf4;e4eef5;e7f1f8;e4f0f7;e3eff6;e2ecf3;e4eef5;e4eef5;e1ebf2;e4eef5;e4eef5;e5eff6;e6f0f7;e6f0f7;e6f0f7;e3eff6;e4f0f7;e4f0f7;e6f2fb;e1edf6;e4f0f9;e1eff8;e1edf6;e2eef5;e2eef5;e3eff6;e4f0f7;e0ecf3;e5f1f8;e5f1f8;e5f1f8;e5eff6;e6f0f7;e5f1f8;deeaf1;e0ecf3;e3eff6;e5f1f8;e6f2f9;e7f3fa;e5eff6;dfe9f0;e2ecf3;dfebf2;dbe7ee;e1edf4;e6f2f9;e4f0f7;e4eef5;e2ecf3;e2eef5;deeaf1;dae6ed;dae6ed;e0ecf3;e1edf4;e2eef5;e4f3f9;e5f4fa;e5f4fa;e7f6fc;e4f3f9;e6f5fb;e4f3f9;e7f6fc;e6f5fb;e5f4fa;e5f4fa;e7f6fc;e4f2fb;deecf5;e2f0f9;e1eff8;e6f2fb;e4f0f9;dce8f1;dce8f1;dae6ed;d8e4ed;dae8f1;e0eef7;e2f0f9;e2f2fb;e5f5fe;e2f2fb;e2f2fb;e3f3fc;e3f1fb;e4f2fc;e0f0fa;dfedf6;e1eff8;dfeff8;dfeff8;ddedf6;ddedf6;e1f1fb;e3f1fa;e2f2fc;e1f1fa;e0f0f9;e2f2fb;dfeff8;e0f0f9;e0f0fa;dcecf6;d9e8f5;dbeaf7;d9eaf6;daebf5;dcedf9;dbebf5;dce9f6;dee6ef;8e9197;7f7879;807774;736863;67615a
d4dee7;e1ebf4;dfe9f2;dee8f1;d8e2eb;dce6ef;deeaf3;e2ecf5;d8e4ed;deeaf3;dde9f0;dce8ef;d9e5ec;dbe7ee;d9e5ec;dbe7ee;dae6ed;dee8ef;dce6ed;d8e2e9;dce6ed;d6e0e7;dae4eb;dee6ed;dbe3ea;dce4eb;dae2e9;dbe5ec;d8e2e9;dde7f0;dae6ef;d7e1ea;dae4eb;d8e2e9;d7e1e8;dce6ed;d9e3ea;d5e1e8;d9e5ee;dae6ef;d7e3ec;d4e0e9;dae4ed;dce6ed;dee8ef;dce6ed;dee8ef;dce6ed;dfe9f0;dde7ee;dde7ee;dfe9f0;e1ebf2;dee8ef;dee8ef;dee8ef;e0eaf1;e0eaf3;dde7f0;dde9f2;e0ecf3;dde9f0;dfe9f0;e5eff6;eaf4fb;dfe9f2;dde7f0;e1ebf4;e2ecf5;e0eaf1;deeaf1;dfebf2;e1edf4;e2eef5;e1ebf2;e3edf4;e2ecf3;e3edf4;e1ebf2;e4eef5;dfe9f0;e0eaf3;e0eaf1;e2ecf3;dee8ef;dde7ee;e0eaf1;e0eaf3;deeaf3;dfebf4;dae6ed;d9e5ec;dee8ef;dde8ed;e1ecf1;e1ecf1;dee9ee;e1ecf1;e2edf2;e1ecf1;e4eff4;e2ecf3;e2ecf3;dfe9f0;dde7ee;e0eaf1;e4eff4;dce7ec;e0ebf0;e2edf2;e0ebf0;e1ecf1;e1ecf1;dce7ec;e0eaf1;e2ecf3;e3edf4;dee8ef;e3edf4;e2ecf3;dfe9f0;dfe9f0;e3edf4;dde7ee;e0eaf1;dee8ef;e0eaf1;e0ecf3;e1edf4;e5f1f8;e6f2f9;e4f0f7;e2eff4;deebf0;dfecf1;e2eff4;e1edf4;e1edf4;dfebf2;dde9f0;dfebf2;dfebf2;e0ecf3;e0ecf3;e2eef5;e3edf4;dfebf2;e1edf6;e2eef7;e0ecf5;e0ecf5;e1edf6;e2eef7;e5eff6;e8f2f9;e2eef5;e4f0f7;e2eef5;e4f0f7;e3eff6;e3edf4;e2eef5;dfebf2;e0ecf3;e3eff6;e5f1f8;e2eef5;e2eef5;e5f1f8;e3eff6;e0ecf3;e1edf4;e4f0f7;e3eff6;e2eef5;e3eff6;e0ecf3;e0ecf3;e3edf4;e0eaf1;dde7ee;dfe9f0;dfe9f0;e2ecf3;e3edf4;e4f0f7;e1edf4;e1edf4;e2eef5;e5f1f8;e4f0f7;e3eff6;e2eef5;e4f0f7;e5f0f5;dfeaef;e1ecf1;e2edf2;e1ebf2;e0ecf3;dfebf2;e3eff6;e5eff6;e3edf4;e7f1f8;e6f0f7;e4eef5;e5eff6;e3eff6;e8f2f9;e6f2f9;e5eff6;e3eff6;e6f2f9;e8f2f9;e2ecf3;e5eff6;e5eff6;e3edf4;e3edf4;e0ecf3;e4f0f7;e2eef5;e2eef5;e2eef5;e0eaf1;e2ecf3;e4eef5;e4eef5;e2ecf3;e4eef5;e5f1f8;e3eff6;e2eef5;e6f2f9;e8f4fb;e7f3fa;e2eef5;e3eff6;e1edf4;e1edf4;e5f1f8;e6f2f9;e2eef5;e3eff6;e3eff6;e6f2f9;e4f0f7;e3eff6;e6f0f7;e5eff6;e2eef5;e0ecf3;e3eff6;e3eff6;e8f4fb;e8f4fb;e7f3fa;e6f0f7;e3edf4;e1ebf2;dfe9f0;dfebf2;e0ecf3;e3eff6;e2eef5;e2eef5;e3eff6;e0ecf3;dfebf2;dde9f0;dde9f0;dae6ed;deeaf1;e1edf4;e0eff5;e2f1f7;e6f5fb;e6f5fb;e5f4fa;e6f5fb;e2f1f7;e4f3f9;e4f3f9;e5f4fa;e4f3f9;e3f2f8;e0eff5;e5f3fc;e2f0f9;e2f0f9;e2f0f9;e6f2fb;e0ecf5;d9e5ee;d8e4ed;d7e3ec;d5e3ec;d9e7f0;e0eef7;e0f0f9;dfeff8;e4f4fd;e6f4fd;e2f0f9;e1eff8;e0eef7;e1eff8;e4f2fb;dcecf5;deeef7;e1eff8;e1f1fa;e4f2fc;e3f1fb;ddedf7;deeef7;dfeff8;e0f0f9;e1f1fa;e3f3fc;e0f0fa;dbebf5;d8e7f4;daebf7;dbecf6;dcedf7;deeff9;ddedf7;ddebf5;e2e6f0;88898f;817a7b;7f7673;776c67;69635c
dfe9f2;dee8f1;e1ebf4;dde7f0;dde7f0;e0eaf3;dfe9f2;dfe9f2;dae6ef;dae6ef;dde7f0;dbe5ee;d9e5ee;d7e3ec;d9e5ee;d9e5ee;dce6ef;dde7f0;d9e3ec;dbe5ec;dae4eb;dae4eb;dfe7ee;e0e8ef;dce6ed;dce6ed;d9e3ea;dae4eb;dde7ee;dde7ee;d8e2e9;dce4eb;dee6ed;dae2e9;dae4eb;dbe5ec;dae4eb;dae4ed;d9e3ec;dbe5ec;dce6ed;dce6ed;dce6ed;dde7ee;dee8ef;dde7ee;dae4eb;e0eaf1;e0eaf1;dde7ee;e0eaf1;dae4eb;dae4eb;dee8ef;e1ebf2;e3ebf2;e2eaf1;e1e9f0;dfe7ee;dfe9f0;e0eaf1;e3edf4;e3edf4;e2eaf1;e0eaf1;e3ebf2;dde7f0;e2ecf3;e0eaf1;dce6ed;e0ecf3;dfebf2;e4eef5;e4eef5;e4eef5;e6f0f7;e6eef5;e6eef5;e2eaf1;e1e9f0;dfe9f0;e2ecf3;e1ebf2;e6eef5;e3ebf2;dfe9f0;dfe9f0;e0ecf3;deeaf1;dfebf2;e0ecf3;dce8ef;dfe9f0;dfe9f0;e2ecf3;e0edf2;deebf0;e3f0f5;e2eff4;e3f0f5;dde9f0;dde7ee;dee8ef;dde7ee;e2ecf3;e0ebf0;e1ecf1;dfeaef;dbe8ed;deebf0;dae7ec;e4eff4;e1ecf1;e0ebf0;e3eef3;e2edf2;e2ecf3;e1ebf2;e0eaf1;e2ecf3;e1ebf2;dee8ef;e2ecf3;e4eef5;e4eef5;dee8ef;e2edf2;e1ecf1;e2edf2;e3eef3;e3eef3;e3f0f5;e0edf2;e2ecf3;dfebf2;e2eef5;dfebf2;deeaf1;dbe7ee;dde9f0;e1edf4;dde9f0;e0eaf1;dce8ef;e1edf4;e4f0f7;e1edf4;e1edf4;e0ecf3;dce8ef;e2eef7;e1edf6;e0ecf5;e5eff8;dfebf2;e1edf4;e0ecf3;e1edf4;e1edf4;e2eef5;e0ecf3;e0ecf3;dfebf2;e0ecf3;e2eef5;e4f0f7;e4f0f7;dfebf2;e2eef5;e4f0f7;e0ecf3;e3edf4;e2ecf3;e3edf4;e2ecf3;e6f0f7;e6f2f9;e4f0f7;e3eff6;e4eef5;dfe9f0;dfe9f0;dfe9f0;dde7ee;dfe9f0;e3edf4;dfe9f0;e6f0f7;e5eff6;deeaf1;e0ecf3;e4f0f7;e6f2f9;e2eef5;e2eef5;e1edf4;dfebf2;e0eaf1;e1ebf2;dfe9f0;deeaf1;e0ecf3;e5eff6;e5eff6;e6f0f7;e6f0f7;e5eff6;e3edf4;eaf4fb;e7f1f8;e2eef5;e4f0f7;e3eff6;e6f2f9;e6f2f9;e6f2f9;e6f0f7;e4eef5;e7f1f8;e7f1f8;e4eef5;e5eff6;e0eaf1;e4eef5;e2ecf3;e6f0f7;e7f1f8;e5eff6;e5eff6;e4eef5;e4f0f7;e4f0f7;e0ecf3;e2eef5;dfebf2;e0ecf3;e3eff6;e7f3fa;e3eff6;e2eef5;e1edf4;e2eef5;e4f0f7;e4f0f7;e5f1f8;e4f0f7;e0ecf5;e0ecf3;e5f1fa;e5f1fa;e7f3fa;e1edf4;e7f3fa;e1edf4;dfebf2;e2f0f9;e6f2f9;e7f3fa;e9f5fc;e5f1f8;e5eff6;e0eaf1;deeaf1;dde9f0;deeaf1;dce8ef;e0ecf3;e5f1f8;e6f2f9;e1f0f6;ddecf2;dde9f0;d9e5ec;dde9f0;deeaf1;e2eef5;e1edf4;e4f0f7;e0eff5;e3f2f8;e6f5fb;e6f2f9;e7f6fc;e6f5fb;e7f6fc;e8f7fd;e6f5fb;e5f4fa;e2f1f7;e1f0f6;e1f0f6;e4f3f9;e4f2fb;e4f0f9;e4f0f9;e5f1fa;dde9f2;d6e4ed;d4e2eb;d5e3ec;ddebf4;e1f1fa;e3f3fc;e5f3fc;e7f5fe;e4f2fb;e3f1fa;e3f1fa;e3f1fa;e2f2fb;dfeff8;e2f0f9;e2f0f9;deeef7;e1f1fb;e1f1fb;e1f1fb;e0f0f9;e3f3fc;e2f2fb;e1f1fb;e0f0fa;dfeff9;ddedf7;dbebf5;e0f0fa;e0f0fa;e1f1fb;daeaf4;ddebf5;dfe4eb;87888e;7f7879;7d7471;766b66;68625c
dee8f1;dce6ef;e0eaf3;dfe9f2;dde7f0;e0eaf3;dbe5ee;e0eaf3;dee8f1;dfe9f2;dce6ef;dee8f1;dbe5ee;dee8f1;dbe5ee;dde7f0;d9e3ec;dde7f0;dce6ef;dee8f1;dde7ee;dbe5ee;dae4ed;d3dde4;dee8ef;dae4eb;dce6ed;dce6ed;dae5ea;d8e2e9;dbe3ea;dbe3ea;dfe7ee;dde5ec;d4dee5;dce6ed;d8e2e9;dbe5ee;dae4ed;dce6ed;dbe5ec;d9e3ea;d5dfe6;d9e3ea;dee8ef;d9e3ea;d9e3ea;e1ebf2;e4eef5;dce6ed;dee8ef;e0eaf1;dce6ed;dbe5ec;dee8ef;e1e9f0;e1e9f0;e2eaf1;dee6ed;e3ebf2;dde7ee;e2ecf3;dde7ee;dde7ee;e0eaf3;e0eaf1;e0eaf3;e1ebf4;e0eaf3;e0eaf1;e1ebf2;e1ebf2;e1ebf2;e1ebf2;e5eff6;e2ecf3;e1ebf2;e4eef5;e6eef5;e6eef5;e3edf4;e2ecf3;e3edf4;e8f1f6;e3ebf2;e2eaf1;e3edf4;deeaf1;e0ecf3;e1edf4;e3eff6;deeaf1;e2ecf3;e2ecf3;dee8ef;dfeaef;deebf0;ddeaef;ddeaef;e1edf4;dde9f0;e1ebf2;dfe9f0;e2edf2;dfe9f0;dce7ec;dde8ed;e1eef3;dbe6eb;e1ecf1;e0ebf0;e0ebf0;dee9ee;e1ecf1;e0ebf0;e0ebf0;e2edf2;e1ebf2;e3edf4;e0eaf1;e0eaf1;dfe9f0;e0eaf1;e2ecf3;e3edf4;e2ecf3;e0ebf0;dfeaef;dfeaef;e4eff4;e3eef3;e3eef3;e4f0f7;e4f0f7;e4f0f7;e3eff6;e5f1f8;e0ecf3;e1edf4;e2eef5;e0ecf3;e1ebf2;e1ebf2;e0eaf1;e3edf4;e2ecf3;e3eff6;e3eff6;dde9f0;dfebf2;e1edf4;dbe7f0;e5eff8;e0ecf5;e0ecf3;e0ecf3;e2eef5;dfebf2;e3eff6;e0ecf3;e1edf4;e0ecf3;e3eff6;e2eef5;e1edf4;e2eef5;e4f0f7;e3eff6;e1edf4;e3eff6;e0ecf3;e2eef5;e4eef5;e1ebf2;e6f0f7;e5eff6;e3eff6;e2eef5;e1edf4;e0eaf1;e1ebf2;dfe9f0;dce6ed;dfe9f0;dfe9f0;e0eaf1;e3edf4;e5eff6;e3edf4;e0ecf3;dfebf2;deeaf1;dbe7ee;e1edf4;e3eff6;e2eef5;e4f0f7;e0ecf3;e2ecf3;e0eaf1;e0ecf3;dde9f0;e5eff6;e4eef5;e1ebf2;e4eef5;e6f0f7;e6f0f7;e3eff6;e3eff6;e6f2f9;e7f3fa;e2eef5;e4f0f7;e3eff6;e7f3fa;e6f0f7;e7f1f8;e6f0f7;e6f0f7;e4eef5;e5eff6;e7f1f8;e5eff6;e5eff6;e2ecf3;e4eef5;e6f0f7;e6f0f7;e6f0f7;e5f1f8;e5f1f8;e4f0f7;e1edf4;e2eef5;e0ecf3;e2eef7;e3eff6;e4f0f7;e6f0f7;e6f0f7;e1edf4;deeaf1;e2eef5;e3eff6;e0eff5;e4f0f9;e1edf6;e4f0f9;e4f0f9;e5f1f8;e5f1f8;e4f0f7;e5f1f8;e3eff6;e3eff8;e2eef7;e5f1fa;e4f0f9;e5f1fa;e6f2f9;e6f2f9;e3eff6;e1edf4;deeaf1;dfebf2;dce8ef;e1edf4;e6f2f9;e1f0f6;e1f0f6;dfeef4;dce8ef;dfebf2;dfebf2;dfebf2;dde9f0;e1edf4;e2eef5;e6f2f9;e4f0f7;ebf7fe;e8f4fb;e6f2f9;e6f2f9;e6f5fb;e8f7fd;e7f6fc;e6f5fb;e4f3f9;e6f5fb;e6f5fb;e5f4fa;e4f2fb;e1eff8;e2f0f9;e1eff8;dceaf4;dceaf3;d5e3ec;d5e3ec;ddebf4;e0f0f9;e5f4fa;e6f5fb;e4f3f9;deedf3;e3f1fa;e1eff8;e0f0f9;e1eff8;e3f1fa;e2f0f9;e1f1fa;e3f3fc;e1f1fa;ddedf7;dfeff9;dfeff9;dfeff9;e0f0fa;e2f2fc;e2f2fc;e1f1fb;deeef8;dff0fa;dff0fa;deeff9;dcecf6;dceaf4;dee3ea;979aa0;7d7677;7d7472;726964;68635d
e3edf4;dfe9f2;dfe9f2;e1ebf4;dde7f0;e1ebf4;e0eaf3;e0eaf3;dde7f0;dee8f1;dce6ef;dfe9f2;dde7f0;dee8f1;dee8f1;e0eaf3;dce6ef;dee8f1;dee8f1;dbe5ee;dce6ed;dbe5ee;d8e2e9;d4e0e7;d8e2e9;dbe5ec;d7e1e8;d9e3ea;dbe5ec;dbe3ea;d6dee5;d9e1e8;d6dee5;dce4eb;dbe3ea;e2eaf1;dce6ed;dae2e9;dfe7ee;dfe7ee;dce4eb;dbe5ec;d9e3ea;dee8ef;e1ebf2;dfe9f0;dbe5ec;e0eaf3;dee8f1;e0eaf3;e1ebf2;dde7ee;e0eaf1;dfe9f0;dee8ef;dce6ed;e2eaf1;e1e9f0;e0e8ef;e3ebf2;e2ecf3;e4eef5;e3edf6;e3edf4;deeaf1;e1ebf2;e0eaf3;e4eef7;e3edf6;e2ecf5;e3edf6;e3edf6;e2ecf3;e3edf4;e2ecf3;e3edf4;e3edf4;e4eef5;e1e9f0;e0e8ef;dde5ec;dee9ee;e3eef3;e4eff4;e1ecf1;e3edf4;dfe9f0;dbe7ee;dfebf2;e0eaf1;e2ecf3;e3edf4;e1ebf2;dfe9f0;e0eaf1;e1ebf2;dbe7ee;e0ecf3;deeaf1;dce8ef;dfebf2;e3edf4;e2ecf3;e2ecf3;dfe9f0;dfe9f0;dde8ed;dce9ee;deeaf1;dde8ed;dde8ed;dfeaef;e1ecf1;dee9ee;dfeaef;e1ecf1;e1ecf1;e3eef3;e0ebf0;e3eef3;e2ecf3;e1ebf2;e0eaf1;e0eaf1;e4eef5;e4eef5;e3eef3;e2edf2;e1ecf1;e3eef3;e2edf2;e2edf2;e4eef5;e2eef5;dfebf2;e3eff6;e1f0f6;dfeef4;e2eef5;e0ecf3;dfebf2;e3edf4;e0eaf1;dce6ed;dee8ef;e5edf4;e1ecf1;e2edf2;e4eef5;e3edf4;e1ebf2;e3edf4;e0eaf1;e3edf4;dfebf2;e0ecf3;e3eff6;e0ecf3;dfebf2;dae6ed;dbe7ee;e1edf4;e3eff8;dde9f0;e1edf4;e3eff6;e1edf4;e1edf4;e2eef5;e4f0f7;deeaf1;e3eff6;e6f2f9;e2eef5;e3eff6;e0ecf3;e0ecf3;e1edf4;e4f0f7;e2eef5;e5eff6;e5eff6;e1ebf2;e3edf4;e0eaf1;dfe7ee;e2ecf3;e3edf4;e0eaf1;e4f0f7;e2eef5;e3eff6;e1edf4;e6f2f9;e4f0f7;e1edf4;e3eff6;e1edf4;e0ecf3;e1ebf2;e0eaf1;dee8ef;e1ebf2;e5eff6;e3edf4;e3edf4;e1edf4;e6f2f9;e7f1f8;e6f2f9;e6f2f9;e4f0f7;e1edf4;e2eef5;e5f1f8;e4f0f7;e6f0f7;e6f0f7;e6f0f7;e4eef5;e1ebf2;e1ebf2;e7f1f8;e5eff6;e5eff6;e2ecf3;e3edf4;e4eef5;e5eff6;e3edf4;e4f0f7;e5f1f8;e2eef5;e4f0f7;e4f0f7;e2eef5;e1edf4;e4f0f9;e3eff8;e2eef5;e4f0f7;e1edf4;e2eef5;e2eef5;e0ecf3;e1edf4;e3eff6;e0ecf3;e1edf6;e1edf6;deeaf3;e2f1f7;e1f0f6;e1f0f6;e4f0f7;e1eff8;e3eff8;deeaf3;e4f0f9;e5f1fa;e5f1f8;e7f3fa;e3eff6;e4f0f7;e0ecf3;dee8ef;e0eaf1;e0eaf1;e5eff6;e5f1f8;e5f1f8;e5f1f8;e0ecf3;e0ecf3;e1edf4;dbe7ee;deeaf1;e0ecf3;e2eef5;e5f1f8;e6f2f9;e6f2f9;e6f2f9;e8f4fb;e3f2f8;e5f4fa;e4f3f9;e8f7fd;e8f7fd;e5f4fa;e4f3f9;e4f3f9;e4f3f9;e4f2fb;e4f0f9;e5f3fc;e3f1fa;e2f0f9;e5f3fd;e1eff9;d9e7f0;d6e4ed;d9e7f0;e1eff8;e5f3fc;e4f4fd;e4f4fd;deeef7;deeef7;e1f1fa;e2f2fb;e5f3fc;e3f1fa;e2f0f9;e0f0f9;e2f2fc;e0f0fa;e0f0fa;dfeff9;deeef8;deeef8;e1f1fb;e2f2fc;e0f0fa;dff0fa;ddeef8;deeff9;ddeef8;ddedf6;dfedf7;e2e7ee;808389;817a7b;7e7775;776e6b;6a655f
e1ebf4;e1ebf4;e1ebf4;e1ebf4;dce6ef;dee8f1;dfe9f0;dee8ef;dde7ee;dce6ed;dce6ef;dfe9f2;dce6ef;e0eaf3;dde7f0;e0eaf3;dde7f0;d8e2eb;dae4ed;d9e3ec;d7e3ea;d7e3ea;d6e2e9;d9e5ec;d8e4eb;d7e3ea;d9e3ea;d7e1e8;dae4eb;dce4eb;d9e1e8;dce4eb;dde5ec;dee6ed;dee6ed;dde5ec;d8e2e9;dbe5ec;dde5ec;dbe5ec;dbe5ec;dde7ee;d7e1e8;d9e5ec;dbe5ec;dae4ed;e1ebf4;e1ebf4;dae4ed;dde7f0;dde9f0;dde7ee;dbe7ee;e1ebf2;dfe9f0;dde7ee;e2ecf3;e1e9f0;e1e9f0;e2eaf1;dfe7f0;e2ecf5;e2ecf5;e0ecf5;dfebf4;dde9f2;e0eaf3;e2ecf5;e1ebf4;e0eaf3;e2ecf5;deeaf3;dfebf2;dfebf2;e1ebf2;e2ecf3;e5eff6;e1e9f0;e5edf4;e4ecf3;e2eaf1;e1ecf1;e4eff4;e2edf2;e5f0f5;e2ecf3;e0ebf0;e0eaf1;e2ecf3;e0eaf1;e2ecf3;e1ebf2;e3edf4;dfe9f0;dfe9f0;dee8ef;dee8ef;dfe9f0;dfe9f0;dde8ed;e0ebf0;dfe9f0;dfe9f0;e1ebf2;e0eaf1;e2ecf3;e1ebf2;e1ecf1;dde7ee;dee9ee;dce7ec;e0ebf0;e1ebf2;e0ebf0;dde8ed;e1ecf1;e1ecf1;e1ecf1;e3eef3;e3eef3;e2ecf3;e0eaf1;dfe9f0;e1ebf2;e2ecf3;dfe9f0;e2edf2;e3eef3;e7f2f7;e1ecf1;dfeaef;dfe9f0;dee8ef;deeaf1;e1edf4;e1edf4;e3f2f8;e1f0f6;e3eff6;e0ecf3;deeaf1;deeaf1;e2ecf3;e4eef5;e1ebf2;dee6ed;e1eaef;e3ecf1;e4eef5;e3edf4;e6f0f7;e6f0f7;e0eaf1;e1ebf2;e1edf4;e2eef5;e0ecf3;e1edf4;dfebf2;e5f1f8;e2eef5;dbe7ee;deeaf3;e0ecf5;e3eff6;e0ecf3;e1edf4;e1edf4;e0ecf3;e3eff6;e2eef5;e6f2f9;e5f1f8;e2eef5;e5f1f8;e2eef5;e2eef5;e1edf4;e3eff6;e4f0f7;e5eff6;e3edf4;e1ebf2;e3edf4;dce6ed;dfe7ee;e1ebf2;e3edf4;e0eaf1;e1edf4;e4f0f7;e4f0f7;e1edf4;e4f0f7;e5f1f8;e4f0f7;e4f0f7;e3edf4;e1edf4;e1ebf2;dfe9f0;e2ecf3;dfebf2;e0ecf3;e1edf4;e2ecf3;e3eff6;e2eef5;e8f2f9;e5f1f8;e6f2f9;e6f2f9;e2eef5;e0ecf3;e0ecf3;e4f0f7;e5eff6;e7f1f8;e3edf4;e3edf4;e5eff6;e5eff6;e5eff6;e6f0f7;e5eff6;e2ecf3;e1ebf2;e5eff6;e2ecf3;e2ecf3;e3eff6;e5f1f8;e1edf4;e5f1f8;e5f1f8;e4f0f7;e3eff6;e4f0f9;e1edf6;dfebf4;e2eef5;e3eff6;e5f1f8;e4f0f7;e4f0f7;e5f1f8;e2eef5;e1f0f6;e3f1fa;e0eef7;e3eff8;deecf5;e1f0f6;e1f0f6;e6f2f9;e2f0f9;dfedf6;dde9f2;e4f0f9;e6f2fb;e4f0f7;e2eef5;e3eff6;e2eef5;e0ecf3;e4eef5;e0eaf1;dee8ef;e2ecf3;e3eff6;e5f1f8;e7f3fa;e7f3fa;e6f2f9;e2eef5;e0ecf3;dde7ee;dce6ed;e1ebf2;dfebf2;e2eef5;e4f0f7;e5f1f8;e4f3f9;e6f5fb;e3f2f8;e5f4fa;e7f6fc;e5f4fa;e6f5fb;e5f4fa;e2f1f7;e3f2f8;e4f2fb;e7f3fc;e4f2fb;e3f1fa;e4f2fb;e0eef7;e2f0f9;dfedf7;d8e6ef;dae8f1;dbe9f2;e0f0f9;e1f1fa;e2f2fb;e0f0f9;e1f1fa;dfeff8;e0f0f9;e0f0f9;e3f3fc;e2f2fb;dcecf6;e1f1fb;e0f0fa;e0f0fa;e1f1fb;dfeff9;dfeff9;e1f1fb;e1f1fb;e2f2fc;dff0fa;dcedf7;ddeef8;ddeef8;ddedf6;deecf6;dfe4eb;898c92;7f7879;7e7775;756c67;6b6660
dde9f2;e0eaf3;e0eaf3;e0eaf3;e0eaf3;dde7f0;e3edf4;dde7ee;dce6ed;dde7ee;dfe9f2;dce6ef;dce6ed;e1ebf4;e0e8ef;dce4eb;dde5ec;dae4eb;dce6ed;dbe5ec;dae4eb;dce6ed;dde7ee;d4e0e7;d5e1ea;d8e4ed;d8e2eb;dce6ef;dae4ed;dbe5ee;dbe5ee;dce6ed;dee6ed;dee8ef;dee8ef;dae4eb;dce6ed;dce6ed;dde7ee;dce6ed;dfe9f0;dfe9f0;d8e4ed;dae6ef;dbe7f0;dae6ef;dee8f1;dfe9f0;e1ebf2;e2ecf3;dfe9f0;dfe9f0;dee8ef;dfe9f0;dce6ed;e0eaf1;dfe9f2;e4ecf5;eaf2fb;e0eaf3;e2ecf3;e2ecf5;e4eef5;dfe9f0;e1ebf2;dde7ee;deeaf3;e1ebf4;dee8f1;e3edf6;e3edf4;e2ecf3;e0ecf3;e1edf4;dfebf2;e2ecf3;dfe9f0;e4eef5;e4ecf3;e4ecf3;e3edf4;e6f0f7;e2edf2;e4eef5;e2ecf3;e1ebf2;e2ecf3;e2ecf3;dfe9f0;e1ebf2;dae4eb;dde7ee;dde7ee;e1ebf2;e6f0f7;e3edf4;dbe7ee;e0eaf1;e1ecf1;e0ebf0;e1ecf1;dde7ee;e1ebf2;e2ecf3;e3edf4;dee8ef;dde7ee;e1ecf1;dfe9f0;e0eaf1;dee8ef;dfe9f0;dce6ed;dee9ee;dee9ee;dde8ed;e1ecf1;e1ecf1;dde8ed;e3eef3;e2edf2;e4eff4;e2edf2;e2edf2;e2edf2;e1ebf2;e1eef3;deebf0;e1edf4;deeaf1;e3edf4;e0eaf1;e2ecf3;e2eef5;e0ecf3;dde9f0;e1f0f6;e1f0f6;dfebf2;e3eff6;e1edf4;e0eaf1;e0eaf1;dfe9f0;e2ecf3;e3edf4;e2ecf3;dee8ef;dee8ef;e0eaf1;e2ecf3;e1ebf2;e5eff6;e3edf4;e3eff6;e0ecf3;e2eef5;e4f0f7;e2eef5;dfebf2;e1edf4;e1edf4;e2eef7;e2eef7;e2eef7;e4f0f7;e0ecf3;e4f0f7;e1edf4;e1edf4;e3eff6;e2eef5;e2eef5;e3eff6;e8f4fb;e8f4fb;dfebf2;dfebf2;e8f2f9;e5eff6;e5eff6;e8f2fb;e0eaf3;e0eaf1;e2ecf3;e2ecf3;e1ebf2;e1ebf2;e2ecf3;e2ecf3;e3edf4;e6f0f7;e2eef5;e5eff6;e2eef5;e1edf4;e2eef5;e3eff6;e4f0f7;e2eef5;e0ecf3;dde9f0;dce6ed;dce8ef;e0eaf1;e1ebf2;e1edf4;e3edf4;e6f0f7;e6f0f7;e7f1f8;e7f3fa;e4f0f7;e3eff6;e3eff6;e4f0f7;e8f2f9;e8f2f9;e3edf4;e3edf4;e6f0f7;e4eef5;e5eff6;e2ecf3;e4eef5;e3edf4;e3edf4;e8f2f9;e6f0f7;e4eef5;e2eef5;dfebf2;e6f2f9;e3eff6;e5f1f8;e6f2fb;e7f3fc;e4f0f9;e4f0f9;e4f0f9;dfebf4;e4f0f7;e6f2f9;e7f3fa;e7f3fa;e7f3fa;e5f4fa;e2f1f7;e4f2fb;e3f1fa;e4f0f9;e3eff8;e3eff6;e5f1f8;e1edf4;e2eef7;e2eef7;e4f0f9;e2eef7;e5f1f8;e2eef5;e4f0f7;e5f1f8;e5f1f8;e2eef5;e2eef5;e3eff6;dde7f0;e0eaf3;dee8ef;deeaf1;e2eef5;e7f3fa;e7f3fa;e3eff6;e3eff6;e1ebf2;e2ecf3;e1ebf2;dbe5ec;dfe9f2;dfebf4;e0eef7;e3f1fa;e2f0f9;e6f5fb;e7f6fc;e8f7fd;e7f6fc;e7f6fc;e8f7fd;e5f4fa;e0eff5;e0eef7;e2f0f9;e3f1fa;e2f0f9;e3f1fa;e2f2fb;e1f1fa;e2f0f9;e3f1fa;e0eef7;dcecf5;dbebf4;dcecf5;e2f2fc;dfeff8;e1f1fb;e2f2fb;daeaf3;e1f1fa;deeef7;dfeff9;e0f0fa;e3f3fd;e2f2fc;e2f2fc;e1f1fa;e2f2fb;e2f2fb;e1f1fa;dfeff8;dfeff9;e0f0fa;e0f0fa;deeef8;dcecf6;d9e9f2;dae8f2;dbe3ea;888b91;7a7374;7c7371;7b726d;6b655f
dae6ef;e0eaf3;dae4ed;dee8f1;dfe9f2;dde7f0;dde7ee;dfe9f0;dce6ed;dee8ef;e3ebf2;e0e8ef;dde5ec;dce6ed;dfe9f0;dde7ee;dce6ed;d9e3ea;d7e1e8;dbe5ec;dbe5ec;d7e1e8;dae4eb;d9e3ec;d7e3ec;d9e5ee;d8e4ed;dae6ef;dbe5ee;d9e3ec;d9e3ec;dbe5ec;dee6ed;dbe5ec;dfe9f0;dfe9f0;dbe5ee;dee8ef;dee8f1;dbe5ec;dde7ee;dce8ef;dbe7ee;dce8f1;dbe7f0;d9e5ec;dde9f0;dae6ed;dfe9f0;e0eaf1;e1ebf2;dee8ef;deeaf1;e1edf6;dee8ef;e0eaf1;e0eaf3;e0e8ef;e1ebf2;e4eef7;e3edf4;dee8ef;e0eaf1;e1ebf2;e6f0f7;dce6ed;e2ecf3;e3edf6;e4eef7;e5eff8;e2ecf5;e3edf4;e1ebf2;dfebf2;dfebf2;e3edf4;e4eef5;e1ebf2;e4ecf3;e2eaf1;dfe9f0;e0eaf1;e1ebf2;e2ecf3;e3edf4;e0eaf1;dbe5ec;e0eaf1;e3edf4;e2ecf3;d9e5ec;e0eaf1;e0eaf1;e3edf4;deeaf1;deeaf1;dde9f0;e0eaf1;e0ebf0;dee9ee;dce7ec;e1ebf2;e0eaf1;dce6ed;e2ecf3;e1ebf2;dce6ed;dce6ed;dee8ef;e1ebf2;dfe9f0;e2ecf3;dde7ee;dfeaef;dee9ee;dee9ee;dee9ee;e1ecf1;e2edf2;e0ebf0;e2edf2;e3eef3;e2eff4;e3eef3;e2edf2;e5f0f5;e1eef3;e3f0f5;deeaf1;e0ecf3;e2ecf3;dee8ef;e0eaf1;e2ecf3;dbe7ee;dce8ef;e1edf4;e1edf4;e1edf4;e3eff6;e5f1f8;e1ebf2;e0eaf1;e2ecf3;e2ecf3;dee8ef;dde7ee;e3edf4;dee8ef;e1ebf2;dde9f0;dfebf2;e0ecf3;e0ecf3;e4f0f7;e3eff6;e1edf4;e1edf4;e3eff6;e4f0f7;e4f0f7;e3eff6;e1edf6;e3eff8;dde9f2;dfebf4;e1edf6;e2eef5;dfebf2;dfebf2;e2eef5;e3eff6;e2eef5;e3eff6;e4f0f7;e2eef5;dfebf2;e0ecf3;e3edf4;e1ebf2;e6f0f7;e4f0f9;e2eef7;e3edf6;e1ebf4;dee8ef;dfe9f0;e2ecf3;e1ebf2;e0eaf1;e3edf4;e2ecf3;e0eaf1;e3edf4;e5eff6;e3eff6;e2eef5;e0ecf3;e3eff6;e3eff6;e3eff6;e1edf4;deeaf1;dce8ef;e0eaf1;e1ebf2;e1ebf2;e0eaf1;e3edf4;e6f0f7;e6f0f7;e3eff6;e5f1f8;e7f3fa;e5f1f8;e4f0f7;e7f1f8;e5eff6;e7f1f8;e4eef5;e6f0f7;e4f0f7;e3eff6;e4f0f7;e6f0f7;e6f0f7;e4eef5;e3edf4;e5eff6;e5eff6;e4f0f7;e5eff6;e5eff6;e6f0f7;e3eff8;e2eef7;e1edf6;e3eff8;e5f1fa;dfebf4;e0ecf5;e0ecf5;e3eff6;e5f1f8;e4f0f7;e4f3f9;e3f2f8;e4f3f9;e4f2fb;e9f5fe;e5f1fa;e5f1fa;e2eef7;e3eff8;e4f0f9;e3eff8;e2eef7;e5f1f8;e5f1f8;e4f0f7;e1f0f6;e3f2f8;e4f3f9;e4f3f9;e1f0f6;e3eff6;e3eff6;e0ecf5;e0ecf5;dfebf4;dfebf4;e0ecf3;e1f0f6;e5f1f8;e4f0f7;e6f2f9;e8f2f9;e5eff6;e1ebf2;dee8f1;dbe5ee;dfebf4;dceaf3;e0eef7;e3f1fa;e6f5fb;e6f5fb;e7f6fc;e8f7fd;eaf9ff;e7f6fc;e6f5fb;e6f5fb;e1eff8;e5f1fa;e1eff8;e4f2fb;e3f1fa;e2f2fb;e0f0f9;e0f0f9;deeef7;e2f2fb;deeef7;ddedf7;ddedf7;dfeff9;e2f2fb;e0f0fa;e1f1fa;e2f2fb;ddedf6;deeef7;dfeff8;e1f1fb;dbebf5;e3f3fd;e3f3fd;e3f3fc;e1f1fa;e5f5fe;e1f1fa;e4f4fd;dfeff8;dfeff8;dcecf6;ddedf7;deeef8;d8e8f1;dae8f2;dde5ec;7d8086;7e7778;7c7370;776e69;6b655e
dde9f0;dbe7ee;dbe7ee;dbe7ee;dee8ef;dce8ef;deeaf1;dce8ef;d9e3ea;dae4eb;dce6ed;dde7ee;e2ecf3;dee8ef;dfe9f0;dde7ee;dce6ed;d8e2e9;dee8ef;dde7ee;dae4eb;d9e3ec;d8e2eb;d6e0e9;dae4ed;dce6ef;d7e1ea;dde7f0;dbe5ee;dde7f0;dae4ed;d7e1ea;dae4ed;dee8f1;dee8ef;dde7ee;dbe5ec;dae4eb;dae6ed;d5e1e8;dde9f2;dce8f1;dae6ef;dbe7f0;dce8ef;e2ecf3;dce6ed;d9e5ec;e2ecf3;dfe9f0;e1ebf4;dfe9f2;e1ebf4;e1ebf4;e3edf6;dfe9f0;e5eff6;e4eef5;e2ecf3;e5eff6;e0eaf1;dfe9f0;e1ebf2;dee8ef;dde7ee;e5eff6;dfebf2;dfebf2;dfebf2;e0ecf3;deeaf3;deeaf1;dfebf2;e0ecf3;dfebf2;e3eff6;e2ecf3;e2ecf3;e1ebf2;dfe9f2;e1ebf2;dde7ee;e0eaf1;dfe9f0;e1edf4;dde9f0;dfebf2;dde7ee;e2ecf3;dfe9f0;e0eaf1;deeaf1;dde9f2;e2eef7;dfebf2;e1ebf2;e3edf4;e2edf2;dfeaef;dce7ec;e0ebf0;e0ebf0;e0eaf1;e0eaf1;dfebf2;dbe7ee;e0ecf3;dbe7ee;dce6ed;dfe9f0;dfe9f0;e3ecf1;e3ecf1;e4edf2;e3ecf1;e4ecf3;e6eef5;e2eaf1;dee8ef;e2ecf3;e2edf2;e1ecf1;e3eef3;e5f0f5;e0ebf0;e3eff6;e3eff6;e2eef5;e2eef5;dfebf2;e0eaf1;e0eaf1;e0eaf1;e0eaf1;e3edf4;e4eef5;e2eef5;e3eff6;e1edf4;e0ecf3;e7f3fa;e5eff6;e5eff6;e2ecf3;dee8ef;dfe9f0;e1edf4;e3eff6;e0ecf3;e0ecf3;deeaf1;d9e5ec;dbe7ee;dce8ef;e2eef5;e6f2f9;dfebf2;dde9f0;deeaf1;deeaf3;e5eff8;e3edf6;e1edf6;e1edf6;e0ecf5;deeaf3;e3eff6;e4f0f9;e1edf4;deeaf1;e1edf4;e2eef5;e0ecf3;e2eef5;e1edf4;e6f2f9;e3edf4;deeaf1;dde7ee;e1ebf2;e6f2f9;e5f1f8;e7f3fa;e4f0f7;e5eff6;e4eef5;e4eef5;e0eaf1;dce6ed;e1ebf2;e1edf4;e1edf4;dfecf1;e2eef5;e3eff6;e5f1f8;e2eef5;e1edf4;e3eff6;e2eef5;e3eff6;e1edf4;dfebf2;dde9f0;dbe7ee;e0ecf3;dfebf2;dce8ef;e1edf4;e3edf4;e7f1f8;e2eef5;e5f1f8;e6f2f9;e7f4f9;e5f1f8;e5f1f8;e5f1f8;e0ecf3;e5f1f8;e2eef5;e5f1f8;e6f2f9;e7f1f8;e5eff6;e5eff6;e3eff6;dfebf2;e1ebf2;e3edf4;e5f1f8;e3edf4;e3edf4;e5f1f8;e5f1f8;e7f3fc;e2eef7;e8f4fd;e4f0f9;e6f2fb;e2eef7;e0ecf5;e3eff6;e6f2f9;e1f0f6;e3f2f8;e4f3f9;e6f5fb;e5f1f8;e5f1f8;e3eff6;e5f1f8;e4f0f7;e3eff6;e5f1fa;e5f1fa;e4f2fb;e3f1fa;e5f4fa;e7f6fc;e3f2f8;e1f0f6;e1eff8;e2f0f9;e2f0f9;e1f0f6;e4f0f7;e5f1fa;e2eef7;e1edf6;e2eef7;e2eef5;dfeef4;e0ecf3;e4f0f7;e7f3fa;e8f4fb;e6f2f9;e7f3fa;e1edf6;dfebf4;dbe7f0;dceaf3;dceaf3;ddecf2;e3f2f8;e7f6fc;e8f7fd;e9f8fe;e7f6fc;e7f6fc;e9f8fe;e8f7fd;e4f3f9;e2f0f9;e2f2fb;ddedf6;e1f1fa;e2f2fb;dfeff8;e1f1fa;e2f2fb;e3f3fc;e1f1fa;dfeff8;e1f1fa;deeef7;e2f2fb;e3f3fc;e3f1fa;e1eff8;dfeff8;dfeff8;e0f0f9;e1f1fb;e0f0fa;e0f0fa;e0f0fa;e1f1fa;dfeff8;e4f4fd;e4f4fd;e4f4fd;e4f4fd;e1f1fa;dfeff9;ddedf7;dbebf5;d9e9f3;dce8f2;dbe0e7;898a90;7c7576;7d7472;756c67;6d6760
dce8ef;deeaf1;dde9f0;d9e5ee;dfebf2;e1edf6;dfebf2;dae6ef;dae6ef;dee8f1;dde7ee;d9e3ea;dfe9f0;dfe9f0;e0eaf1;d9e3ea;dee8ef;dbe5ec;d9e3ea;dae4eb;dce6ed;d6e0e9;d9e3ec;d9e3ec;dae4ed;dae4ed;dbe5ee;d7e1ea;dde7ee;dae4eb;dce6ed;dae4ed;dbe5ee;dae4ed;dbe5ec;dde7ee;dce6ed;dce6ed;d6e2e9;d9e5ec;dde9f0;dae6ed;dde9f2;dee8ef;dee8ef;e0eaf1;dee8ef;dfebf2;e0eaf1;dde9f0;dae6ef;dae6ef;dde9f2;dbe7f0;e0eaf3;dee8ef;e0eaf1;e0eaf1;e0eaf1;e2ecf3;e1ebf2;e0eaf1;e1ebf2;e3edf4;e3edf4;e2ecf3;e1edf4;e0ecf3;e0ecf3;dde9f2;dfebf4;dfebf4;deeaf3;dfebf2;e0ecf3;e3eff6;e1ebf2;e3edf4;e4eef5;e2ecf5;dee8ef;dee8ef;dee8ef;deeaf1;dde9f0;deeaf1;dfebf2;dce6ed;dee8ef;e0eaf1;dfe9f0;dde7ee;dee8ef;e1ebf2;e0eaf1;dee8ef;dee8ef;e1ecf1;e0ebf0;e0ebf0;e1ecf1;e1ecf1;e0ebf0;e0eaf1;d9e5ec;d9e5ec;dce8ef;dce8ef;e0eaf1;dde7ee;dae4eb;dfe8ed;e1eaef;e3ecf1;e0e9ee;e2ebf0;e3ecf1;e4ecf3;dde7ee;dfe9f0;ddeaef;e3eef3;e0edf2;e1edf4;dfebf2;e3edf4;e2eef5;e3edf4;e3edf4;e3edf4;e4eef5;e4eef5;e4f0f7;e1edf4;e2edf2;dfeaef;dde9f0;dde9f0;dde9f0;e0ecf3;e0ecf3;e6f0f7;e6f0f7;e5eff6;e5eff6;e1ebf2;e1edf4;e0ecf3;e0ecf3;e0ecf3;deedf3;d9e8ee;d8e4eb;dbe7ee;e1edf4;dde9f0;e1edf4;dce8ef;e1ebf2;dde7f0;e0eaf3;e1ebf4;e2eef7;e3eff8;e4f0f9;e3eff8;e0ecf3;deeaf3;e0ecf5;dbe7ee;e1edf4;e1edf4;e2ecf3;e3edf4;deeaf1;e1edf4;e2eef5;e3eff6;e0ecf3;dfebf2;e1edf4;e2eef5;e2eef5;e2eef5;e5eff6;e7f1f8;e6f0f7;e2ecf3;e1ebf2;e2ecf3;e1eef3;dfecf1;e0edf2;e0ecf3;e0ecf3;e1edf4;e2eef5;e2eef5;e5f1f8;e2eef5;e0ecf3;e3eff6;e3eff6;e2eef5;e1edf4;dfebf2;deeaf1;e1edf4;e1edf4;dfe9f0;e3edf4;e8f2f9;e4f0f7;e7f3fa;e6f3f8;e6f2f9;e7f3fa;e5f1f8;e2eef5;e2eef5;e3eff6;e6f2f9;e7f3fa;e7f1f8;e3edf4;e2eef5;e3eff6;e2eef5;e2eef7;dce8f1;e7f1f8;e6f0f7;e4eef5;e4eef5;e0ecf3;e2ecf3;e2eef5;e4f0f9;e6f2fb;e4f0f9;dfebf4;e2eef5;e4f0f7;e3eff6;e4f0f7;e0eff5;e3eff6;e3eff6;e5f1f8;e5f1f8;e4f0f7;e4f0f7;e4f0f7;e5f1f8;e4f0f9;e0eef7;e2f0f9;e0eff5;e5f4fa;e4f3f9;e3f2f8;e0eff5;e1eff8;e3f1fa;e3f1fa;e1eff8;e3f1fa;e3f2f8;e1f0f6;e1f0f6;deeaf1;d9e8ee;deedf3;e0ecf3;deeaf1;e2eef5;e7f3fa;e7f3fa;e7f3fa;e6f2f9;e2eef7;dbe7f0;dce8f1;dceaf3;dbe9f2;dceaf3;e0eff5;e5f4fa;e8f7fd;e9f8fe;e8f7fd;e6f5fb;e9f8fe;e8f7fd;e3f2f8;dfeff8;dfeff8;e0f0f9;e2f2fb;dfeff8;e0f1f7;e2f2fb;e0eef7;e3f1fa;dfeff8;e0f0f9;dfeff8;e1f1fa;e3f3fc;e0f0f9;e2f2fb;e0f0f9;dfeff8;e1f1fa;e1f1fb;e0f0fa;e0f0f9;e3f3fc;e3f3fc;e1f1fa;e2f2fb;e1f1fa;e4f5fb;e4f4fd;e1f1fa;e0f0f9;dcecf6;deeef8;daeaf4;e0ecf6;e5eaf1;7e7f85;7f7879;7b7471;736a65;6c665f
e3edf4;dee8ef;e3eff6;dae6ed;dce8ef;e0ecf3;deeaf1;deeaf1;dbe7f0;dfe9f2;e1ebf2;e1ebf2;dce6ed;dbe5ec;d9e3ea;dee8ef;d8e2e9;dbe5ec;d9e3ea;dbe5ec;d9e3ea;dbe5ec;dbe5ec;dae4ed;d8e2e9;dbe5ec;dce6ed;d8e2e9;dce6ed;dbe5ec;dae4eb;d9e3ec;dbe5ee;dbe5ec;dee8ef;dbe5ec;dce6ed;dee8ef;dfe9f0;dbe7ee;d8e4eb;dde7ee;e0eaf1;dde7ee;e2ecf3;dce6ed;dde7ee;dbe5ec;dfe9f0;d9e5ec;deeaf3;d9e5ee;dbe7f0;dce8f1;dbe7f0;dee8ef;dee8ef;e1e9f0;e3ebf2;e1e9f0;e1ebf2;e3edf4;e3edf4;e4eef5;e1edf4;e2eef5;deeaf1;dfebf2;deeaf1;e0ecf3;e1edf6;e0ecf5;deeaf3;e2eef7;e3eff6;dfebf2;e3edf6;e4eef7;e3ebf2;dee8ef;e2ecf3;e2ecf3;e1ebf2;e1ebf2;e2ecf3;e0ecf3;e0eaf1;dee8ef;dee8ef;e0eaf1;dee8ef;dde7ee;dbe5ec;dee8ef;e2ecf3;dfe9f0;dfe9f0;e2ebf0;e2ebf0;e4edf2;e3ecf1;dfe8ed;e3ecf1;e1ecf1;e1ebf2;dbe7ee;dce8f1;d9e5ec;dee8ef;dce6ed;dee7ec;dfe8ed;e0e9ee;e4edf2;e0e9ee;e1eaef;e3ecf1;e0ebf0;dee9ee;dde8ed;dfe9f0;e1ecf1;dee8ef;dee8ef;dfebf2;e0ecf3;e0ecf3;e3edf4;e4eef5;e1ebf2;deeaf1;e2eef5;dfebf2;e2edf2;e3eef3;e0ebf0;e1edf4;deeaf1;dfebf2;e2eef5;e1edf4;deeaf1;e4eef5;e1ebf2;e4eef5;e7f1f8;e4eef5;dfebf2;dce8ef;e2eff4;e1edf4;dfeef4;e1edf4;e0ecf3;e3eff6;e5eff6;dde7ee;dfe9f0;e1ebf2;e1ebf2;e4eef5;e1ebf2;e4eef5;e4eef5;e3edf4;dfebf2;e1edf4;e3eff8;e2eef7;e3eff6;e2eef5;e0eaf1;e3edf4;e3edf4;dfebf2;dde9f0;e1edf6;e2eef7;e0ecf5;dfebf4;e3eff8;deeaf1;e3eff6;e2eef5;e2eef5;e7f1f8;e7f1f8;e3edf4;e2edf2;dee9ee;e0ebf0;e2edf2;e2eff4;e3eff6;e0ecf3;dfebf2;e3eff6;e4f0f7;e2eef5;e1edf4;e2eef5;e0ecf3;e4f3f9;e2eef5;e1f0f6;dce8ef;dfebf2;e0eaf1;dee8ef;e2eaf1;e1ebf2;e4eef5;e4eef5;e4f0f7;e4f0f7;e6f2f9;e6f2f9;e1f0f6;e2f1f7;e6f2f9;e6f2f9;e7f4f9;e6f1f6;e7f2f7;e5f0f5;e2eef5;e3eff6;e4f0f7;e4f0f7;e5f1fa;e6f0f7;e3edf4;e2ecf3;e4eef5;e4eef5;e7f1f8;e1edf4;e7f3fc;e1edf6;e1edf6;e7f3fa;e4f0f7;e4f0f7;e4f0f7;e1edf4;e0ecf3;e4f0f7;e6f2f9;e2eef5;e1edf4;e3eff6;e4f0f7;e4f0f7;e4f0f7;e4f0f7;e1edf4;e0eff5;deedf3;e0eff5;e7f3fa;e4f0f7;e8f4fb;e7f3fa;e5f4fa;dfeef4;e4f3f9;e3f2f8;e4f3f9;e5f4fa;e1f0f6;e2f1f7;e3f2f8;dfedf6;e3eff8;dce8ef;e0ecf3;e2f1f7;e1f0f6;e5f4fa;e5f1f8;e9f5fc;e7f3fa;e2eef5;deeaf3;dae6ef;dae6ef;dbe7f0;e2eef7;e4f3f9;e6f5fb;e6f5fb;e7f6fc;e6f5fb;e6f7fd;e7f6fc;e1f1fa;e3f3fc;e1f1fa;e2f2fb;e0f1f7;e3f4fa;e1f1fa;e0eef7;e1eff8;dfeff8;dfeff8;e2f2fb;e1f1fa;dfeff8;deeef7;dcecf5;ddedf6;e0f0f9;ddedf6;e0f0f9;e2f2fb;e4f4fd;e3f3fc;e3f3fc;e0f0f9;e3f3fc;e4f4fd;e1f1fa;e1f1fa;e2f2fb;e1f1fb;e0f0fa;ddedf7;dcecf6;dee9f6;e4e8f2;7b7e84;817a7d;7b7472;7a716c;6c645d
d9e3ea;dfe9f0;dfe9f0;dce6ed;dce6ed;e1ebf2;dbe7ee;d9e5ec;d7e3ec;dde7f0;dce6ed;dee8ef;dde7ee;d9e3ea;d8e4eb;dbe5ee;d6e0e9;dae4eb;d8e2e9;dbe5ec;dce6ed;dbe5ec;d9e3ea;d9e3ea;d6e0e7;d6e0e7;dce4eb;dde7ee;dde7ee;d7e1e8;dce6ed;dbe5ec;dbe5ec;dee6ed;dee6ed;dee6ed;dfe9f0;dee6ed;dfe7ee;dee8ef;dce4eb;e3ebf2;e3ebf2;dde7ee;dee8ef;dce6ed;dbe5ec;dee8ef;dfebf2;dfebf2;e2eef5;e0ecf5;dfebf4;dbe7f0;d8e4ed;e1ebf4;dee8ef;e5edf4;e4ecf3;e3ebf2;e5edf4;e3edf4;dee8ef;e5eff6;e5eff6;e3edf4;e2eef5;e2eef7;deeaf3;e1edf6;e0ecf5;e3eff6;dfebf2;e0ecf3;e1edf4;e1ebf2;dfe9f0;e0eaf1;e7eff6;e1e9f0;e1e9f0;dfe9f0;e0eaf1;e4eff4;dfe9f0;e1ebf2;e0eaf1;e1ebf2;e1ebf2;dfe9f0;dfebf2;dde9f0;dde9f0;dde7ee;dee8ef;dde7ee;dde7ee;e2edf2;e0ebf0;e5eef3;e2ebf0;e0e9ee;e4edf2;e4edf2;dee8ef;e1ebf2;e1ebf2;dee8ef;dbe5ec;e2ecf3;e1ecf1;dde8ed;dbe6eb;dfe8ed;dee7ec;dee9ee;e1ecf1;e2edf2;dee9ee;dfecf1;dce7ec;dde8ed;dfebf2;dfebf2;e1edf4;dfebf2;deeaf1;e0ecf3;e1edf4;e0ecf3;deeaf1;e2eef5;dfe9f0;e0eaf1;e0ebf0;e3edf4;deeaf1;dce8ef;dde9f0;deeaf1;e0eaf1;e1ebf2;dfe9f0;e5eff6;e6f0f7;e6f0f7;e4f0f7;e3eff6;e1edf4;deeaf1;e2eef5;deeaf1;dfebf2;e0eaf1;e3edf4;e7eff6;e4ecf3;e2eaf1;dfe7ee;e1e9f0;e2ecf3;e2ecf3;e4eef5;e2ecf3;e2ecf3;e2ecf3;e1ebf2;e1edf4;e1edf4;e3eff6;e1edf4;e4eef5;e3edf4;e3edf4;dfebf2;e1edf4;deeaf1;dfebf2;e3eff6;e4f0f7;e1edf4;e1edf4;e3eff6;e0ecf3;dfebf2;e3eff6;e3eff6;e5f1f8;e5f0f5;e1ecf1;e0ebf0;dee9ee;e3eef3;e4eff4;dfebf2;e3eff6;e1edf4;e0ecf3;e0ecf3;e2eef5;e5f1f8;e3eff6;e6f2f9;e4f0f7;e3eff6;e4f0f7;e5eff6;e4eef5;e0eaf1;dfe7ee;dfe7ee;e2eaf1;e3edf4;e4eef5;e3eff6;e6f2f9;e3eff6;e5f1fa;e5f1f8;e3eff6;e9f3fa;e9f3fa;e9f4f9;e6f1f6;e6f0f7;e1eef3;e1edf4;e4f0f7;e3eff6;e5f1f8;deeaf1;e2eef5;e3edf4;e3edf4;e1edf4;e0ecf3;e4f0f9;e3eff8;e1edf6;e3eff6;e7f3fa;e9f5fc;e7f3fa;deeaf1;e3eff6;e0ecf3;e1edf4;dfebf2;e2eef5;e3eff6;e0eff5;e1edf4;e5f1f8;e4f0f7;e3eff6;e7f3fa;e7f3fa;dfebf2;e3f2f8;e4f3f9;e5f1f8;e8f4fb;e5f1f8;e3f2f8;e1f0f6;e0eff5;e5f4fa;deeff5;e1f2f8;e4f2fb;e3f1fa;e1eff8;e6f2fb;dce8f1;d9e8ee;dae9ef;dfeef4;e1f0f6;e1f0f6;e6f5fb;e6f5fb;e7f3fa;e7f3fa;e5f1f8;e1edf6;deeaf3;dae6ef;dce8f1;dbe9f2;e4f3f9;e4f5fb;e5f6fc;e6f7fd;e6f5fb;e8f7fd;e3f3fc;deeef7;e2f2fb;e1f1fa;e2f2fb;e4f4fd;e0f0f9;e1eff8;e2f0f9;e4f2fb;e1eff8;e0f0f9;e0f0f9;dfeff8;dfeff8;dfeff8;e0f0f9;e2f2fb;deeef7;dfeff8;e0f0f9;e2f2fb;e1f1fa;e0f0f9;e1f1fa;e3f3fc;e2f2fb;e3f3fc;deeef7;ddedf6;e0f0fa;dfeff9;ddedf7;ddedf7;dde8f5;e6eaf4;7a7d83;7d7679;756c6a;726964;6b625d
dde7ee;e1ebf2;dee8ef;dde7ee;e0eaf1;dfe9f0;dde7ee;dbe7f0;dde9f2;d9e5ee;d7e3ea;dce6ed;dee8ef;d8e4eb;dbe7ee;d9e5ee;d9e3ec;dbe5ec;dbe5ec;dae4eb;dae4eb;dce6ed;dee8ef;dde7ee;dbe5ec;dae4eb;dde5ec;d7e1e8;dce6ed;dbe5ec;dae4eb;dce6ed;dde7ee;e0eaf1;dfe7ee;dce6ed;dce6ed;dce6ed;d9e1e8;dbe5ec;dee8ef;dce6ed;dde7ee;dce6ed;dce6ed;dee8ef;e0eaf1;dee8ef;dee8ef;dfe9f0;e2eef5;deeaf1;d8e4ed;dae6ed;d9e5ec;dce6ed;e2ecf3;e6eef5;e4ecf3;e3ebf2;e5edf4;e3edf4;e2ecf3;e0eaf1;e4eef5;e4eef5;e3edf4;e1ebf2;e1ebf4;e0ecf3;dfebf2;e2eef5;e0ecf3;dae6ef;e0ecf5;dce8f1;dee8f1;e3edf4;e0eaf1;e3edf4;e2eaf1;e1e9f0;dfeaef;e3eef3;dfeaef;e0ebf0;dfeaef;e3edf4;e1ebf2;e0eaf1;e0ecf3;dce8ef;dce8ef;e0ecf3;dbe5ec;dfe9f0;dde8ed;dee9ee;dfeaef;e2edf2;e2edf2;e2edf2;dfeaef;e3ecf1;e1ebf2;e1ebf2;e1ebf2;dfe9f0;dfe9f0;e1ecf1;dbe6eb;e0ebf0;dce7ec;dde7ee;dde7ee;e1ecf1;dfeaef;e1ecf1;deebf0;dce9ee;e0ebf0;dfeaef;e0ecf3;dce8ef;dde9f0;dde9f0;dde9f0;e1edf4;e2eef5;e1edf4;dfebf2;e1edf4;e4eef5;e1ebf2;e3edf4;e2ecf3;dfebf2;e1edf4;dfebf2;dfebf2;e0eaf1;dee8ef;e1ebf2;e3edf4;e2ecf3;e6f0f7;e4eef5;e5f1f8;e5f1f8;dde9f0;e0eaf1;dee8ef;e0eaf1;e0eaf1;e3ebf2;e5edf4;eff5fc;e3ebf2;e5edf4;e4ecf3;e1ebf2;e0eaf1;e4ecf3;e5edf4;e0eaf1;dfe9f0;e3edf4;e1edf6;e0ecf5;e1edf6;e1edf4;e5f1f8;e2eef5;dfebf2;e3eff6;e0ecf3;e3eff6;e2eef5;e0ecf3;e3eff6;e2eef5;e2eef5;e2eef5;e3eff6;e3eff6;e3eff6;e2f1f7;e4f0f7;e8f3f8;e6f1f6;e2edf2;dfeaef;e1ecf1;dfeaef;e4eff4;e2eef5;e1edf4;e0ecf3;e2eef5;e3eff6;e4f0f7;e2eef5;e3eff6;e4f0f7;e4f0f7;e2eef5;e4eef5;e3eef3;e2edf2;e0e9ee;e1eaef;e3ebf2;e2eaf1;e1ebf2;e2eef5;e3eff6;e3eff6;e6f2fb;e5f1f8;e4f0f7;eaf6fd;e8f4fb;eaf4fb;e8f2f9;e6f2f9;e5f2f7;e1edf4;e4f0f7;e4f0f7;e4f0f7;e3eff6;e3eff6;e3eff6;e4f0f7;e3eff6;e0ecf3;e4f0f9;e0ecf5;e2eef7;dfeef4;e2eef5;e1f0f6;e1f0f6;e4f3f9;e2eef5;e6f2f9;e1edf4;e3eff6;e4f0f7;e4f0f7;e4f0f7;e3eff6;e1edf4;dfebf2;e1edf4;e1edf4;e3eff6;e0ecf3;e3eff6;e4f3f9;e3eff6;e5f1f8;e4f0f7;e7f3fa;e5f4fa;e2f1f7;e2f0f9;e0eef7;ddedf6;e1eff8;e2f0f9;e3f1fa;e6f2fb;e5f1fa;deedf3;dcebf1;dae9ef;dcebf1;deedf3;e1f0f6;e4f3f9;e7f6fc;e7f6fc;e7f6fc;e7f6fc;e0ecf3;dce8ef;dae6ef;d8e6ef;dceaf3;e0eef7;e1f0f6;e5f4fa;e8f7fd;e6f5fb;e4f4fd;ddedf6;e1f1fa;e1f1fa;e2f2fb;e2f2fb;deeef7;e0eef7;e1eff8;e1f1fa;e2f2fb;e2f2fb;dfeff8;dcecf5;e3f1fa;e1eff8;e0eef7;deeef7;dfeff8;dfeff8;dfeff8;ddedf6;deeef7;dfeff8;e0f0f9;e7f5fe;e2f2fb;e1f1fa;e2f2fc;e0f0fa;e0f0fa;dfeff9;ddedf7;deeef8;dae5f2;d8dce6;81848a;7b7477;756c6a;6f6663;6d645f
dfe9f0;dce6ed;e0eaf1;dfe9f0;dee8ef;e0eaf1;dde7ee;dce6ef;dce6ef;dbe5ee;dae4ed;dae4ed;dbe7f0;dce8ef;d9e5ec;dbe7f0;d8e4eb;d7e1e8;d7e1e8;dae4eb;dce6ed;dce6ed;dee6ed;dae4eb;dbe5ec;dfe7ee;dfe7ee;d9e3ea;dee6ed;dae2e9;dbe5ec;dae4eb;dbe5ec;e0eaf3;dee8ef;dbe5ec;e0eaf1;dce4eb;dce4eb;e0e8ef;d8e2e9;dbe5ec;dce6ed;dde7ee;dde7ee;dde7ee;e1ebf4;dce6ef;dbe5ee;dfe9f2;e0eaf1;e0eaf1;dee8ef;dfe9f0;e1ebf2;e0eaf3;e2ecf3;e2ecf3;e1ebf2;e3edf4;e0eaf1;e1ebf2;e3edf4;e1ebf2;e6f0f7;e3edf4;e4eef5;e1ebf2;e3edf4;dfe9f0;dfebf2;dce8ef;d9e5ec;dce8ef;deeaf1;dfebf2;e0eaf1;e4eef5;e0eaf1;e1ebf2;e2eaf1;dfe9f0;e0eaf1;dbe5ec;e1ebf2;e4eef5;e1ebf2;e2ecf3;e3edf4;dfe9f0;dee8ef;dae4eb;dee9ee;e1ecf1;dfeaef;dfeaef;dde8ed;dde8ed;d9e6eb;e0ebf0;e0ebf0;e3eef3;dee9ee;e1ecf1;e1ecf1;e1ecf1;e1ebf2;dde7ee;dee9ee;dfeaef;dbe6eb;e2edf2;e1ecf1;dde8ed;dde8ed;dde8ed;dde8ed;dee9ee;e1ecf1;dfeaef;e1ecf1;dde8ed;dde8ed;dee8ef;dfeaef;e2eff4;e1eef3;ddeaef;e1eef3;e2ecf3;e3edf4;e1ebf2;e0eaf1;e4eef5;e1ebf2;e4eef5;e2ecf3;dfebf2;dde9f0;e2ecf3;e1ebf2;dde7ee;e3ebf2;e3ebf2;e0eaf1;e1ebf2;e1edf4;dde9f0;e2eef5;e5f1f8;e1ebf2;e0eaf1;e0eaf1;e4eef5;e4eef5;e6eef5;e5edf4;e7eff6;e4ecf3;e7eff6;e2ecf3;e1ebf2;e2ecf3;e1ebf2;e0eaf1;e4eef5;e2ecf3;dfebf4;e2eef7;e3eff6;dfebf2;e0ecf3;e1edf4;e0ecf3;e3eff6;e4f0f9;dfebf4;e3eff6;dde9f0;dfebf2;deeaf1;dfebf2;dfebf2;e0ecf3;e2eef5;e0eff5;e2f1f7;e3f2f8;e4f0f7;e2eff4;e4eff4;e6f1f6;e2edf2;dfeaef;e2ecf3;e4eef5;e3edf4;e4eef5;e4eef5;e1ebf2;dfe9f0;e0eaf1;e5f1f8;e3eff6;e2eef5;e5f1f8;e2eef5;e5eff6;e2edf2;e3eef3;e2ebf0;dee9ee;dfe9f0;e4eef5;e2eef5;e2eef5;e5f1f8;e5f1f8;e1edf4;e5f1f8;e6f2f9;e5eff6;e8f2f9;e5f1f8;e2eef5;e6f2f9;e5f1f8;e1edf4;e2eef5;dbe7ee;e1edf4;e1edf4;e7f3fa;e2eef5;e2eef5;dde9f0;e3eff8;deeaf3;e4f0f9;dbe9f2;d9e7f0;e0eef7;e2f0f9;e0eef7;dfeef4;e3eff6;e0ecf3;e1edf4;e4f0f7;e4f3f9;e1f0f6;e2eef5;e4f0f7;e0ecf3;e2eef5;e2eef5;e4f0f7;e2eef5;e6f5fb;e4f3f9;e7f6fc;e6f5fb;e3f2f8;e5f4fa;e4f3f9;e5f4fa;e3f2f8;e1f0f6;e5f4fa;e2f0f9;dfedf6;deecf5;e6f5fb;e4f3f9;e4f3f9;e2f1f7;dfeef4;dcebf1;dde9f0;dde9f0;d8e4eb;dbeaf0;e8f7fd;e9f8fe;e8f7fd;e7f6fc;dfeef4;d8e4eb;d9e5ee;dae6ef;dae8f1;deecf5;e3f1fa;e7f8fe;e6f7fd;e5f5fe;dfeff8;dfeff8;e0f0f9;e1f1fa;deeef7;ddedf6;e0f0f9;e1f1fa;e2f2fb;e1f1fa;e0f0f9;ddedf6;dfeff8;e0f0f9;e0f0f9;e0f0f9;dfeff8;e0f0f9;dfeff8;e0f0f9;e0f0f9;e2f2fb;e1f1fa;e1f1fa;e1f1fa;e4f4fd;e3f3fc;e0f0fa;dfeff9;e1f1fb;dfeefb;deedfa;e0effc;deebf8;eaeef8;787880;7c7579;796f70;736a67;6c635e
dce8ef;dbe5ec;dee8ef;dde7ee;dfe9f0;dfe9f0;dfe9f0;e0eaf3;d9e3ec;dae4ed;dae4ed;dee8f1;d8e4ed;dbe7ee;d9e5ee;dbe7f0;d9e5ee;d7e1e8;dae4eb;dce6ed;dde7ee;dbe5ec;dce4eb;dbe3ea;d6e0e7;d7e1e8;dae4eb;dbe5ee;dae4ed;dae4ed;dce6ef;dbe5ee;dee8f1;dae4ed;dbe5ee;dde7f0;dbe5ec;dbe5ec;e0eaf1;dfe9f0;dee8f1;dce6ef;dbe5ec;dee8ef;dde7ee;dbe5ec;dee8ef;e1ebf4;e2ecf5;e0eaf3;dee8ef;dee8ef;dee8ef;e1ebf2;dce6ed;dde7ee;e0eaf1;dfe9f0;e3edf4;e4eef5;e3edf4;e0eaf1;e1ebf2;e3edf4;e2ecf3;e3edf4;e4eef5;e3edf4;e2ecf3;e1ebf2;e2ecf3;dde9f0;e2eef5;dae6ed;dde9f0;dfebf2;dfebf2;e0eaf1;e4eef5;e4eef5;e0eaf1;e2ecf3;e2ecf3;dfe9f0;dfe9f0;e1ebf2;dce6ed;dce6ed;dbe5ec;e1ebf2;e0eaf1;dfe9f0;dde7ee;dfeaef;dbe6eb;dce7ec;d6e1e6;dfeaef;dce7ec;dde8ed;e1ecf1;e1ecf1;dee9ee;dfeaef;dee9ee;e2edf2;dfeaef;dee9ee;e1ecf1;dfeaef;dee9ee;dbe8ed;d9e6eb;dde8ed;dfeaef;dde8ed;dde8ed;dfeaef;dde8ed;e1ecf1;dbe6eb;dde8ed;dde8ed;e2ecf3;dde8ed;dce7ec;e1ecf1;dde8ed;e3eef3;e1ebf2;e2ecf3;dfe9f0;e0eaf1;e0eaf1;e0eaf1;e4eef5;dfebf2;dce8ef;deeaf1;dfe9f0;dde7ee;e2edf2;dfeaef;e2eaf1;e3edf4;e0eaf1;dbe7ee;e0ecf3;e4f0f7;e1edf4;e3eff6;e5eff6;dfe9f0;e2ecf3;e3edf4;e3edf4;e3edf4;e4eef5;e3edf4;e2ecf3;e1ebf2;e1ebf2;e1ebf2;e1ebf2;dfe9f0;e0eaf1;e1ebf2;e1ebf4;e3edf6;e3edf4;e2ecf3;e0ecf3;e3eff6;e2eef5;e2eef5;e0ecf5;e1edf6;e2eef7;e2eef5;e1edf4;e1edf4;e2ecf3;e0ecf3;deeaf1;e2eef5;e0eff5;dfeef4;dfeef4;e5f1f8;e4f1f6;e3f0f5;e7f2f7;e2edf2;e2edf2;e1ebf2;e0ebf0;e1ecf1;e2ecf3;e5eff6;e3edf4;e1ebf2;e2ecf3;e2ecf3;e1edf4;e1edf4;e4f0f7;e1edf4;e4f0f7;e1edf4;e6f1f6;e5f0f5;e2ecf3;e1ebf2;dfebf2;deeaf1;dfebf2;e5f1f8;e4f0f7;e5f1f8;e5f1f8;e4f0f7;e5eff6;e8f2f9;e7f3fa;e6f2f9;e6f2f9;e5f1f8;e6f2f9;e5f1f8;e5f1f8;e7f3fa;e2eef5;e4f0f7;e5f1f8;e3eff6;e1edf4;e4f0f7;e2eef5;e4f0f7;e1eff8;e0eef7;e0eef7;dfedf6;e0eef7;e1eff8;ddecf2;ddecf2;e4f3f9;e3f2f8;e5f4fa;e2f1f7;e4f0f7;e3eff6;e4f0f7;e0ecf5;e1edf6;e2eef5;e4f0f7;e2f1f7;dcebf1;e0eff5;e3f2f8;e0eff5;e3f2f8;e5f4fa;e6f5fb;e3f2f8;e3f2f8;e1f0f6;e4f3f9;e0eef7;e3f1fa;e0eff5;e4f3f9;e3f2f8;e5f4fa;e2f1f7;e3eff6;dbe7ee;d9e5ec;d8e4eb;e0ecf3;dfeef4;e3f2f8;e4f3f9;e7f6fc;e4f3f9;deeaf1;dce8f1;d6e2eb;d4e2eb;dceaf3;e2f0f9;e4f4fd;e5f6fc;e5f5fe;e0f0f9;e1f1fa;e0f0f9;e2f2fb;e2f2fb;e0f0f9;e0f0f9;e1f1fa;e0f0f9;ddedf6;e3f3fc;deeef7;dbebf4;e2f2fb;e2f2fb;dfeff8;e0f0f9;dfeff8;e1f1fa;deeef7;dfeff8;dfeff8;e0f0f9;e2f2fb;e4f4fd;e5f5fe;e3f3fd;e1f1fb;e0f0fa;e1f1fb;e0effc;dcebf8;d7e6f3;dae7f4;e3e7f2;787880;7b7478;796f72;756c69;6d6761
e0ebf0;e1ebf2;dde7ee;dce6ed;dfe9f0;e0eaf1;dde7f0;dfe9f2;dae4ed;dae4ed;d9e3ec;dae4eb;d9e5ec;dce6ed;d8e4ed;d9e5ee;d8e4ed;dbe5ee;d7e1ea;dae4eb;dae4eb;dae4eb;dce4eb;dbe5ec;dbe5ec;dde7ee;dae4eb;d9e3ea;dae4eb;dbe3ea;dae4ed;dde7f0;dce6ef;d9e3ec;d6e2eb;d7e3ec;dee8f1;dde7f0;dee8f1;dde7f0;dce6ef;dbe5ee;dce4eb;dde5ec;dde5ec;e2ebf0;e0eaf1;dde7ee;dee8ef;dde7ee;dde7f0;dfe9f2;dfe9f2;dce6ef;dfe9f2;dfe9f2;dde7ee;e3edf4;e5eff6;e1ebf2;e2edf2;e1ecf1;e2ecf3;e3edf4;e1ebf2;e4eef5;e1ebf2;dfebf2;dde9f0;e2ecf3;e3edf4;dce6ed;e1ebf2;dae4eb;dbe7ee;dfebf2;dfebf2;dce8ef;dfebf2;e2ecf3;e1ebf2;e2eaf1;e3ebf2;dee8ef;dde7ee;dee8ef;dee8ef;dce6ed;dde7f0;dde7ee;dde7ee;dbe5ec;dee8ef;dfe9f0;dce7ec;d8e3e8;dee8ef;d8e3e8;dae5ea;dee8ef;dee9ee;e3ecf1;e2ebf0;e1eaef;e3ecf1;e5eef3;e0ebf0;e0e9ee;e2edf2;e0ebf0;dce6ed;ddeaef;dbe7ee;dae7ec;dde8ed;e0ebf0;dce6ed;dee8ef;dee9ee;dfe9f0;e0ebf0;dce7ec;dee9ee;dee8ef;dfeaef;dfeaef;dee9ee;dfeaef;e4eff4;e0e9ee;e0e8ef;e1ebf2;e2ebf0;e1ecf1;e1ebf2;e3edf4;e0ecf3;dde9f0;dde9f0;e1ecf1;e1ecf1;e1ecf1;dee9ee;e2ecf3;dee8ef;dee8ef;dbe5ec;e1ebf2;deeaf1;e1edf4;deeaf1;deeaf1;e3edf4;e0eaf1;dfe9f0;e1ecf1;dee9ee;e5f0f5;e6f1f6;e2ecf3;e2eef5;dfebf2;dfebf2;e3eff6;e3eff6;e1ebf2;e1ebf2;e1ebf2;e1ebf2;e1ebf2;e3edf4;e3eff6;e5eff6;e0ecf3;dfebf4;e2eef7;e1edf6;e3eff8;e1edf6;e0ecf5;e2eef7;e2ecf3;e3edf4;e0eaf1;dee8ef;e0ecf3;e1edf4;e6f2f9;e4f0f7;e3eff6;e4f0f7;e5f1f8;e4eef5;e2ecf3;e1edf4;e1ebf2;e3edf4;e1ebf2;e3edf4;e3edf4;e4eef5;e4eef5;e6f0f7;e2ecf3;e0ecf3;e5f1f8;e4f0f7;e5f1f8;e6f2f9;e6f2f9;e3eff6;e3eff6;e3eff6;e2ecf3;e0eaf1;dee8ef;e3edf4;e5eff6;e7f1f8;e5eff6;e5eff6;e8f2f9;ebf5fc;e6f2f9;e6f2f9;e6f2f9;e3eff6;e6f2f9;e5f1f8;e8f4fb;e3eff6;e4f0f7;e3eff6;e7f3fa;e4f0f7;e4f0f7;e5f1f8;e5f1f8;e2eef5;e4f3f9;e4f3f9;e1f0f6;e1f0f6;e3f1fa;e0eef7;e1f0f6;dfeef4;e0eff5;e2f1f7;e2f1f7;e2f1f7;e5f1fa;e2eef7;e0ecf5;e1edf6;e1edf4;e5f1f8;e4f0f7;e1edf4;e0ecf3;e3eff6;e3eff6;e0ecf3;e4f0f7;e6f5fb;eaf6fd;e8f4fb;e5f1f8;e6f2f9;e4f3f9;e4f3f9;e3f2f8;e1f0f6;e3f2f8;e2f1f7;e6f5fb;e8f4fb;e7f3fa;e3eff6;dfebf2;dce8ef;d7e3ea;dbeaf0;dbeaf0;e4f3f9;e6f5fb;e6f5fb;e6f5fb;e3f2f8;dfedf6;d6e4ed;d5e3ec;d8e6ef;e0f0f9;e8f8ff;e2f2fb;e0f0f9;e0f0f9;e1f1fa;dfeff8;deeef7;dfeff8;e0f0f9;dfeff8;ddedf6;ddedf6;e0f0f9;e0f0f9;deeef7;e2f2fb;e2f2fb;dfeff8;dcecf5;dcecf5;e1f1fa;e1f1fa;dfeff8;e2f2fb;e2f2fb;e0f0f9;e1f1fa;e3f3fc;e2f2fb;e3f3fd;e1f1fb;e1f1fb;e1f1fb;dfeff9;dcecf6;dce7f4;e5e9f4;808088;787175;787071;726b68;68625c
deebf0;dde9f0;e0eaf1;dce6ed;e0eaf1;e2ecf3;e0eaf3;dee8f1;dae4ed;dce6ef;dbe5ee;d9e5ee;dbe7f0;d8e4ed;dbe7f0;dbe7f0;d9e5ee;dce6ef;dce6ed;d9e3ea;dde7ee;dbe5ec;dbe5ec;dbe5ec;dbe5ec;d7e1e8;dbe5ec;d9e3ea;dee8ef;dae4eb;dde7ee;dce6ef;dae4ed;d9e3ec;deeaf3;dbe7f0;dde7f0;dae6ef;dfe9f2;e1ebf4;dee8f1;dde5ee;e0e8ef;dbe3ea;e0e9ee;dfeaef;e0ebf0;dee8ef;dae4eb;dfe9f0;dee8f1;e2ecf5;dde7f0;dce6ef;e1ebf4;dce6ef;dde7ee;dde7ee;e3edf4;e1ecf1;e1ecf1;e0ebf0;e1ebf2;dfe9f0;e1ebf2;e5eff6;e4eef5;e2ecf3;e6f0f7;e2ecf3;e2ecf3;e3edf4;dce6ed;dee8ef;deeaf1;e0ecf3;dfebf2;deeaf1;dde9f0;e1edf4;e3edf4;e2ecf3;e1e9f0;dde7ee;e3ebf2;e1e9f0;dee8ef;dde9f0;dde9f0;dfebf4;d9e5ee;dfebf2;dfe9f0;e0eaf1;dfeaef;dde8ed;dde8ed;dce7ec;dde8ed;e0e9ee;dde6eb;e3ecf1;e4edf2;e6eff4;e2ebf0;e5eef3;e2ebf0;e3ecf1;e2ebf0;e2edf2;dce7ec;dce8ef;dde9f0;dce9ee;dbe8ed;dee9ee;e0eaf1;dce6ed;dee9ee;dde8ed;dfeaef;dee9ee;dde8ed;dfeaef;dfeaef;e2edf2;dfeaef;dfeaef;dfeaef;dfeaef;e1ecf1;dee9ee;e2ebf0;e2edf2;e0ebf0;dde9f0;dfebf2;deeaf1;deeaf1;ddeaef;e2edf2;dfeaef;e2edf2;dee8ef;dee8ef;dee8ef;dae4eb;e0eaf1;e0eaf1;e2ecf3;deeaf1;dfe9f0;dfe9f0;e2ecf3;e2ecf3;e2ecf3;dee8ef;e0edf2;e0ecf3;e2eef5;e3eff6;e3eff6;e2eef5;e4f0f7;e1edf4;e4eef5;e2ecf3;e3edf4;dee8ef;dde7ee;e0eaf1;dde7ee;dce6ed;e0eaf1;dbe7ee;e0ecf3;e0ecf5;dfebf4;deeaf3;dfebf4;e5eff6;e2ecf3;e2ecf3;e5eff6;e2ecf3;e3eff6;e3eff6;e4f0f7;e2eef5;dfebf2;e2eef5;e5f1f8;e7f1f8;e3edf4;e2eef5;deeaf1;e0eaf1;e2ecf3;e3edf4;e2ecf3;e3edf4;e1ebf2;e6f0f7;e5f1f8;e5f1f8;e0ecf3;e3eff6;e4f0f7;e6f2f9;e6f2f9;e6f2f9;e3eff6;e3eff6;e0eaf1;e1ebf2;e2ecf3;e1ebf2;e2ecf3;e4eef5;e5eff6;e5eff6;e6f0f7;e7f1f8;e8f2f9;e7f3fa;e5f1f8;e4f0f7;e5f1f8;e6f2f9;e4f0f7;e1edf4;e4f0f9;e4f0f7;e3eff6;e5f1f8;e4f0f7;e4f0f7;e5f1f8;e5f1f8;e3f2f8;e1f0f6;e3f2f8;e2f1f7;e1f0f6;e3f2f8;e0eff5;e1f0f6;e2f0f9;e3f2f8;e2f1f7;e0eff5;e4f0f9;e2eef7;e1edf6;e5f1fa;e5f1f8;e8f4fb;e8f4fb;dfebf2;e0ecf3;dde9f0;e0ecf3;e2eef5;e1edf4;e3eff6;e1f0f6;e5f4fa;e3eff6;e8f4fb;e7f3fa;e7f6fc;e5f4fa;e3f2f8;e2f1f7;e3f2f8;e2f1f7;e6f2f9;e7f3fa;e8f4fb;e6f2f9;e0ecf3;dbe7ee;dae6ed;d7e3ec;dbe7f0;e0eef7;e6f5fb;e7f6fc;e8f7fd;e4f2fb;e3f1fa;dfedf6;d9e7f0;dcecf5;deeef7;e3f3fc;deeef7;dfeff8;e1eff8;dfeff8;e0f0f9;e0f0f9;dfeff8;e3f3fc;e0f0f9;deeef7;e0f0f9;deeef7;e1f1fa;dfeff8;e0f0f9;e0f0f9;e1f1fa;e0f0f9;ddedf7;e2f2fb;e3f3fc;e5f5fe;e4f4fd;e0f0f9;dfeff8;e2f2fb;e2f2fb;e0f0fa;e1f1fb;e0f0fa;dcecf6;ddedf7;e0f0fa;dde8f5;dfe3ed;7d7d85;7b7477;736b6c;6c6660;66605a
dce6ed;dde7ee;dee8ef;e0eaf1;dfe9f0;dfe9f2;e0eaf3;d7e1ea;d8e4ed;dae6ef;d9e3ec;d9e5ee;d7e3ec;e0eaf3;dbe5ee;d9e5ee;d9e5ee;d9e3ec;dae4eb;dce6ed;dae4eb;dde7ee;dee8ef;dae4eb;dae4eb;dbe5ec;dce6ed;dce6ed;dee6ed;dee6ed;d9e3ea;dae4ed;dce6ef;dbe5ee;d9e5ee;d7e3ec;deeaf3;dae6ef;dce8f1;dfe9f2;dbe5ee;dae4ed;e0e8ef;e2eaf1;dde6eb;dfeaef;dfeaef;e0eaf1;e1ebf2;dde7ee;dfe9f2;dde7f0;e0eaf3;dfe9f2;e1ebf4;dce6ef;dce6ef;e1ebf2;e0eaf1;e0ebf0;e0ebf0;e4eff4;e2ecf3;dfe9f0;e0eaf1;e2ecf3;e0eaf1;e5eff6;e4eef5;e5eff6;e1ebf2;e2ecf3;dfe9f0;e1ebf2;dce8ef;deeaf3;deeaf1;dbeaf0;deeaf1;dce8ef;dde7ee;dce7ec;e2ebf0;e2ebf0;dbe4e9;e0e9ee;e0e9ee;e0eaf1;e1ebf2;deeaf1;deeaf3;dce8f1;e0ecf3;deeaf1;dbe6eb;dae5ea;dee9ee;e2ebf0;dde6eb;dce5ea;e1eaef;e0e9ee;e0e9ee;e0e9ee;dfe7ee;e4ecf3;e4ecf3;e4ecf3;e2eaf1;e2ebf0;e1e9f0;dee8ef;e0eaf1;e2ecf3;dde7ee;d9e3ea;dbe5ec;dee8ef;dfeaef;dce7ec;dce7ec;dbe6eb;e1ecf1;e1ecf1;dfeaef;e1ecf1;e1ecf1;dde8ed;e0eaf1;e0eaf1;dde7ee;e1ebf2;e1ecf1;e3eef3;deeaf1;e2eef5;e0ecf3;deeaf1;e1edf4;dfebf2;deebf0;ddeaef;e0edf2;dee8ef;dbe5ec;dce6ed;e0eaf1;dfe9f0;dfe9f0;e0eaf1;dae4eb;d9e3ea;e2ecf3;e4eef5;e5eff6;e2ecf3;e1ebf2;dbe7ee;dfebf2;dde9f0;e0ecf3;e4f0f7;e3eff6;e0ecf3;deeaf1;dfe9f0;e3edf4;e3edf4;e0eaf1;dfe9f0;dfe9f0;e1ebf2;e1ebf2;dee8ef;deeaf1;deeaf1;e2eef5;dfebf2;e2ecf3;e2ecf3;e2ecf3;e5eff6;e4eef5;e3edf4;e3edf4;e2ecf3;e1ebf2;e4eef5;e6f0f7;e3eef3;e3eef3;e0ebf0;e0ecf3;e2eef5;e1edf4;dfebf2;e1edf4;deeaf1;dfebf2;e4f0f7;e6f0f7;e1edf4;e3eff6;e4f0f7;e1edf4;e0ecf3;e0ecf3;e2eef5;e7f1f8;e4eef5;e5f1f8;e5f1f8;e3eff6;e4f0f7;e2eef5;dfe9f0;e2ecf3;e0eaf1;e1ebf2;e1ebf2;e4eef5;e6f0f7;e7f1f8;e8f4fb;e8f4fb;e7f3fa;e8f4fb;e5f1f8;e5f1fa;e3eff8;e6f2fb;e7f3fa;e7f1f8;e8f2f9;e4f0f9;e4f0f9;e2eef7;e6f2fb;e3eff8;e4f3f9;dfeef4;e3eff6;e4f0f7;e4f0f7;dfeef4;e4f0f7;e2f1f7;e2f0f9;e3f2f8;e3eff6;e2eef5;e4f0f9;e6f2f9;e5f1f8;e7f3fa;e7f3fa;e7f3fa;e5f1f8;e6f2f9;e1edf4;e0ecf3;e2eef7;e2eef5;e1edf4;e0ecf3;dfedf6;dfeef4;ddecf2;e5f4fa;e2f1f7;e4f3f9;e7f6fc;e6f5fb;e4f3f9;e3f2f8;e1f0f6;dfeef4;e2f1f7;e4f3f9;e5f4fa;e5f1f8;e5f1f8;dce8f1;d7e3ec;d8e4ed;dbe7f0;e1eff8;e8f6ff;e8f7fd;e4f5fb;dfeef4;dcecf5;deeef7;dbebf4;e0f0f9;e1f1fa;dfeff8;e1eff8;e3f1fa;e4f2fb;e2f2fb;ddedf6;deeef7;dfeff8;e1f1fa;e0f0f9;dfeff8;dcecf5;e2f2fb;dfeff8;e2f2fb;deeef7;dfeff8;dfeff8;deeef8;e0f0f9;ddedf6;e2f2fb;e1f1fa;e0f0f9;e4f4fd;e1f1fa;e1f1fa;e3f3fc;dfeff9;deeef8;dfeff9;dcedf7;ddedf7;deecf6;e2e7ee;787b81;7a7374;76706e;6e6963;68635d
dfe9f0;dfe9f0;dde7ee;dee8ef;dce6ed;e2ecf3;e0eaf1;d9e3ec;dce6ef;dee8f1;dbe5ee;dee8f1;e1ebf4;dfe9f2;e1ebf4;d8e2eb;d9e3ec;dee8f1;dde7f0;dce6ed;dbe5ec;dbe5ec;dde7ee;dee8ef;dde7ee;dae4eb;d9e3ea;d7e1e8;dbe5ec;dce6ef;dde7f0;dbe5ee;d9e3ec;d9e3ec;dfe9f2;d8e2eb;dee8f1;dde7ee;e1ebf4;dee8f1;dde7ee;dbe5ee;dce6ed;e1ebf2;e0eaf1;e0eaf1;dee8ef;e1ebf2;dce8ef;dbe7f0;dfe9f2;dce6ef;e0eaf3;dce8f1;dbe7f0;dae6ef;dde9f2;deeaf1;e1edf4;e4eef5;e6f1f6;e2edf2;e1e9f0;e2ecf3;dee8ef;e0eaf1;e1ebf2;e4eef5;e2edf2;e1ebf2;e4eef5;e2ecf3;e2ecf3;dee8ef;e0eaf1;deeaf1;deeaf1;dbeaf0;dce8ef;dde9f0;dfe9f0;e2edf2;e3ecf1;e4edf2;e3ecf1;e3ecf1;e0e9ee;e3ecf1;dee9ee;e2ecf3;dbe7ee;dde9f0;dde9f0;dae6ed;d8e5ea;dde8ed;dde8ed;dfe8ed;dee7ec;dee7ec;dfe8ed;dfe8ed;dde6eb;e0e9ee;e0e8ef;e2ecf3;dee8ef;dee8ef;e1ebf2;e1ebf2;dfe9f0;dde7ee;e1ebf2;e0eaf1;dee8ef;dee8ef;dee9ee;dce7ec;d8e3e8;dee9ee;dee9ee;dfeaef;dde8ed;dee9ee;dfeaef;e2edf2;e2edf2;e2ecf3;dbe5ec;dee8ef;dfe9f0;dfe9f0;e0ebf0;e2edf2;e0ebf0;e1ecf1;e2eef5;e2eef5;e0ecf3;dfebf2;e1edf4;ddeaef;e0edf2;e3eef3;e3eef3;e1ecf1;dde8ed;e1ebf2;dde7ee;dde7ee;dde7ee;e2ecf3;dee8ef;dfe9f0;e4eef5;dfebf2;e0ecf3;deeaf1;deeaf1;dbe7ee;e1edf4;e2eef5;e1edf4;e3edf4;e3edf4;e4eef5;e3edf4;e4eef5;e4eef5;e4eef5;e3edf4;dfe9f0;dfe9f0;dde7ee;dfecf1;deebf0;e2eef5;e1ebf2;dee8ef;e3eef3;e4edf2;e6eff4;e1ecf1;e2ecf3;e2ecf3;e3edf4;dee8ef;e3eef3;e2edf2;e3eef3;e3eef3;e3eef3;e2eff4;e0edf2;e1eef3;e3f0f5;e2eef5;e0ecf3;e0ecf3;e0ecf3;e0ecf3;dfebf2;e4f0f7;e1edf4;e4f0f7;e5f1f8;e6f0f7;e6f0f7;e3edf4;e7f1f8;e4eef5;e6f0f7;e5f1f8;e7f3fa;e3eff6;e4f0f7;e1ebf2;e1ebf2;dee8ef;e0eaf1;e2ecf3;e4eef5;e2ecf3;e2eef5;e8f4fb;e4f0f7;e5f1f8;e4f0f7;e5f1f8;e5f1f8;e6f2f9;e7f3fa;e5f1f8;e4f0f7;e5f1fa;e5f1fa;e1edf6;e5f1fa;e5f1fa;e3eff6;e1edf4;e5f1f8;e5f1f8;e3eff6;e4f0f7;e4f0f7;e5f1fa;e2eef7;e6f2f9;e7f3fa;e1f0f6;e4f3f9;e3f2f8;deedf3;e2eef5;e1f0f6;e3f2f8;e2f1f7;e3eff6;e8f4fb;e5f1f8;e6f2f9;e3eff8;e0ecf5;dfebf4;e1edf6;e0ecf3;dbeaf0;dbeaf0;ddecf2;dfeef4;e0eff5;e1f0f6;e3f2f8;e5f3fc;e2f0f9;e0eef7;e1eff8;e2f0f9;e6f5fb;e3f2f8;e6f2f9;e6f2f9;e3eff8;deeaf3;d5e1ea;d7e5ee;e4f2fb;e6f4fd;e8f6ff;dfeff8;dcecf5;deeef7;e0f0f9;e0f0f9;e4f2fb;e4f2fb;e6f4fd;e5f3fc;e0f0f9;e0f0f9;deeef7;e0f0f9;e3f3fc;e1f1fa;e0f0f9;deeef7;e0f0f9;e0f0f9;ddedf6;dfeff8;e0f0f9;e1f1fa;e2f2fb;dfeff8;deeef7;e0f0f9;ddedf6;e5f5fe;e4f4fd;e2f2fb;e3f3fc;e2f2fb;e2f2fb;e0f0fa;deeff9;e0f1fb;dcedf7;dbebf5;dae8f2;e4eaf1;7f8086;777073;78716f;746e68;6a655f
dae4eb;d7e1e8;d9e3ea;dee8ef;e4eef5;dfe9f0;dfe9f0;dbe5ee;dbe5ec;dde7ee;dfe9f0;dde7f0;dae4eb;d9e3ec;dbe5ee;dfe9f2;dbe5ee;dae4ed;dae4ed;dde7f0;dde7f0;dee8f1;dee6ed;d9e1e8;dee8ef;dae4eb;dce6ed;d9e3ec;d9e3ec;dbe5ee;dbe5ee;dce6ef;dbe5ee;dde7f0;d4dee7;dbe5ee;dbe5ee;dde7ee;dde7ee;dee8ef;dde7ee;dbe5ee;dae4eb;dbe5ec;e0eaf1;dde7ee;dde7ee;e2ecf3;deeaf3;dfebf4;e1ebf4;dce6ef;dde9f2;dde9f2;dfebf2;dce8ef;dbe7ee;dbe7ee;dfebf2;dee8ef;e2ecf3;e0ebf0;dfe9f0;e0eaf1;dfe9f0;dfe9f0;e1ebf2;e2ecf3;e1ebf2;e3edf4;dde7ee;e3edf4;e3eef3;dae5ea;dbe5ec;dfebf2;dfebf2;dbe7ee;dfebf2;dde9f0;e3edf4;e3edf4;e2ebf0;e0e9ee;e0e9ee;e4edf2;dee7ec;e2ebf0;e1eaef;e2ebf0;dae4eb;d8e4eb;dde9f0;dde9f0;dde9f0;e0eaf1;dce6ed;e1eaef;e2ebf0;e0e9ee;dbe4e9;dce5ea;dbe4e9;dfe8ed;dce6ed;dce6ed;dfe9f0;dfebf2;e1ebf2;dee9ee;e0ebf0;e2ecf3;e0eaf1;e1ebf2;dfe9f0;dee8ef;dee9ee;dae5ea;d9e3ea;d7e3ea;e0ebf0;dfeaef;e1ecf1;dee9ee;e1ecf1;e2edf2;e1ecf1;e0eaf1;e0eaf1;e0eaf1;e1ebf2;dfe9f0;dde7ee;e1ebf2;dee9ee;dce9ee;e1edf4;e1edf4;e2eef5;e1edf4;dce8ef;dce9ee;dfeaef;e1ecf1;e1ecf1;e2edf2;dfeaef;e1ebf2;dfe9f0;dce6ed;dbe5ec;dee8ef;dbe5ec;dae4eb;dae4eb;deeaf1;dfebf2;e1ebf2;dde7ee;dfe9f0;e1ebf2;e2ecf3;e0eaf1;e4eef5;e2ecf3;e5eff6;e3edf4;e3edf4;e6f0f7;e6f0f7;e2ecf3;e3edf4;e3eff6;e2eef5;e0edf2;deebf0;dfecf1;e0eaf1;dee8ef;dce7ec;e3ecf1;e5eef3;dfeaef;e1ecf1;e1ebf2;e3edf4;e2edf2;e3eef3;e1ecf1;dfeaef;e1ecf1;e2edf2;e1ecf1;e1eef3;e3eef3;e3eef3;e3eef3;e3eef3;e4eef5;dfebf2;deeaf1;e2eef5;e5f1f8;e4f0f7;e2ecf3;e4eef5;e5eff6;e6f0f7;e8f2f9;e8f2f9;e3edf4;e5eff6;e3edf4;e5f1f8;e5f1f8;e6f2f9;e5f1f8;e5eff6;e3edf4;e1ebf2;e1ebf2;e1ebf2;e4eef5;e4f0f7;e4f0f7;e6f2f9;e8f4fb;e6f2f9;e6f2f9;e6f2f9;e5f1f8;e7f3fa;e9f5fc;e4f0f7;e2eef7;e2eef7;e2eef7;e4f0f9;e4f0f9;e4f0f7;e3eff6;e6f2f9;e0ecf3;e3eff6;e5f1f8;e4f0f7;e0ecf3;e4f0f7;e2eef5;e4f0f7;e2eef5;e3eff6;e5f1f8;dde9f0;dfebf2;e1f0f6;e0eff5;e3f2f8;e7f3fa;e8f4fb;e4f0f7;e4f0f7;e7f3fc;e6f2fb;e4f0f9;e6f2f9;e3eff6;e4f0f7;e3eff6;e2f1f7;dfeef4;e2f1f7;e0eff5;e0eff5;e2f1f7;e2f1f7;e0eff5;e2f1f7;e2f0f9;e4f3f9;e2f1f7;e7f3fc;e3f1fa;e4f2fb;e3f1fa;e4f0f9;d5e3ec;dbe9f2;e5f3fc;e4f2fb;dbebf4;deeef7;ddedf6;dfeff8;e2f0f9;e4f2fb;e2f0f9;e2f0f9;e1eff8;e1f1fa;dfeff8;e0f0f9;e0f0f9;dfeff8;dcecf5;dbebf4;e2f2fb;deeef7;ddedf6;e0f0f9;deeef7;e2f2fb;dfeff8;dcecf5;e3f3fc;dfeff8;e1f1fa;e3f3fc;dfeff8;e2f2fb;e2f2fb;e4f4fd;e3f3fc;e1f1fa;e1f1fb;e2f3fd;ddeef8;dcedf7;dfeff9;dfedf7;e2e7f1;7c7d83;7f777a;797270;6c6660;67625c
dbe5ec;dfe7ee;dee6ed;dbe3ea;e2eaf1;e3ebf2;dee8f1;dde7f0;dce6ef;dae4eb;dbe5ec;dce6ed;dee8ef;d8e2e9;dbe5ee;dee8f1;dde7ee;dce6ed;d9e3ec;dae4ed;dce6ef;dde7f0;d9e3ec;dae4eb;d9e3ea;dce6ed;dae4eb;dae4eb;d7e1e8;dce6ef;dbe5ee;dde7f0;dce6ef;dce6ef;dce6ef;dae4ed;dfe7f0;dde5ec;dee8ef;dfe9f0;dee8ef;dae6ef;d9e5ee;dce6ed;e2ecf3;dde7ee;dfe9f0;e1ebf2;e0eaf1;dfe9f0;dfe9f2;e0eaf3;dde7ee;dfe9f0;e0eaf1;dfebf2;dde9f0;dbe7ee;dfebf2;e3edf4;e4eef5;dee8ef;e1ebf2;dde7ee;e0eaf1;dce6ed;dfebf2;e2eef5;e1edf4;e4f0f7;e3eef3;e1ecf1;e1ecf1;e1ecf1;e2edf2;e2eef5;dce8ef;dfebf2;deeaf1;deeaf1;dde7ee;dfeaef;dfeaef;dfeaef;e2ebf0;dee7ec;dfe8ed;e1eaef;e1eaef;dfeaef;dce7ec;d9e6eb;d9e5ec;dbe7ee;d8e4eb;d8e4eb;dfe9f0;dae4eb;e0eaf1;e1e9f0;dee7ec;dee7ec;dde6eb;dee7ec;dce7ec;dbe6eb;dde7ee;dbe7ee;dfebf2;dfecf1;dbe8ed;e2eef5;e2edf2;e0ebf0;dfe9f0;dfe9f0;dbe6eb;dbe5ec;dee8ef;d8e4eb;dce8ef;deeaf1;e0edf2;dfeaef;e2edf2;dee9ee;dfeaef;e0ebf0;e0ebf0;e1ebf2;dfe9f0;dbe5ec;dfe9f0;e2ecf3;dfe9f0;dee8ef;dde7ee;dee9ee;e1ecf1;deebf0;dae7ec;d8e5ea;dfebf2;e0ebf0;e4eff4;e1ecf1;dfecf1;e2edf2;e1edf4;dfebf2;e0eaf1;e1ebf2;dae6ed;dbe7ee;deeaf1;d9e5ec;e2ecf3;e1ebf2;e1ebf2;dfe9f0;dee8ef;e2ecf3;e1ebf2;e4eef5;e2ecf3;dfe9f0;e1ebf2;e0eaf1;e2ecf3;e2ecf3;e0ebf0;e2eff4;e0edf2;e2eff4;dfecf1;e0edf2;dfebf2;dde7ee;dce6ed;dce6ed;e3ebf2;e1eaef;e4edf2;e3ecf1;e1e9f0;dde7ee;dde5ec;e1eaef;e1ebf2;dfe9f0;e1ecf1;e0eaf1;dfe9f0;e1ecf1;e3eef3;e3eef3;e1ecf1;e4eff4;e5f0f5;e2eff4;e3eef3;e0edf2;e3eef3;e3eef3;e6f0f7;e6f0f7;e1edf4;e3eff6;e5f1f8;e4f0f7;e5f1f8;e4eef5;e4f0f7;e6f0f7;e7f1f8;e6f0f7;e8f2f9;e6f0f7;e8f2f9;e2ecf3;dfe9f0;dfe9f0;dfe9f0;dce8ef;e3eff6;e4f0f7;e4f0f7;e7f1f8;e6f2f9;e5f1f8;e4f0f7;e6f2f9;e4f3f9;e5f4fa;e6f2fb;e3eff8;e1edf6;e3eff8;dfebf4;e4f0f9;e4f0f7;e4f0f7;e1edf4;e6f2f9;e4f0f7;e3eff6;e2eef7;e0ecf5;e3eff8;e5f1fa;e6f4fd;e2f1f7;e2f1f7;e5f4fa;e5f4fa;e5f4fa;e5f4fa;e3f2f8;e6f2f9;e5f1f8;e6f2f9;e5f1f8;e4f2fb;e5f3fc;e7f5fe;e6f5fb;e4f3f9;e2f1f7;e4f3f9;e2f1f7;e5f4fa;e6f5fb;e4f3f9;e2f1f7;e5f3fc;e2f0f9;deecf5;ddebf4;e4f2fb;e3f1fa;e3f1fa;e5f3fc;e3f1fa;e6f4fd;e7f6fc;e3f2f8;deedf3;ddecf2;dfedf6;e6f4fd;ddebf4;e1eff8;e3f1fb;e2f0f9;e2f0f9;e6f4fd;e3f1fa;e0f0f9;e0f0f9;e1f1fa;e1f1fa;e0f0f9;e1f1fa;e1f1fa;e0f0f9;deeef7;deeef7;e3f3fc;e1f1fa;e3f3fc;ddedf6;deeef7;e0f0f9;e0f0f9;deeef8;deeef8;e3f3fd;e0f0f9;e1f1fa;e4f4fd;e1f1fa;e1f1fa;dfeff9;e2f2fc;e0f0fa;dfeff9;ddedf7;ddedf7;d9e9f3;dde9f3;e4e8f2;86878d;756e71;79706e;736a65;66615b
d9e3ea;dee6ed;dce6ed;dae2e9;d4dce3;dce4eb;dfe9f2;dbe5ee;dbe5ee;dde7ee;dee8ef;dfe9f0;d9e3ea;dee8ef;dfe9f0;dbe5ec;dce6ed;dce6ed;dce6ed;dae4eb;dde7f0;dee8f1;dce6ed;dde7ee;dde7ee;dce6ed;dae4eb;dae4eb;dee8ef;dde7ee;dae4ed;dde7f0;dbe5ee;dce6ef;dce6ef;dde7f0;dfe9f2;dde5ec;dde7ee;dae4eb;dae4eb;d8e4ed;dce8f1;dce6ef;dde7f0;e2ecf3;e2ecf3;e1ebf2;dde7ee;e1ebf2;dfe9f2;e3edf6;e1ebf2;e1ebf2;e0eaf1;deeaf1;e0ecf3;dfebf2;e0ecf3;deeaf1;dfe9f0;e0eaf1;e2ecf3;e1ebf2;dbe5ec;e3edf4;dfe9f0;deeaf1;e4eff4;dfecf1;e0ebf0;e5f0f5;e1ecf1;dfeaef;e0ebf0;dee9ee;dce8ef;dae6ed;dde9f0;dce8ef;d9e5ec;dee8ef;e0eaf1;e0ebf0;dde8ed;dee7ec;dce7ec;e2ebf0;e0e9ee;dde8ed;dde8ed;dde8ed;dae6ed;d8e4eb;dae6ed;dbe7ee;d9e5ec;dce6ed;dde7ee;dde7ee;dce6ed;dbe4e9;dde6eb;dce5ea;dfeaef;e1ecf1;dfe9f0;dee8ef;dce9ee;d9e6eb;e1ecf1;dfeaef;e1ecf1;dfeaef;e2edf2;dde7ee;dfeaef;d9e3ea;dde7ee;e0eaf1;dbe7ee;dae6ed;d9e5ec;dde9f0;d9e6eb;dce7ec;e2edf2;dde7ee;e0eaf1;e1ebf2;dee8ef;dbe5ec;dde7ee;dee8ef;dfe9f0;dce6ed;e0eaf1;e1ebf2;e3edf4;e6f1f6;e0ebf0;e1ecf1;e0ecf3;e2edf2;e0eaf1;e4eef5;e4eff4;e3eef3;dfebf2;dfebf2;dce8ef;deeaf1;dce8ef;dde9f0;dde9f0;d8e4eb;deeaf1;e0eaf1;e1ebf2;dfe9f0;e2ecf3;e1ebf2;e0eaf1;e2ecf3;e3eef3;e6f0f7;e2ecf3;dee8ef;e0eaf1;e2edf2;e3eef3;e2eff4;e0edf2;e2eff4;e1eef3;dfebf2;e3eff6;e4eef5;e2ecf3;e1ebf2;e1ebf2;e1ebf2;e0eaf1;e4edf2;e3ebf2;e2ecf3;e3ecf1;dee7ec;e1ecf1;dfeaef;e2ebf0;e3ebf2;dee8ef;dfeaef;e1ecf1;e2edf2;e2edf2;e3eef3;e6f0f7;e3eef3;e2edf2;e5f0f5;e2edf2;dfeaef;e2ecf3;e6f0f7;e1edf4;e3eff6;e7f3fa;e4f0f7;e4f0f7;e2eef5;e2eef5;e4f0f7;e5f1f8;e8f4fb;e6f0f7;e7f1f8;e5f1f8;e6f2f9;e6f0f7;e2ecf3;e2ecf3;e1ebf2;e0eaf1;dde9f0;e6f2f9;e4f0f7;e5f1f8;e7f3fa;e7f3fa;e8f4fb;e6f5fb;e6f5fb;e7f3fa;e9f5fc;e4f0f9;e2eef7;e4f0f9;e4f0f9;e4f0f9;e3eff8;e7f3fc;e4f3f9;e3eff6;e0ecf3;e3eff6;e2eef5;e2eef5;e5f1f8;e6f2f9;e3f2f8;e4f0f7;e3f2f8;e2f1f7;e5f4fa;e3f2f8;e0eff5;dfebf2;e8f4fb;e4f0f7;e4f0f7;e2eef7;dfedf6;e4f2fb;e2f0f9;e1f0f6;e4f3f9;e7f6fc;e6f5fb;e7f6fc;e3f2f8;e2f1f7;e3f2f8;e4f2fb;e2f0f9;e1eff8;e2f0f9;e1eff8;e6f4fd;e3f1fa;e4f2fb;e5f3fc;e5f4fa;e4f3f9;e4f3f9;e4f3f9;e2f1f7;e2f0f9;e2f0f9;e2f0f9;e3f1fa;e2f0f9;e2f0f9;dfeef4;e4f3f9;e4f3f9;e0f1f7;e2f2fb;e2f2fb;e3f3fc;e0f0f9;dfeff8;dfeff8;ddedf6;dcecf5;ddedf6;ddedf6;e0f0f9;e1f1fa;e1f1fa;e2f2fb;dfeff8;deeef7;dfeff9;dbebf5;ddedf7;e0f0fa;e1f1fa;e1f1fa;e2f2fb;e0f0f9;e0f0fa;dfeff9;deeef8;e0f0fa;e1f1fb;daeaf4;d7e7f1;dfebf5;e4eaf1;808187;7e7778;766f6c;736a65;6d6861
dde7ee;d9e3ea;dce6ef;d8e2e9;dae4eb;dbe5ee;dfe9f2;dde7f0;dee8f1;dce6ef;dee8ef;dee8ef;dce6ed;dce6ed;dbe5ec;dbe5ec;dae4eb;d9e3ea;dee8ef;dae4eb;dee8ef;dce6ed;dde5ec;dde5ec;dbe5ec;dbe5ec;dae4eb;dde7ee;dce6ed;dde7ee;dbe5ec;dae4eb;dae4ed;dce6ef;dde7f0;dbe5ec;dee8ef;dce6ed;dbe5ec;dae4eb;dbe5ec;dde9f2;dbe7f0;dbe7f0;dde7f0;dfe9f0;dfe9f0;e0eaf1;dee8ef;dee8ef;e1ebf2;e1ebf2;e1ebf2;dde7ee;e0eaf1;e1ebf2;e0eaf1;dde9f0;deeaf1;e0ecf3;e0eaf1;e3edf4;e0e8ef;e3ebf2;e3eef3;e2edf2;e2edf2;deebf0;e0edf2;e2edf2;e0ebf0;e2edf2;e1ecf1;e2edf2;e3eef3;e3eef3;e2ecf3;dde8ed;dae6ed;d9e5ec;d9e5ec;dbe7ee;dee8ef;e1ecf1;e1ecf1;e0e9ee;e0e9ee;dfe8ed;e0e8ef;dde5ec;dce6ed;dde7ee;dce7ec;dee9ee;dfe9f0;dee8ef;dde7ee;e0eaf1;dfe9f0;dee8ef;dee8ef;dfeaef;e0ebf0;dde8ed;dbe6eb;dee9ee;dde8ed;dde8ed;dfeaef;dee9ee;dce7ec;e0ebf0;e1ecf1;dfeaef;dee9ee;dfeaef;e0ebf0;dde8ed;e0eaf1;e0eaf1;dce8ef;deeaf1;dde9f0;deeaf1;dde9f0;dfe9f0;deeaf1;deeaf1;dfecf1;e2ecf3;e4eef5;e2edf2;e0ebf0;dde8ed;dee8ef;dee8ef;dbe5ec;dce6ed;dce7ec;e3eef3;e0ebf0;dbe8ed;deeaf1;e4eff4;e0eaf1;e3edf4;e3edf4;e2ecf3;dfebf2;deeaf1;dfebf2;dce8ef;dde9f0;dbe7ee;dce8ef;dae6ed;dce8ef;e0eaf1;e0eaf1;e0ebf0;e3edf4;e0eaf1;d9e5ec;e5eff6;e5f0f5;e3eef3;e2edf2;e5f0f5;e2edf2;e0ebf0;e3eef3;e3f0f5;e1eef3;dce9ee;deebf0;e1edf4;e4eef5;e5eff6;e3edf4;e1ebf2;e0eaf1;dfe9f0;dfe9f0;dee8ef;e0eaf1;e2ecf3;e1eaef;e1eaef;e1eaef;dfe8ed;e4edf2;e3ecf1;e2eaf1;e3ecf1;e0e9ee;e3edf4;e5eff6;e5eff6;e4eef5;e4eef5;e3edf4;e2ecf3;e4eef5;e4eff4;e2edf2;e3eef3;e3eff6;e4f0f7;e3eff6;e5f1f8;e3eff6;dfebf2;e3eff6;e0ecf3;e3eff6;e2eef5;deeaf1;e2eef5;e4f0f7;e3eff6;e5eff6;e7f1f8;e3edf4;dfe9f0;e0eaf1;e0eaf1;e4eef5;e1edf4;e4f0f7;e4f0f7;e3eff6;e5f1f8;e7f3fa;e7f3fa;e8f4fb;e7f3fa;e5f1f8;e5f1fa;e7f3fc;e6f2fb;e5f1fa;e3eff8;e3eff8;e3eff8;e5f1f8;e5f1f8;e4f0f9;e4f0f9;e2eef7;e3eff8;e5f1fa;e4f0f7;e5f1f8;e4f0f7;e1edf4;e2f1f7;e4f2fb;e2f0f9;e3f2f8;e2f1f7;e1eff8;e2f0f9;e4f2fb;e6f4fd;e1eff8;e1eff8;e2f0f9;e2f1f7;e5f4fa;e4f3f9;e2f1f7;e5f4fa;e0f0f9;e3f3fc;e0eef7;e0eef7;e1eff8;e4f2fb;e2f1f7;e0eff5;e2f1f7;e4f2fb;e4f2fb;e4f2fb;e6f4fd;e7f6fc;e3f2f8;e3eff6;e1f0f6;dfeef4;dceaf3;deecf5;e1eff8;e0eef7;e0eef7;e2f0f9;e1f1fa;e2f2fb;e2f2fb;deeef7;e1f1fa;ddedf6;e0f0f9;dcecf5;ddedf6;e0f0f9;dfeff8;e1f1fa;deeef7;e1f1fa;deeef7;e2f2fb;e0f0f9;dfeff8;dcecf6;dfeff9;deeef8;e1f1fb;e0f0fa;e0f0f9;e1f1fa;dfeff8;e1f1fb;e1f1fb;dbebf5;dfeff9;dfeff9;dbebf5;d9e9f2;dce8f2;e1e6ed;73747a;7e7778;77706e;726c66;66615b
dde7f0;dee8f1;dde7f0;d6e0e7;dbe5ec;dde7f0;dee8f1;dbe5ee;d9e3ec;dae4ed;dbe5ec;dce6ed;dbe5ec;dae4eb;dce6ed;dce6ef;d9e3ea;dfe7ee;dee8ef;dee6ed;dbe3ea;dee6ed;e1e9f0;dce6ed;d7e1e8;dbe5ec;dae4eb;dce6ed;dbe5ec;dce6ed;dee8ef;dfe9f0;dbe5ee;dce6ef;dbe5ee;dbe5ec;e0eaf1;d8e2e9;dce6ed;dbe5ec;dee8ef;dce8ef;deeaf3;dae4ed;dee8f1;dde7ee;e1ebf2;e3ebf2;dce6ed;dde7ee;dce6ed;e1ebf2;e0eaf1;e0eaf1;e1ebf2;e1ebf2;e1ebf2;dde9f0;dde9f0;e1ebf2;e2ecf3;e4eef5;e2eaf1;e2eaf1;dbe6eb;e0ebf0;e4eff4;e1ecf1;e1ecf1;e4eff4;e0ebf0;dee9ee;e1ecf1;e4eff4;e2edf2;e2ecf3;e1ebf2;dfe9f0;dfebf2;dce8ef;dbe7ee;dce8ef;dae6ed;deeaf1;e1ebf2;dfeaef;e0e9ee;e1e9f0;dfe7ee;e0e8ef;dde7ee;dee8ef;dde6eb;dce7ec;dee8ef;dbe5ec;d9e3ea;e0eaf1;e1ebf2;e2ecf3;dfeaef;dee9ee;e1ecf1;e3eef3;dbe6eb;dce7ec;d8e3e8;dbe6eb;dee9ee;e1ecf1;e1ecf1;e0ebf0;dfeaef;e4edf2;e2edf2;e2edf2;dde8ed;dfeaef;dfe9f0;dfe9f0;dae6ed;dde9f0;deeaf3;deeaf3;dce8ef;e0eaf1;dbe7ee;dde9f0;e1edf4;e0edf2;dfecf1;e1ecf1;e1ecf1;dee9ee;dfe9f0;dce6ed;e0eaf1;dee8ef;d9e3ea;dfeaef;dee9ee;e1ecf1;dfeaef;e1ecf1;e1ecf1;e3eef3;e3eef3;dfeaef;dee8ef;dbe7ee;d7e3ea;d8e4eb;dbe7ee;dfebf2;deeaf1;dfebf2;dde9f0;dfebf2;dee8ef;dfe9f0;e0eaf1;dfe9f0;dce8ef;e2eef5;e3edf4;e1ecf1;e0ebf0;e0ebf0;e0ebf0;e2edf2;e3eef3;ddeaef;e0edf2;e1eef3;dfecf1;e0ecf3;e2ecf3;e1edf4;e6f0f7;e3edf4;e4eef5;e3edf4;e2ecf3;e3edf4;e0eaf1;dfe9f0;e2ecf3;e1ecf1;e0ebf0;e0ebf0;e2ebf0;e6eff4;e1eaef;e2ebf0;e3ecf1;dce6ed;dfe9f0;e3edf4;e3edf4;e1ebf2;e3edf4;e1ebf2;e2ecf3;e1ecf1;e0eaf1;deeaf1;e2eef5;e2eef5;e3eff6;e5f1f8;e3eff6;e4f0f7;e4f0f7;e5f1f8;e4f0f7;e2eef5;e0ecf3;e1edf4;e4f0f9;e2eef5;e3eff6;e2eef5;e3eff6;e5eff6;e1ebf2;e0eaf1;e3edf4;e2eef5;e1edf4;e3eff6;e4f0f7;e6f2f9;e6f2f9;e9f5fc;e7f3fa;e6f2f9;e5f1f8;e8f4fd;e4f0f9;e6f2fb;e5f1fa;e3eff8;e4f0f9;e4f0f9;e4f0f7;e6f2f9;e4f0f7;e4f0f7;e4f0f9;e3eff8;e2eef7;e1edf4;e3eff6;e4f0f7;e2f1f7;e0eff5;dfeef4;e2f0f9;e3f2f8;e3f1fa;e1eff8;dbe9f2;dfedf6;e0eef7;e2f0f9;e2f0f9;e6f2fb;e1edf4;e6f5fb;e3f1fa;e4f2fb;e5f3fc;e0f0f9;deeef7;e0eef7;e4f2fb;e3f1fa;e4f0f7;e4f0f7;e5f4fa;e1f0f6;e3f2f8;e4f2fb;e5f3fc;e6f4fd;e4f3f9;e3f2f8;e3f2f8;e1f0f6;e2f1f7;e3f1fa;e4f2fb;e0eef7;e5f3fc;e1eff8;e2f2fb;e2f2fb;e0f0f9;e0f0f9;e0f0f9;e1f1fa;ddedf6;deeef7;ddedf6;e0f0f9;e1f1fa;e2f2fb;e0f0f9;dfeff8;e2f2fb;deeef7;dfeff8;e0f0f9;dcecf5;dfeff9;e1f1fb;dfeff9;ddedf7;deeef8;deeef8;e0f0fa;e3f3fc;e4f4fe;dfeff9;daeaf4;dcedf7;dcedf7;dbecf6;dcecf6;deeaf4;e4e9f0;7f767d;797273;77706e;716b65;68635d
dde7f0;d8e2eb;dae4ed;dce6ed;dde7ee;dae4eb;dee8ef;d9e3ea;dbe5ec;dbe5ec;dce6ed;dae4eb;dae4eb;dae4eb;dde7ee;dce6ed;dce6ed;dee6ef;dce4ed;dde5ec;d9e1e8;dce6ed;dae4eb;dce6ed;d8e2e9;d7e1e8;dee6ed;dbe5ec;dbe5ec;dce6ed;dce6ed;dee8f1;dee8f1;dbe5ee;d9e3ec;dee8f1;dde7ee;d8e2e9;dae4ed;dce6ed;d9e3ea;dce6ef;dfe9f2;dae4ed;d7e1ea;dbe5ee;dfe9f2;dfe9f0;dee8ef;dfe9f0;e0eaf1;e3edf4;dde7ee;dfeaef;e0e9ee;e1ebf2;dfe9f0;e0ecf3;dfe9f0;dae4eb;dfe9f0;e4ecf3;e2ebf0;e5eef3;dfe9f0;e1ebf2;e1ebf2;e3edf4;e0eaf1;e0eaf1;e1ebf2;e2ecf3;e2eaf1;e0ebf0;e1ecf1;e0eaf1;dfe9f0;e0eaf1;e2ecf3;d9e5ec;d9e5ec;dbe7ee;d9e5ec;dee8ef;dbe6eb;dce7ec;dde6eb;dee8ef;e1ebf2;dfe9f0;dfe9f0;dfe9f0;dde6eb;dfe8ed;dde6eb;e0e8ef;dfe7ee;dee8ef;dce6ed;dde7ee;dce7ec;dce9ee;e0ecf3;dde9f0;e1ebf2;dfe7ee;e2eaf1;dee7ec;dee7ec;dee7ec;dfe8ed;dde6eb;dbe4e9;e2ebf0;dfe8ed;dde8ed;e0ebf0;e0ebf0;ddeaef;d9e6eb;dde9f0;e0ecf3;d9e5ec;dde9f0;deeaf1;d7e3ea;dfe9f0;deeaf1;dce9ee;dee9ee;dce9ee;dfecf1;e1eef3;e3f0f5;e0ecf3;e1edf4;deeaf1;dbe7ee;dbe5ec;dde9f0;dfeaef;e0ebf0;dde8ed;dee9ee;dee9ee;e2edf2;dee9ee;e1ecf1;dae7ec;dce9ee;deebf0;dbe8ed;dae7ec;ddeaef;e0edf2;dfebf2;dde9f0;dce8ef;dce6ed;e1ebf2;e0eaf1;e1ebf2;deeaf1;e1edf4;e2eef5;e2eff4;e2eff4;e4eff4;dfecf1;dfecf1;e1eef3;dfecf1;e1eef3;e0edf2;dfecf1;dee9ee;e2ecf3;e3edf4;e1ebf2;e3edf4;e2ecf3;e3eef3;e5eff6;e3eef3;e1ecf1;dde8ed;e1ebf2;e1ebf2;dde7ee;dae4eb;e2ecf3;e1ecf1;e4eff4;e3eef3;e1ecf1;e4eff4;dee9ee;e1ecf1;e1ebf2;e6eff4;e4eef5;e4eef5;e4eef5;e3edf4;e2eef5;deeaf1;dde9f0;e2eef5;e7f1fa;e4eef5;e4eef5;e5eff6;e7f1f8;e5f1f8;e4f0f7;e6f2f9;e4f0f7;e5f1f8;e6f2f9;e4f0f7;e4f0f7;e3eff6;e1edf4;e3eff6;e6f2f9;e3edf4;e1ebf2;dfe9f0;e3edf4;e7f1f8;e4f0f7;e4f0f7;e4f0f7;e4f0f7;e6f2f9;e4f0f7;e5f1f8;e7f3fa;e3f2f8;e9f5fe;e5f1fa;e4f0f9;e4f0f9;e2eef7;e3eff6;e6f2f9;e7f3fa;e4f0f7;e3eff6;e1f0f6;e1f0f6;e0eff5;deedf3;e0ecf3;e3f2f8;e2f0f9;e1eff8;e4f2fb;e3f1fa;e2f0f9;dbe9f2;e2f0f9;e2f0f9;e4f2fb;e4f3f9;e6f2f9;e3eff6;e4f0f7;e3eff6;e6f2f9;e4f3f9;e2f1f7;e1f1fa;e0f0f9;e0eef7;e3f1fa;e1eff8;e4f3f9;e4f3f9;e4f3f9;e3f2f8;e4f3f9;e1f0f6;dfedf6;e0eef7;e2f1f7;e4f2fb;e2f0f9;e0eef7;e3f1fa;e4f3f9;e1f0f6;deedf3;dfeff8;e0f0f9;ddedf6;e1f1fa;e1f1fa;e4f4fd;dfeff8;deeef7;e0f0f9;deeef8;dfeff9;e1f1fb;e2f2fb;deeef7;dfeff8;deeef7;deeef7;ddedf6;deeef7;deeef7;deeef7;dfeff9;ddedf7;e1f1fb;e1f1fb;e0f0fa;deeef8;dfeff8;e0f0f9;dfeff8;e1f1fb;dfeff9;ddeef8;ddeef8;d4e5ef;d7e7f1;dbebf5;e3e7f1;706f75;7a7071;79706d;726c66;6b665f
dbe7f0;d8e2eb;dfe9f2;dee8ef;dbe5ec;dde7ee;dde9f0;d7e3ea;d9e3ea;dce6ed;d8e2e9;d8e2e9;dce6ed;dbe5ec;d8e2e9;dbe5ec;dee8ef;dce4eb;dee6ed;dde5ee;dce6ef;d9e3ec;dbe5ec;d8e2e9;d9e3ea;dbe5ec;dfe7ee;d8e2e9;dae4eb;d9e3ec;dce6ef;dce6ef;dbe5ee;dbe5ee;dbe5ee;dfe9f2;dae4ed;d9e3ec;dae6ef;d9e5ee;dde7f0;e0eaf3;d9e3ec;dde7ee;dfe9f2;dce6ef;dfe9f0;e1ebf2;dde7ee;dde7ee;dee8ef;dde7ee;e2edf2;e1eaef;e3ecf1;e1ecf1;e1ebf2;dce8ef;dce8ef;dae6ed;e0eaf1;e2ecf3;e4ecf3;e2eaf1;e3ebf2;e4ecf3;dee8ef;e3edf4;dde7ee;e2eaf1;e1eaef;dfe8ed;e5eef3;e6eff4;e4edf2;e3ebf2;e4ecf3;e1ebf2;e1ebf2;e0eaf1;d7e3ea;dbe7ee;dde9f0;dce8ef;dfe9f0;e0ebf0;dfeaef;e0ebf0;dce7ec;dee8ef;e2ecf3;dfe9f0;dfe7ee;dbe5ec;dae4eb;dae4eb;d9e3ea;dae4eb;dae4eb;dce6ed;dae4eb;deeaf1;dde9f0;dbe7ee;dee8ef;dfe7ee;e8f0f7;e0e8ef;dde5ec;d9e3ea;dbe5ec;dce7ec;dbe6eb;e1eaef;e1ecf1;dfeaef;e0ebf0;dee9ee;dde8ed;dee9ee;dce9ee;deeaf1;dbe7ee;e1edf4;dce8ef;dce8ef;dce6ed;dee8ef;dfe9f0;e1ecf1;dfeaef;dde8ed;dfeaef;ddeaef;dfebf2;dce8ef;deeaf1;deeaf1;dde9f0;dde7ee;dbe6eb;dfeaef;e0ebf0;e0ebf0;dee9ee;dde8ed;dee9ee;e0ebf0;dfeaef;dfeaef;e2edf2;e1ecf1;dfe9f0;e0ebf0;e0ebf0;dbe8ed;ddeaef;e0eaf1;dee8ef;dfe9f0;e0eaf1;e2ecf3;e3edf4;e0eaf1;e1ebf2;dde7ee;e1ecf1;e1ecf1;e1edf4;dfecf1;dfecf1;e0edf2;dfecf1;deebf0;e0edf2;e0edf2;e1ecf1;e3eef3;e3edf4;e4eef5;e5eff6;e1ecf1;e0eaf1;e0ebf0;e1ecf1;e1ecf1;e1ecf1;e2ecf3;dfebf2;dbe7ee;deeaf1;e0ecf3;e0ecf3;e0edf2;e3f0f5;e1ecf1;e1ecf1;e0ebf0;dde8ed;e2ebf0;e0ebf0;e4eff4;e7f0f5;e3eef3;e2ecf3;e5eff6;e2ecf3;e3edf4;e1ebf2;e3edf4;e3edf4;e5eff6;e7f1f8;e8f2f9;e7f1f8;e3eff6;e6f0f7;e5eff6;e3eff6;e4f0f7;e5f1f8;e4f0f7;e2eef5;e4f0f7;e4f0f7;e5f1f8;e3eff6;dfebf2;dde9f0;dfebf2;dfebf2;e2eef5;e5f1f8;e7f3fa;e5f1f8;e4f0f7;e7f3fa;e7f3fa;e7f3fa;e7f3fa;e6f2f9;e5f1f8;e2eef5;e4f0f7;e7f3fa;e5f1f8;e7f3fa;e7f3fa;e7f3fa;e4f3f9;e4f3f9;e3f2f8;e0eff5;dfeef4;e2f1f7;e5f4fa;e5f4fa;e3f2f8;e4f3f9;e3f1fa;e1f0f6;dfeef4;e1f0f6;e2f0f9;e3f1fa;dfeef4;e1f0f6;e4f0f7;e5f1f8;e7f3fa;e5f1f8;dfeef4;e1eff8;e2f2fb;e0f1f7;e1f0f6;dfeef4;e1f0f6;e5f4fa;e1f0f6;e4f3f9;e1f0f6;e5f4fa;e5f3fc;e2f0f9;e3f1fa;e2f0f9;e3f1fa;dceaf3;e2f0f9;e5f3fc;e1eff8;e4f2fb;e2f0f9;e2f0f9;e3f3fc;ddedf6;e2f2fb;e1f1fa;e1f1fa;e0f0f9;e0f0f9;e2f2fb;e1f1fa;e0f0f9;e0f0f9;dfeff8;dfeff8;e2f2fb;e0f0f9;deeef7;dbebf4;deeef7;dfeff9;dfeff8;deeef7;e0f0f9;dfeff8;dfeff8;e1f1fa;e2f2fb;dfeff8;deeef7;e0f0fa;dcecf6;ddeef8;dff0fa;deeff9;dfeff9;dfeaf7;e3e7f1;727177;766f70;79706d;716863;69645a
deeaf3;d8e4ed;dfebf4;e0eaf1;d8e2e9;dee8ef;dfe9f0;dee8ef;dbe5ec;d9e3ea;dde7ee;dde7ee;dbe7ee;d8e4eb;d9e5ec;dbe5ec;dee8ef;dde5ec;dee6ed;d7e1e8;dce6ef;d4dee7;d8e2eb;d9e3ea;dae4eb;dae4eb;dee8ef;dfe9f0;dde7ee;dde7f0;dce6ef;dde7f0;dae4ed;dfe9f2;dde7f0;dae4ed;dce8f1;dae6ef;dfebf4;dde9f2;dce8f1;dde7f0;dde7f0;dce6ed;dde7ee;e0eaf1;dfe9f0;e0eaf1;d8e2e9;dbe5ec;e0eaf1;e3ebf2;e0ebf0;e1eaef;dbe4e9;e1ecf1;dde7ee;e1edf4;dce8ef;dbe7ee;dfebf2;dee8ef;e3edf4;e1ebf2;e3ebf2;e1e9f0;e2eaf1;e2eaf1;e2eaf1;e2ebf0;e4edf2;e3ecf1;e3ecf1;e4edf2;e1eaef;e6eff4;e2eaf1;e4ecf3;e1ebf2;dde7ee;dfe9f0;dce8ef;d8e4eb;d8e4eb;dbe7ee;dce7ec;dde8ed;e1ecf1;dde8ed;dee8ef;dee8ef;dde7ee;e0eaf1;dae4eb;dbe5ec;d8e2e9;dde7ee;d6e0e7;dbe5ec;dae4eb;d7e3ea;dbe5ec;dce6ed;dee8ef;dde7ee;e0e8ef;e4ecf3;e1e9f0;dfe7ee;dde7ee;dce6ed;dae5ea;dce7ec;dbe6eb;d9e4e9;dbe6eb;e1ecf1;dfeaef;e0ebf0;e0ebf0;e0ebf0;dfeaef;dbe5ec;dce8ef;deeaf1;e0ecf3;dee8ef;e1ecf1;d9e4e9;e0e9ee;dfe8ed;dce5ea;dee9ee;dfe9f0;dae6ed;d9e5ec;dde9f0;dfebf2;e0ecf3;e3edf4;e0ebf0;e0ebf0;dde8ed;e0ebf0;dce7ec;dde8ed;dfeaef;dee9ee;dde8ed;e1ecf1;dee9ee;dee9ee;dce6ed;dae4eb;dee8ef;dae7ec;dbe8ed;dde8ed;e0eaf1;e0eaf1;e1ecf1;e1ebf2;e4eef5;e4eff4;e4eff4;e3eef3;e0ebf0;dfeaef;e2edf2;ddeaef;dfecf1;dae7ec;deebf0;e0edf2;dfecf1;dfecf1;e0edf2;e1ecf1;e0eaf1;e2ecf3;e2ecf3;e2ecf3;e1ebf2;e1ecf1;e4eff4;e3eef3;e5eff6;e3edf4;e0ecf3;dfebf2;e2eef5;dfebf2;dfebf2;e0ecf3;e0ecf3;e3eff6;dfeaef;dfeaef;dee9ee;dde8ed;dee9ee;e4eff4;e2ebf0;e5f0f5;e6f0f7;e2ecf3;e0eaf1;e0eaf1;dee8ef;e0eaf1;e3edf4;e3edf4;e1ebf2;e1edf4;e5eff6;e7f1f8;e7f1f8;e7f1f8;e2edf2;e6f1f6;e3eff6;e3eff6;e2eef5;e5f1f8;e3eff6;e3eff6;e4f0f7;e2eef5;e0ecf3;dfebf2;deeaf1;e0ecf3;dfebf2;e3eff6;e8f4fb;e6f2f9;e5f1f8;e7f3fa;e9f5fc;e8f4fb;eaf6fd;e9f5fc;e3eff6;e7f3fa;e5f1f8;e4f0f7;e3eff6;e4f0f7;e8f4fb;e6f5fb;e5f4fa;e0eff5;e0eff5;dfeef4;e1f0f6;e8f4fb;e7f3fa;e2f1f7;e1eff8;e3f1fa;e1f0f6;e4f3f9;e3f1fa;e4f2fb;e0eef7;e1eff8;e2f0f9;e3f2f8;e2f1f7;dbeaf0;dfeef4;e0eef7;e3f1fa;e0f0f9;deeff5;e0f0f9;e2f3f9;e1f2f8;e1f2f8;e1f2f8;e0f1f7;e3f2f8;e2f1f7;e2f0f9;e4f2fb;e3f1fa;dfedf6;e1eff8;e0eef7;e0eef7;e1eff8;dfedf6;e0eef7;e2f0f9;e0eef7;e4f2fb;e1f1fa;e2f2fb;e1f1fa;e4f4fd;e2f2fb;e2f0f9;e2f2fb;e1f1fa;dfeff8;deeef7;ddedf6;dfeff8;deeef7;e0f0f9;deeef7;dceaf3;dceaf3;e1f1fa;dfeff8;e3f3fc;e0f0f9;e2f2fb;deeef7;dfeff8;e2f2fb;dfeff8;e0f0f9;dfeff9;daeaf4;dff0fa;e1f2fc;deeef8;daeaf4;dce7f4;dfe3ed;7b7c82;7a7374;79706d;756c67;6e695f
dae6ed;dae6ed;dbe7f0;dce8f1;dfe9f2;dae6ef;d8e4eb;dbe5ec;dce6ed;dae4eb;dde7ee;dbe5ec;d9e3ea;dce8ef;dbe5ec;dae4eb;d9e3ea;dae4eb;d8e2e9;d9e3ea;dce6ef;d9e3ec;dde7f0;dbe5ee;dbe5ec;dce6ed;dae4eb;dbe5ec;dce6ed;dce6ef;dee8f1;e0eaf3;dee8f1;d8e4ed;d9e3ec;dbe5ee;dbe7f0;d9e5ee;dbe7ee;dbe7ee;d8e2e9;e1ebf2;e3ebf2;dfe7ee;e1e9f0;e0e8ef;e0e8ef;e0e8ef;dee6ed;e1ebf2;e1e9f0;e0e8ef;dde7ee;dde7ee;dfe9f0;dde7ee;dee8ef;dbe7ee;dae6ed;dfebf2;dde9f0;dbe7ee;deeaf1;e0eaf1;dfe9f0;e2eaf1;e1eaef;e1eaef;e0e9ee;e4edf2;e3ecf1;e3ecf1;e4edf2;e4edf2;e1eaef;e5eef3;e1eaef;e0e9ee;dfe9f0;dee8ef;dee8ef;dce6ed;dbe5ec;dae6ed;dae6ed;dde7ee;dde8ed;dee9ee;dde8ed;dee9ee;e0ebf0;dfe9f0;dde7ee;d9e3ea;d9e3ea;dae4eb;e0eaf1;dbe8ed;dbe8ed;dce6ed;dee8ef;dbe5ec;dee8ef;dde7ee;dce6ed;dfe9f0;dce6ed;dee8ef;dfe9f0;dde7ee;dde7ee;dae4eb;d9e4e9;d9e4e9;dae5ea;dae5ea;e4edf2;e3ecf1;e0e9ee;dee9ee;e4eef5;e1ebf2;dce7ec;dee9ee;dbe5ec;dfe9f0;dde7ee;dfe7ee;dee6ed;dfe8ed;dde6eb;dfe8ed;dee9ee;dbe6eb;d9e5ec;dce8ef;dce8ef;dce8ef;e2eef5;e1ebf2;e3edf4;e4eef5;dfe9f0;e2edf2;dde8ed;dde8ed;dee9ee;dae5ea;dde8ed;e0eaf1;e1e9f0;dee6ed;e0e8ef;dae4eb;dde7ee;dce8ef;dce9ee;d8e5ea;dae5ea;dae5ea;dfeaef;e0eaf1;e2edf2;dee9ee;e2edf2;e5f0f5;e3eef3;e0ebf0;dfeaef;e1ecf1;e2edf2;e2edf2;deebf0;ddeaef;e2eff4;deebf0;dde9f0;e0ebf0;e0eaf1;e0eaf1;e3edf4;e1ebf2;e4eef5;e1ecf1;e1ecf1;e3edf4;e2ecf3;e3edf4;deeaf1;deeaf1;e1edf4;dfebf2;e1edf4;dfebf2;e3eff6;e6f0f7;e2edf2;e3eef3;e3eef3;dee9ee;dee9ee;e0ebf0;e4edf2;e4edf2;e8f0f7;e3edf4;e5eff6;e2ecf3;e0eaf1;e1ebf2;e1ebf2;e4eef5;e4f0f7;e4f0f7;e4f0f7;e5f1f8;e6f2f9;e5f1f8;e4f0f7;e4f0f7;e4eef5;e6f0f7;e5eff6;e5eff6;e4f0f7;e5f1f8;e4f0f7;e5f1f8;e5f1f8;e3eff6;dde9f0;dce8ef;dae6ed;e1edf4;e2eef5;e4f0f7;e6f2f9;e6f2f9;e4f0f7;e5f1f8;e2f1f7;e7f6fc;e6f5fb;e5f4fa;eaf6fd;e5f1f8;e5f1f8;e6f2f9;e6f2f9;e7f6fc;e1f0f6;e3f2f8;dfeef4;e1f0f6;e2f1f7;e4f3f9;e3f2f8;e4f3f9;e1eff8;e1eff8;e2f0f9;e0eef7;e3f1fa;e5f3fc;e3f1fa;dcecf5;dfeff8;dfeff8;e2f0f9;dceaf3;dceaf3;e3f1fa;e1eff8;deeef7;e0eef7;e1eff8;e2f3f9;e0f1f7;dff0f6;e0eff5;e3f2f8;e3f1fa;e3eff8;e4f2fb;e4f2fb;e0eef7;e4f2fb;e3f1fa;e4f2fb;e0eef7;e3f1fa;e3f1fa;e1eff8;e2f0f9;e4f0f9;e5f3fc;e1eff8;e0eef7;e2f1f7;e3f1fa;e2f1f7;e2f1f7;e1f0f6;e3f2f8;e3f2f8;e1f0f6;dfeff8;e0f0f9;deeef7;dcecf5;dfeff8;dfeff8;e0f0f9;ddedf6;e3f3fc;e3f3fc;e2f2fb;dfeff8;ddedf6;dfeff9;e2f2fc;dfeff9;e3f3fd;dcecf6;dbebf4;ddedf7;deeff9;daebf5;daeaf4;dfedf7;e4e8f2;7a7b81;7b7475;78716f;756f69;6c665f
dbe5ec;dce6ed;dee8ef;dce8f1;d8e4ed;dce8f1;dae6ed;dee8ef;d9e3ea;d8e2e9;e0eaf1;dee8ef;dee8ef;dce6ed;d9e3ea;d8e2e9;d9e3ea;dde7ee;dae4eb;dae4ed;d9e3ec;dbe5ee;d9e3ec;d7e1e8;dee8ef;dde7ee;dae4eb;d8e4eb;d9e3ec;dde7f0;dce6ef;d9e3ea;dbe5ec;dbe5ec;dbe7f0;dce8f1;deeaf3;d6e2eb;dae6ed;d7e1e8;dee8ef;dde7ee;e1e9f0;e3ebf2;e1e9f0;dde5ec;e0e8ef;e2eaf1;e1e9f0;dee8ef;dfe7ee;e2ecf3;e0eaf1;d9e3ea;dde7ee;dee8ef;dde7ee;dde9f0;dfebf2;dde9f0;dde9f0;d9e5ec;dfebf2;dbe7ee;e0eaf1;e0eaf1;dde8ed;dee9ee;dfeaef;dfeaef;e0ebf0;e4edf2;e2eaf1;e2ebf0;e2ebf0;e1eaef;e1ecf1;e2edf2;dee9ee;e0eaf1;dfe9f0;dbe5ec;dbe5ec;dae6ed;d8e4eb;dde7ee;e2ecf3;dce7ec;dae5ea;dde8ed;dce7ec;dde8ed;dbe5ec;dee8ef;dbe5ec;d8e2e9;dbe6eb;d8e5ea;dce9ee;dde7ee;dde7ee;dde7ee;dbe5ec;dbe5ec;e0eaf1;dce6ed;dae6ed;dfe9f0;dee8ef;dde7ee;e0eaf1;dee8ef;dde7ee;dfe9f0;dae5ea;dce5ea;dee7ec;dfe8ed;e0ebf0;dde8ed;e2ecf3;e1ecf1;dfeaef;dce7ec;dde8ed;d8e2e9;dae4eb;dce4eb;dfe9f0;e0eaf1;dce7ec;dbe6eb;dbe6eb;dae5ea;dbe8ed;deeaf1;dde9f0;dde9f0;deeaf1;dfe9f0;e0eaf1;dbe5ec;dee9ee;e4eff4;e5f0f5;dae5ea;dee9ee;dde8ed;dfeaef;dbe5ec;dce6ed;dee8ef;dee8ef;dde7ee;d8e2e9;d7e3ea;d7e2e7;dfeaef;dee9ee;dde8ed;d9e4e9;dde8ed;e0ebf0;e2edf2;e2edf2;e1ecf1;e1ecf1;e5f0f5;e1ecf1;e1ecf1;e3eef3;e2edf2;e3eef3;e2eff4;e0edf2;e1ecf1;dce6ed;e0eaf1;e3edf4;e4eef5;e5eff6;e5eff6;e3edf4;e3edf4;e1ebf2;e2ecf3;e0eaf1;e1ebf2;deeaf1;e0ecf3;e2eef5;deeaf1;dfebf2;e2eef5;e5eff6;e3edf4;e4eff4;e3eef3;e2edf2;e2edf2;e0ebf0;dde8ed;dee8ef;e2edf2;e0eaf1;e3edf4;e5eff6;e3edf4;e3edf4;e0eaf1;e4eef5;e5eff6;e0ecf3;e2eef5;e0ecf3;e2eef5;e4f0f7;e4f0f7;e6f2f9;e3eff6;e4f0f7;e6f0f7;e2ecf3;e5f1f8;e2eff4;e2eef5;e4f0f7;e2eef5;e3eff6;e7f3fa;e5eff6;dee8ef;e2ecf3;e2ecf3;e1ebf2;e3edf4;e3eff6;e5f1f8;e5f1f8;e8f4fb;e6f2f9;e7f3fa;e7f6fc;e9f5fc;e8f4fb;e9f5fc;e3eff6;e3eff6;e1f0f6;e4f3f9;e4f3f9;e3f2f8;e5f4fa;e2eef5;dfebf2;e8f4fb;e2eef5;e2f1f7;e2f0f9;e2f0f9;e3f1fa;e1eff8;e1eff8;e0eef7;e1eff8;deecf5;deeef7;e3f1fa;e4f2fb;e0f0f9;e3f1fa;e4f2fb;e1f1fa;dbebf4;e0eef7;e3f1fa;e3f4fa;e0f1f7;e2f1f7;e1eff8;e3f2f8;e0eef7;e4f2fb;e4f2fb;e3f1fa;dfedf6;e6f4fd;e4f2fb;e2f0f9;e2f0f9;e1eff8;e3f1fa;e0eef7;e2f0f9;e3f1fa;e5f3fc;e7f5fe;e1eff8;ddedf6;ddedf6;e1f2f8;e3f2f8;e4f3f9;e4f3f9;e0f0f9;deeef7;ddedf6;e0f0f9;dcecf5;ddedf6;deeef7;dfedf6;d7e7f0;dfeff8;deeef7;e2f2fb;e2f2fb;dcecf5;d9e9f3;dfeff9;dfeff9;dcecf5;dbebf5;dcecf5;deeef7;e2f2fc;dff0fa;ddeef8;d9e9f3;dceaf4;e3e7f1;7d7e84;777073;77706e;756f69;6d6861
dae4eb;dbe5ec;dfe9f0;e0eaf3;deeaf3;dbe7f0;dfe9f0;dce6ed;dfe7ee;dde5ec;dde7ee;dce6ed;dce6ed;dbe5ec;dce6ed;d8e2e9;dde7ee;dde7ee;dae4ed;d9e3ec;dae4ed;d7e1ea;d8e2e9;dbe5ec;dce6ed;dee8f1;d9e3ec;dce6ef;dbe5ee;d9e3ec;e0eaf3;dee8ef;dee8ef;dbe5ec;d9e5ee;dee8f1;dee8f1;d8e2eb;dce6ed;dde7ee;dee8ef;dde5ec;dde5ec;dbe3ea;d9e1e8;e1e9f0;e2eaf3;dbe5ee;dce6ef;d9e3ec;e0eaf1;e0eaf1;dce8ef;dde9f0;d9e5ec;dae6ed;dbe5ec;dee8ef;e0eaf1;deeaf1;d9e5ec;dbe7f0;deeaf3;dce8ef;dde9f0;dce8ef;dbe6eb;dde8ed;dce7ec;e0ebf0;dee9ee;e2ebf0;e2eaf1;dce5ea;e0e9ee;e2ebf0;dfeaef;dfeaef;dee9ee;dae4eb;dfe9f0;dde7ee;dae4eb;d9e3ea;dde7ee;dee8ef;e1ecf1;dce7ec;dbe6eb;dce5ea;dfe8ed;e1eaef;dfeaef;dbe5ec;dae6ed;d6e2e9;dfe9f0;dde8ed;dbe6eb;e0ebf0;e0eaf1;dfe9f0;dee8ef;dee8ef;e0eaf1;dde7ee;dbe5ec;dee9ee;e0ebf0;dce7ec;dbe7ee;dce8ef;deeaf1;dde7ee;dfe9f0;dde8ed;e0e9ee;dce5ea;e0e9ee;dfe8ed;e0ebf0;e0ebf0;e0ebf0;dde8ed;dfeaef;dee9ee;d7e2e7;d9e3ea;dbe5ec;dee8ef;e0eaf1;d9e3ea;d9e4e9;dce7ec;dbe6eb;e0ebf0;dde7ee;dbe5ec;dde7ee;dfe9f0;dee8ef;e1ebf2;e0eaf1;dde8ed;e3eef3;dde8ed;e2edf2;e0ebf0;dde8ed;e2ecf3;dfeaef;e0eaf1;dee8ef;dde7ee;e0eaf1;dbe5ec;d8e2e9;dde7ee;dee8ef;dfe9f0;dee8ef;e0eaf1;e0ebf0;e3eef3;e3eef3;e2edf2;e3eef3;e5f0f5;e1ecf1;e4eff4;e4eff4;e3eef3;e2edf2;e2edf2;dfeaef;e0ebf0;e1ecf1;e3eef3;e3eef3;e0eaf1;e3edf4;e1ebf2;e2ecf3;e2ecf3;dfe9f0;e2ecf3;e3edf4;e3edf4;e3edf4;e1edf4;e1edf4;e3eff6;e0eaf1;e0eaf1;e3edf4;e0eaf1;e3edf4;e6f2f9;e3eff6;e0ecf3;e1ebf2;e2ecf3;dee8ef;dee9ee;e2ebf0;e4eff4;e5eff6;e5eff6;e4eef5;e6f0f7;e2ecf3;e4eef5;e3edf4;e4eef5;e2eef5;e4f0f7;e3eff6;e5f1f8;e0eff5;e5f4fa;e4f0f7;e7f3fa;e5f1f8;e3eff6;e4f0f7;e2eef5;e3eff6;e3eff6;e3eff6;e2eef5;e4eef5;e6f0f7;e3edf4;e1ebf2;dfe9f0;dee8ef;e1ebf2;e2ecf3;e2eef5;e7f3fa;e4f0f7;e8f4fb;e7f3fa;e6f5fb;e5f4fa;e5f4fa;e7f3fa;e1f0f6;e1f0f6;e1f0f6;e3f2f8;e3f2f8;e6f5fb;e1f0f6;e2f1f7;dfedf6;ddebf4;e0eef7;e2f0f9;e1eff8;e1eff8;e6f4fd;deecf5;deecf5;dfedf6;e1f0f6;e1eff8;e2f0f9;e1eff8;e2f2fb;e1f1fa;e0eef7;deeef7;e0f0f9;e1eff8;e2f0f9;dcecf5;dbebf4;e1eff8;dfedf6;e0eef7;deecf5;e5f3fc;e1eff8;e1f0f6;e0eef7;e2f0f9;e0eef7;e3f1fa;e6f4fd;e5f3fc;e1eff8;e2f0f9;e0eef7;ddebf4;dbebf4;e0f0f9;e2f2fb;e0f0f9;e0f0f9;e3f1fa;e0eef7;e2f0f9;dfeff8;deeef7;e0f0f9;e1f1fb;dbebf5;ddedf7;dfeff9;deeef8;dbebf5;e1f1fb;dfeff8;deeef7;e1f1fa;e1f1fa;ddedf6;daeaf3;dfeff9;dfeff9;dfeff9;deeef8;dfeff9;e0f0fa;dfeff9;dbecf6;dbecf6;deeef8;e0eef8;e5e9f3;797c83;777074;766e6f;706a67;69645e
dae4eb;dde7ee;e0eaf1;e0eaf1;dee8ef;d9e3ea;dde7ee;dce6ed;e0e8ef;dfe7ee;dce6ed;dae4eb;dde7ee;d7e1e8;dae4eb;dce6ed;d8e2e9;d9e3ea;dce6ed;d6e0e9;d8e2eb;dae4ed;d8e2e9;dce6ed;d9e3ec;d5dfe8;dbe5ee;d8e2eb;d7e1ea;dce6ef;dee8ef;d9e3ea;dde7ee;dde7ee;dce6ef;dee8f1;dfe9f2;e0eaf3;dbe5ee;dde7f0;e0eaf1;dfe7ee;dee6ed;dde5ec;dde5ec;e1e9f0;dfe7f0;dde7f0;dfe9f2;dde7f0;dfe9f0;dde7ee;e0eaf1;dce8ef;dde9f0;dee8f1;dde7f0;e0eaf1;e1ebf2;d9e5ec;deeaf1;dde9f2;d9e5ee;dce8ef;dde9f0;ddeaef;dee9ee;e0ebf0;dde8ed;e0e9ee;e2ebf0;e2ebf0;e2ebf0;e1eaef;e1eaef;dfe8ed;dfeaef;dfeaef;dbe6eb;d9e3ea;dfe9f0;dee8ef;d9e3ea;dae2e9;dce4eb;dde5ec;dae4eb;dbe6eb;e1eaef;dee7ec;dfe8ed;e0e9ee;dce7ec;dae4eb;d8e4eb;dae6ed;d6e2e9;dde7ee;dde7ee;e0eaf1;dde7ee;e0eaf1;dde9f0;d7e3ea;dce8ef;deeaf1;e1ebf2;dde8ed;dce7ec;dce7ec;deeaf1;deeaf1;dce8ef;dce6ed;e0eaf1;e0eaf1;dee9ee;dde6eb;e2ebf0;e1eaef;e0ebf0;e0ebf0;e0ebf0;e1ecf1;dfeaef;e2edf2;dee9ee;dce6ed;dbe5ec;dee8ef;e1ebf2;dee8ef;dde8ed;dbe6eb;dbe8ed;d9e4e9;dde7ee;dfe9f0;dfe9f0;dce6ed;dde7ee;e1ecf1;e0ebf0;dde8ed;dde8ed;e1ecf1;e1ecf1;e0ebf0;e0eaf1;e1ebf2;dee9ee;dce6ed;dee8ef;dfe9f0;dee8ef;dfe9f0;dde7ee;dce6ed;dde7ee;d8e2e9;d9e3ea;e0eaf1;d9e4e9;dfeaef;dfe9f0;e0ebf0;e1ecf1;e2ecf3;e0eaf1;e3eef3;e2edf2;e4eff4;e5f0f5;e2edf2;e2edf2;e2edf2;e1ecf1;e2edf2;dfeaef;dde7ee;e0eaf1;e0eaf1;dfe9f0;e2ecf3;e1ebf2;e1ebf2;e1ebf2;dfe9f0;dfe9f0;e2eef5;e1ebf2;e4eef5;e2ecf3;e4eef5;e0eaf1;e2ecf3;e3eff6;e1edf4;e0ecf3;e3eff6;e3eff6;e4eef5;e2ecf3;e2edf2;dce7ec;e0ebf0;e4eef5;e3edf4;e5eff6;e5eff6;e2ecf3;e1ebf2;e4f0f7;ddeaef;e0edf2;e4f0f7;e4f0f7;e6f2f9;e2f1f7;e3f2f8;e5f1f8;e7f3fa;e6f2f9;e6f2f9;e7f3fa;e5f1f8;e4f0f7;e3eff6;e1edf4;e4f0f7;e7f3fa;e7f3fa;e4f0f7;e0eaf1;e1ebf2;dfe9f0;dbe5ec;dfe9f0;e1ebf2;e5f1f8;e9f5fc;e5f1f8;e8f4fb;e7f3fa;e6f2f9;e5f1f8;e6f5fb;e4f3f9;e3f2f8;e3f2f8;e3f2f8;e6f5fb;e6f5fb;e0eff5;dfeef4;e0eef7;e3f1fa;e1eff8;e5f1fa;e5f1fa;e5f1fa;e4f0f9;e2f0f9;e4f0f9;e7f3fc;e2f1f7;e4f3f9;e0eef7;e2f0f9;e0eef7;e1f1fa;e0eef7;e1eff8;e0eef7;e2f0f9;e2f0f9;ddedf6;deeef7;e0eef7;e2f0f9;deecf5;e3f1fa;e3f2f8;e2f1f7;e2f1f7;e4f3f9;e1eff8;e0eef7;e1eff8;e2f0f9;e2f0f9;e2f0f9;e2f0f9;e0eef7;e1f1fa;dfeff8;e0f0f9;e0eef7;e1eff8;e2f0f9;e3f1fa;dfedf6;dfeff8;e0f0f9;deeef8;e0f0fa;deeef8;deeef8;dfeff9;dcecf6;dcecf6;deeef7;dcecf5;dfeff8;deeef7;e1f1fa;e0f0fa;e0f0f9;deeef7;e1f1fb;e2f2fc;e0f0fa;deeef8;e0f0fa;dcecf6;dbebf5;daebf5;dbecf6;dbebf5;dce9f6;d8dce6;7d8087;777074;746c6d;6f6865;66615b
dfe9f0;e0eaf1;dce6ed;e0eaf3;dce6ed;d9e3ea;dee8ef;dee6ed;e0e8ef;dae4eb;dde7ee;dbe5ec;dce8ef;d6e2e9;d8e4eb;dae6ed;d8e4eb;d8e2e9;d9e3ea;dae4eb;d6e0e7;d8e2e9;d9e3ea;dce6ed;dae4eb;dbe5ec;d9e3ec;dce6ef;d5e1ea;d8e4eb;d7e3ea;d8e4eb;dbe5ec;dde7ee;dee8ef;dbe5ee;dce6ef;dbe5ee;dae4ed;dee8f1;dce6ef;dce6ed;dee8ef;dbe3ea;e1e9f0;e0e8ef;dbe5ec;dce6ef;dde7f0;e2ecf3;e0eaf1;dbe5ec;dce6ed;dae4eb;dde7ee;d9e3ea;dbe5ec;dee8ef;d9e3ea;e0eaf1;dfebf2;dae6ed;d9e5ec;dae6ed;dce6ed;dfe9f0;dbe6eb;dee9ee;dfe8ed;dbe4e9;dee7ec;e2ebf0;e2ebf0;e1eaef;dfe8ed;dfe8ed;dde6eb;e1eaef;e1ecf1;dde7ee;dae4eb;dae4eb;dce4eb;dde5ec;dae2e9;dee6ed;dfe7ee;dde8ed;dae5ea;dbe6eb;dfe8ed;dee7ec;e0e9ee;dce6ed;dce6ed;dae4eb;dde7ee;dde7ee;dde7ee;dee8ef;dde7ee;d9e5ec;dae6ed;d8e4eb;dae6ed;deeaf1;deeaf1;dae6ed;dee8ef;e0ebf0;e2edf2;e2ecf3;dce6ed;dfe9f0;dee8ef;e0eaf1;e0eaf1;dde8ed;d8e3e8;dbe6eb;e0ebf0;dee9ee;e0ebf0;e2edf2;e0ebf0;dfeaef;dde8ed;dbe7ee;dbe7ee;dfe9f0;dee8ef;dee8ef;dbe5ec;e0ebf0;dde8ed;dce7ec;dee8ef;dbe5ec;e0eaf1;dce6ed;dee8ef;e0ebf0;dee9ee;dfe9f0;dce6ed;e2ecf3;e0eaf1;e0eaf1;dee8ef;dfe9f0;dee8ef;dfe9f0;e1ebf2;e2ecf3;dee8ef;e0eaf1;e2ecf3;dce6ed;dae4eb;dde7ee;dee8ef;dfe9f0;dfeaef;dde8ed;dde7ee;dce6ed;d9e3ea;dce6ed;dfe9f0;e2edf2;dfeaef;e0ebf0;e1ecf1;e3eef3;e5f0f5;e1ecf1;e3edf4;dfe9f0;e0eaf1;e0eaf1;e1ebf2;e0eaf1;e0ecf3;e2eef5;e1edf4;dee8ef;dfe9f0;e0eaf1;dee8ef;e2ecf3;e4eef5;e3edf4;e1ebf2;e1ebf2;e2ecf3;e1ebf2;e0ecf3;e5f1f8;e2eef5;e1f0f6;e2f1f7;e3eff6;e4f0f7;e2ecf3;e1ecf1;dde8ed;dfe9f0;e2ecf3;e6f0f7;e4eef5;e7f1f8;e2eef5;dfebf2;dbe8ed;deebf0;e0ecf3;e1edf4;e3eff6;e2eef5;e5f1f8;e4f0f7;e4f0f7;e6f2f9;e7f3fa;e5f1f8;e6f2f9;e5f1f8;e4f0f7;e5f1fa;e4f0f9;e4f0f9;e5f1fa;e4f0f9;e3eff8;e1edf6;e0eaf3;dde7f0;dee8f1;e1ebf4;e0eaf3;e7f1f8;e6f2f9;e4f0f7;e4f0f7;e6f2f9;e5f1f8;e5f4fa;e5f4fa;e2f1f7;e1f0f6;e2f1f7;e5f4fa;e3f2f8;e3f2f8;e2f1f7;e4f3f9;e2f0f9;e2f0f9;e5f1fa;e5f1fa;e2eef7;e5f1fa;e3eff8;e0eef7;e1eff8;e3f1fa;e3f1fa;e1eff8;e3f2f8;e1f0f6;e1eff8;e3f1fa;e2f0f9;e1eff8;e3f1fa;e1eff8;e1f1fa;e0f0f9;e0f0f9;e3f1fa;e2f1f7;e3f2f8;e6f5fb;e4f3f9;e3f2f8;e3f2f8;dfeef4;e2f1f7;e3f1fa;e3f1fa;e4f4fd;e1f1fa;e0f0f9;dcecf5;dfeff8;e0f0f9;e2f2fb;e3f1fa;e3f1fa;dfedf6;ddebf4;deecf5;dceaf4;dbebf5;dfeff8;dfeff9;dcecf5;e1f1fb;e2f2fc;deeef8;dfeff8;ddedf6;e0f0f9;e0f0f9;e1f1fa;deeef7;e0f0fa;e0f0fa;deeef8;deeef8;e0f0fa;dcecf6;ddedf7;ddedf7;deeef8;ddedf7;deeef8;dcedf7;d9e9f3;d9e6f3;dfe4ee;7b7e85;7c7579;776f70;716a67;645f59
dde7ee;dce6ed;dbe5ec;dfe9f2;dbe5ec;dce6ed;dde7ee;dde5ec;dae2e9;dce6ed;dde7ee;dce6ed;d9e5ec;dae6ef;dae6ed;d9e5ee;d9e5ec;d9e3ea;d7e1e8;d7e1e8;d7e1e8;dbe5ec;dae4eb;dae4eb;d8e2e9;d9e3ea;d9e3ea;dbe5ec;dce8ef;d7e3ea;d6e2e9;dbe7ee;dbe5ec;dee8ef;dee8f1;dce6ef;dde7f0;dfe9f2;dce6ef;dce6ef;dfe9f2;d9e3ea;dbe5ec;dbe5ec;dee8ef;dce6ed;dae4eb;dde7ee;e2ecf3;d8e4eb;dce6ed;dae4eb;e1ebf2;dce6ed;e2ecf3;e2ecf3;e0eaf1;dce6ed;dfe9f0;e0eaf1;dfe9f0;dde7ee;d9e5ec;d9e5ec;dde7ee;dce6ed;e0ebf0;e1ecf1;e0e9ee;dfe8ed;dfe8ed;e1eaef;dee7ec;dfe8ed;e2ebf0;dee7ec;dfe8ed;e1eaef;e0ebf0;dee9ee;dce4eb;d9e1e8;d9e1e8;d9e2e7;dde6eb;dfe9f0;dee6ed;dfeaef;dee9ee;dce7ec;dfe8ed;dee7ec;e0e9ee;dce4eb;d9e3ea;d8e2e9;dce6ef;dce6ef;dfe9f2;d7e1e8;dbe5ec;dbe7ee;dae6ed;d9e5ec;dae9ef;dae9ef;dae6ed;dbe7ee;dae6ed;dee8ef;dde8ed;dfeaef;dde7ee;dee8ef;dbe7ee;dee8ef;e1ebf2;e0ebf0;e3eef3;e1ecf1;dee9ee;dce7ec;dfeaef;dfeaef;e1ecf1;dfeaef;dfeaef;dfebf2;dbe7ee;dde7ee;dae4eb;dae4eb;dce6ed;dee9ee;dbe6eb;e0ebf0;dde7ee;dce6ed;dae4eb;dce6ed;dee8ef;dce6ed;dbe6eb;e0eaf1;dee9ee;dce7ec;dfe9f0;e0eaf1;e0eaf1;dfe9f0;dfe9f0;dbe5ec;e0eaf1;dfe9f0;dde7ee;dde7ee;e1ebf2;dee8ef;d9e3ea;dbe5ec;dce6ed;dae4eb;dee9ee;dfeaef;e0eaf1;dfe9f0;dae4eb;e0eaf1;dee8ef;e1ecf1;dee9ee;dfeaef;e1ecf1;e2edf2;e1ecf1;e1ecf1;dfe9f0;e3edf4;dde7ee;e1ebf2;e2ecf3;e2ecf3;e2ecf3;e2ecf3;e3edf4;e1ebf2;e2ecf3;e2edf2;e1ebf2;e3edf4;e1ecf1;dde8ed;dfe9f0;e2ecf3;e5eff6;e4eef5;deeaf1;e1edf4;dfebf2;e1f0f6;e1f0f6;e1f0f6;e5f1f8;e4f0f7;e2ecf3;dee8ef;dfe9f0;e0eaf1;e1ebf2;e3edf4;e3eff6;e3eff6;e4f0f7;e0ecf3;deedf2;dcebf1;dde9f0;deeaf1;deeaf1;e0ecf3;e4f0f7;e2eef5;e5f1f8;e2eef5;e4f0f7;e4f0f7;e4f3f9;e2f1f7;e3f1fa;e2f0f9;e3f1fa;e4f2fb;e4f0f9;e5f1fa;e2eef7;e0ecf5;e0ecf5;dce8f1;dde9f2;dbe7f0;dfebf4;e2eef5;e5f1f8;e5f1f8;eaf6fd;e9f5fc;e4f3f9;e7f6fc;e5f4fa;e5f4fa;e3f2f8;e3f2f8;e5f4fa;e2f1f7;e2f1f7;e3f2f8;e2f1f7;dfedf6;e5f1fa;e4f0f9;e4f0f7;e4f0f7;e4f0f9;e5f1fa;e1eff8;dfedf6;e0eef7;e3f1fa;e2f0f9;e3f2f8;e1eff8;e3f1fa;e1eff8;e1eff8;e0eef7;e4f2fb;dfeff8;e0f0f9;dfeff8;e1f1fa;e2f3f9;e3f2f8;e4f3f9;e5f4fa;e3f2f8;e2f1f7;e2f1f7;e3f2f8;e2f0f9;dfedf6;e1f1fa;dfeff8;ddedf6;ddedf6;ddedf6;e4f2fb;e4f2fb;e1eff8;dfedf6;e1eff8;e2f0f9;e0f0f9;dfeff8;dcecf5;deeef7;dfeff9;dfeff8;dfeff9;ddedf7;d5e5ef;d9e9f2;dcecf5;dfeff8;dcecf5;deeef7;ddedf6;e2f2fc;dfeff9;deeef8;deeef8;deeef8;e0f0fa;ddedf7;deeef8;deeef7;dbebf4;e0f0fa;e0f1fb;dbebf5;dce9f6;e0e8f1;797c83;7d7479;787071;6e6562;65605a
e0eaf1;dbe5ec;dde7f0;dae4ed;dde7f0;d7e1ea;dae4eb;dae4eb;dee8ef;dce6ed;dde7ee;dae4eb;dce6ed;d9e5ee;d7e3ec;d5e1ea;dbe7f0;d7e1e8;dbe5ec;dde7ee;d9e3ea;dde7ee;dae6ed;d8e4eb;d9e3ec;dbe5ee;d8e2eb;dce6ed;dce6ed;dbe7ee;dae6ed;dce6ed;dce6ed;dae4eb;dae4eb;dde7f0;dfe9f2;dee8f1;dae4ed;dae4ed;dde7f0;dde7ee;dde7ee;dde7ee;dbe5ec;d6e0e7;d9e3ea;d8e2eb;e0eaf3;dbe5ec;dae4eb;e0eaf1;dde5ec;dbe5ec;dde7ee;dee8ef;dfe9f0;dde7ee;e1ebf2;dee8ef;dce7ec;dde8ed;dfe9f0;dfe9f0;dde7ee;dce6ed;dee8ef;dbe5ec;e0e8ef;dee6ed;dae2e9;e0e8ef;e1eaef;e0e9ee;dde6eb;dde6eb;dae3e8;dfe8ed;e0ebf0;dbe6eb;dde5ec;dae4eb;d7e1e8;d7e1e8;dce6ed;dce6ed;dfe9f0;dce7ec;dce7ec;dfeaef;dfe8ed;dfe8ed;dee7ec;dce4eb;dce6ed;dbe5ee;dbe5ee;dbe5ee;dae4eb;dae4eb;dee8ef;dce8ef;dce8ef;dae6ed;ddeaef;dbe8ed;dbe7ee;dfebf2;dde9f0;dee8ef;dee9ee;dee9ee;dee9ee;e0ebf0;e1ebf2;dee8ef;dee8ef;dfeaef;dbe6eb;d9e6eb;e1ecf1;dde8ed;dce6ed;dfe9f0;e2ecf3;deeaf1;deeaf1;dde9f0;e1edf4;dce9ee;dae6ed;dce8ef;d6e2e9;dbe6eb;e0ebf0;e1ecf1;dfe9f0;dbe5ec;dde7ee;dde7ee;dfe9f0;dce6ed;dce6ed;e2ecf3;e0eaf1;dde7ee;dfe9f0;dce6ed;e2ecf3;dfe9f0;dee8ef;deeaf1;dde9f0;d7e3ea;dce8ef;dae7ec;deeaf1;e2ecf3;e2ecf3;e0ecf3;dbe5ec;dbe5ec;dbe6eb;dde8ed;dee9ee;dee9ee;e2ebf0;dce5ea;dde8ed;dfe8ed;dfe8ed;dbe6eb;dce7ec;dbe6eb;dfe9f0;e1ebf2;e1ebf2;e4eef5;e2ecf3;e0eaf1;e3edf4;e2ecf3;e1ebf2;e3edf4;e1ebf2;e0eaf1;e0eaf1;dee9ee;e1ecf1;e2edf2;e3eef3;e2edf2;dfeaef;e1eef3;dfecf1;e1ebf2;e1edf4;dce8ef;e2eef5;dfebf2;deedf3;e3f2f8;e3eff6;e2eef5;e4f0f7;e3edf4;e1ecf1;dfeaef;e2ecf3;dde7ee;deeaf1;dfebf2;e2eef5;dfebf2;e3eff6;e0ecf3;e0ecf3;e2ecf3;e3edf4;e3edf4;e3eff6;e5eff6;e5eff6;e5eff6;e7f1f8;e4f0f7;e2eef5;e4f3f9;e3f1fa;e0eef7;e2f0f9;e2f1f7;e0eff5;e7f3fc;e3eff6;e5f1fa;e4f0f9;e0ecf5;e0ecf5;dae6ef;dce8f1;dae6ed;dbe7ee;e6f2f9;e5f1f8;e7f3fa;e2f1f7;e1f0f6;e6f5fb;e4f3f9;e3f2f8;e5f4fa;e5f4fa;e4f3f9;deedf3;e0eff5;e1f0f6;e0ecf3;e3eff6;e5f1f8;e7f3fa;e6f2f9;e2f1f7;e0eff5;e2f0f9;e2f2fb;e0eef7;e2f0f9;e4f2fb;e3f1fa;e3f1fa;e2f0f9;deecf5;e1eff8;deecf5;dfeff8;e1f1fa;e1f1fa;e2f2fb;dfeff8;e3f3fc;e4f3f9;e4f3f9;e5f4fa;e2f1f7;e2f1f7;e4f3f9;e4f2fb;e1eff8;e1f1fa;e1f1fa;e0f0f9;e0f0f9;ddedf6;dfeff8;e0eef7;e0eef7;d7e5ee;d9e7f0;e0eef7;deeef7;ddedf6;dfeff8;e1f1fa;dfeff8;deeef8;dfeff9;deeef8;dcecf6;dbebf5;dbebf4;ddedf6;ddedf6;daeaf3;dbebf4;dfeff8;e4f4fe;e1f1fb;e3f3fd;dfeff9;deeef8;e1f1fb;e0f0fa;ddedf7;e0f0f9;e2f2fc;ddeef8;d8e9f3;d7e6f3;dce9f6;e0e8f1;787b82;7a7275;786e6f;6f6663;66615b
d9e3ea;dde5ec;dde5ec;e0eaf1;dbe5ee;d9e3ec;d7e3ea;dee8ef;dae4eb;dce6ed;dce4eb;dbe5ec;dde7ee;d9e3ea;d8e2e9;d3dfe8;d8e4ed;d9e3ec;d6e0e9;dae4eb;d9e3ea;d9e3ea;d9e3ea;dde7f0;d9e3ec;d9e3ec;dae4eb;dee8ef;dee8ef;dce6ed;dce6ed;dde7f0;dee8f1;dce6ef;d4dee7;dae4ed;dbe5ee;dde7f0;dfe9f0;dee8ef;dde7ee;dde7ee;dde7ee;dae4eb;dce6ef;dde7f0;d9e3ec;dee8f1;dfe9f0;d7e1e8;dbe5ec;dde7ee;dce4eb;dee8ef;dee8ef;e0eaf1;dce6ed;dde7ee;dce4eb;dde6eb;e0e9ee;dfe8ed;dee7ec;dde7ee;dfe9f0;d7e1e8;dde7ee;e1ebf2;e0e8ef;e1e9f0;dfe7ee;dbe5ec;dbe5ec;dce5ea;dfe8ed;dce5ea;dde6eb;dbe4e9;e0e9ee;dae3e8;dbe5ec;dae4eb;d6e0e7;d3dde4;dde7ee;dbe5ec;dce6ed;dbe5ec;dae4eb;dee8ef;e0e9ee;dae5ea;dde7ee;dae4eb;d8e2e9;d5dfe6;dfe9f0;dbe5ec;e0eaf1;dbe5ec;dce6ed;dde7ee;d9e6eb;dce9ee;dce9ee;deebf0;deebf0;dae7ec;dee8ef;dfe9f0;e0eaf1;dce7ec;dce7ec;e0eaf1;dee8ef;dfe9f0;dde7ee;dde7ee;d9e5ec;dae6ed;dfebf2;dce8ef;dfe9f0;e0eaf1;dfe9f0;dde9f0;dce8ef;dbe8ed;dfecf1;e1eef3;dfecf1;ddeaef;dde8ed;dbe6eb;dee9ee;e0ebf0;dce5ea;d9e2e7;d8e0e7;dde5ec;dde5ec;d8e2e9;d9e3ea;e0eaf1;dee8ef;e0eaf1;dee8ef;dae4eb;dce6ed;dee9ee;dee9ee;dbe8ed;dbe8ed;dbe7ee;dfebf2;dce9ee;dce9ee;e2eef5;dde9f0;dde9f0;e0eaf1;d7e1e8;d8e3e8;dce7ec;dfe8ed;dee7ec;dde6eb;dfe8ed;dce7ec;dfe8ed;dee9ee;dee9ee;dee9ee;d9e3ea;dde7ee;dfe9f0;dde7ee;e1ebf2;e0eaf1;e1ebf2;dce6ed;dce6ed;dfe9f0;e2ecf3;e2ecf3;e3edf4;e3edf4;dce7ec;dee9ee;e1ecf1;e0ebf0;dfeaef;dee9ee;e0eaf1;e1edf4;deeaf1;e2eef5;e0ecf3;e5f1f8;deeaf1;deeaf1;e2eef5;e2eef5;e2eef5;e3eff6;e3eff6;e7f1f8;e2ecf3;e2ecf3;e2ecf3;dfe9f0;dce8ef;e3eff6;e3eff6;e4eef5;e4eff4;e4eff4;e0ebf0;e0ebf0;e1ebf2;e3edf4;e6f0f7;e6f0f7;edf7fe;f1fbff;e7f1f8;e4f0f7;e1eff8;e3f1fa;e4f3f9;e4f3f9;e4f3f9;e2f1f7;e1f0f6;e4f3f9;e5f4fa;e6f5fb;e4f0f7;e1edf4;dfebf2;deeaf1;dee8ef;e0eaf1;dde9f0;e2eef5;e5f1f8;e7f3fa;e4f3f9;e2f1f7;e5f4fa;e5f4fa;e5f6fc;e4f5fb;e3f4fa;e6f5fb;dfeef4;e0eff5;e2eef5;e6f2f9;e5f1f8;e1f0f6;e1f0f6;e2f1f7;e3f2f8;e1eff8;e1f1fa;e2f2fb;e2f0f9;e0eef7;e1eff8;e2f0f9;e4f2fb;e3f1fa;e4f2fb;e1f1fa;e0f0f9;dcecf5;ddedf6;dfeff8;e1eff8;e3f3fc;e2f1f7;e5f4fa;e2f1f7;e4f3f9;e3f2f8;e2f0f9;e3f1fa;e3f1fa;e2f2fb;e0f0f9;daeaf3;deeef7;e0f0f9;ddedf6;deeef7;e1f1fa;deeef7;ddedf6;e0f0f9;ddedf6;deeef7;e0f0f9;e1f1fa;e1f1fa;e1f1fb;e0f0fa;dbebf5;dcecf6;d9e9f2;deeef7;deeef7;ddedf6;dfeff8;e0f0f9;e2f2fb;e1f1fa;dfeff8;deeef8;dcecf6;e0f0fa;deeef8;e1f1fb;e1f1fb;deeef8;dbecf6;daebf5;d9eaf4;dcecf6;dcedf9;d9dde8;83838b;7a7377;776f72;6e6765;68635d
dae4eb;dae2e9;e3ebf2;dee8ef;e1ebf2;d7e1e8;d8e4eb;dae4eb;dbe5ec;d8e2e9;d9e3ea;dce6ed;dae4eb;d8e2e9;dce6ed;d6e2eb;d9e5ee;d9e3ec;d8e2eb;dce4ed;dde5ec;dde5ec;d9e3ea;dae4eb;d9e3ec;dbe5ee;d9e3ea;dae4eb;dbe5ec;dee8ef;dbe5ec;dde7f0;dce6ef;dce6ef;dbe5ee;dae4ed;dce6ef;dce6ef;dce6ed;dce6ed;dde7ee;dde7ee;dde7ee;d7e1e8;d9e3ea;d8e2e9;d9e3ea;dde7ee;dee8ef;dfe9f0;dee8ef;e0e8ef;e0e8ef;dde7ee;dfe9f0;d9e3ea;dce6ed;dbe5ec;dce6ed;dde5ec;dfe8ed;e3ecf1;dee9ee;dfe9f0;dbe5ec;d3dde4;dae4eb;e0eaf1;dfe7ee;dfe7ee;e4ecf3;e3edf4;dae4eb;d8e3e8;dee7ec;dbe4e9;dce5ea;dae3e8;dde6eb;dde6eb;d7e1e8;d7e1e8;d1dbe2;d7e1e8;dce6ed;dbe5ec;dee8ef;dae4eb;d5dfe6;dbe5ec;e1ebf2;dee8ef;dae4eb;dae4eb;d9e3ea;dbe5ec;dfe9f0;dee9ee;dce7ec;dde8ed;dbe6eb;d9e4e9;dde8ed;deebf0;deebf0;dce9ee;dae7ec;dae7ec;dde7ee;e0eaf1;e1ebf2;dee9ee;dfeaef;dde8ed;dbe5ec;dae4eb;d9e3ea;dde7ee;d9e5ec;dae6ed;dde7ee;dae6ed;dfe9f0;e0eaf1;dfe9f0;e0eaf1;dee8ef;ddeaef;e1eef3;deebf0;e3eef3;deebf0;dde8ed;dce7ec;dae5ea;dce7ec;dfe8ed;e0e9ee;e0e9ee;e3ecf1;dee7ec;dee8ef;d9e3ea;d8e2e9;dce6ed;dee8ef;dee8ef;d9e3ea;dce6ed;dde8ed;dee9ee;dee9ee;dce7ec;d7e3ea;dbe7ee;dce9ee;dbe8ed;deebf0;dae7ec;dae7ec;dde7ee;e0eaf1;dfeaef;dee9ee;dfe7ee;e0e8ef;dee7ec;e0e9ee;d9e4e9;dfe8ed;dee7ec;dbe6eb;dde8ed;dae5ea;dde7ee;e0eaf1;e1ebf2;dee8ef;dee8ef;dde7ee;d9e3ea;dfe9f0;dde7ee;dde7ee;dfe9f0;e4eef5;e3edf4;e3eef3;dfeaef;e2edf2;e1ecf1;dde8ed;dfeaef;e0eaf1;e1ebf2;dfebf2;e0ecf3;e2eef5;e0ecf3;dfebf2;e0ecf3;e0ecf3;e1edf4;e1edf4;e0eaf1;e6f0f7;e6f0f7;e6f1f6;e3eef3;e1ebf2;e3edf4;e0eaf1;e1ebf2;e4eef5;e6f0f7;e8f2f9;e9f4f9;e5f0f5;e0eaf1;e0eaf1;e3edf4;e0eaf1;e5edf4;e9f1f8;e9f3fa;e4eef5;e4f0f7;e0eef7;e3f1fa;e4f3f9;e4f3f9;e5f4fa;e5f4fa;e4f3f9;e4f3f9;e4f3f9;e3f2f8;e7f3fa;e5f1f8;e3eff6;e2ecf3;dfe9f0;dee8ef;dde7ee;e0eaf1;e3eff6;e7f3fa;e4f3f9;e5f4fa;e5f4fa;e4f3f9;e6f7fd;e5f6fc;e2f3f9;e0eff5;e2f1f7;e0eff5;e2eef5;e3f1fa;e2f0f9;e2f1f7;e0eef7;e2f3f9;e0f1f7;dcedf3;dfeff8;dfeff8;e1eff8;e3f1fa;e2f0f9;e1eff8;dfedf6;e2f0f9;dfedf6;e3f3fc;e2f2fb;e2f3f9;e1f1fa;e1f1fa;e3f1fa;e1f2f8;e3f2f8;e5f4fa;e7f6fc;e2f1f7;e2f1f7;e2f0f9;e2f0f9;e4f2fb;deeef7;ddedf6;deeef7;d2e2eb;deeef7;e2f2fb;dfeff8;e2f2fb;deeef7;e1f1fa;ddedf6;dfeff8;deeef7;ddedf6;deeef7;deeef7;e0f0f9;dfeff9;dbebf5;dbebf5;dcecf5;deeef7;e0f0f9;deeef7;deeef7;e0f0f9;e0f0f9;e1f1fa;e0f0f9;e0f0fa;e0f0fa;e0f0fa;dcecf6;deeef8;dfeff9;e0f0fa;ddeef8;ddeef8;e0f1fb;ddedf7;dce9f6;e6eaf4;76767e;746d71;736b6e;736d6b;68655f
dae4eb;dee8ef;dbe5ec;e1ebf2;dce6ed;d7e3ec;d7e3ea;dfe9f0;dae6ed;dae6ed;dee8ef;dce6ed;dee8ef;dae4eb;d7e1e8;d8e4ed;d9e5ee;dae4ed;dae4ed;dce6ef;dde5ee;dce4ed;d9e3ea;d8e2e9;d9e3ea;dde7ee;dde7ee;dae4eb;dbe5ec;dae4eb;dde7ee;dbe5ee;d8e2eb;d9e3ec;dce6ef;dde7f0;dce6ef;dde7ee;e0eaf1;dde7ee;dde7ee;dfe9f0;e1ebf2;dae4eb;e0eaf1;dce6ed;dbe5ec;dfe9f0;e1ebf2;dee8ef;dae4eb;dce6ed;dee8ef;dde7ee;dde7ee;dae4eb;dbe5ec;dde7ee;dde7ee;dbe5ec;dde6eb;dde6eb;dde8ed;dde8ed;dce6ed;d5dfe6;d8e2e9;e0eaf1;dee8ef;e1e9f0;dfeaef;e2ecf3;d8e2e9;d4dfe4;d8e3e8;dce7ec;dee7ec;d9e2e7;d9e2e7;dee7ec;d6e1e6;d5dfe6;d4dee5;dbe5ec;dde7ee;dbe5ec;dbe5ec;dde7ee;dce6ed;dae5ea;dee7ec;dce5ea;dde6eb;dae2e9;d6e0e7;dae4eb;dfe9f0;dce6ed;dce7ec;dce6ed;dee8ef;dee8ef;dde7ee;dfe9f0;dbe6eb;dce7ec;dee8ef;e1ecf1;dbe6eb;dde8ed;dee9ee;e2ebf0;dde8ed;dbe5ec;dbe5ec;dbe5ec;dce6ed;dee8ef;dce6ed;dee8ef;dde7ee;dce6ed;dee8ef;e0eaf1;dee8ef;dce7ec;dde8ed;e0ebf0;dfeaef;dde8ed;dee9ee;dfecf1;e2edf2;dfeaef;dee9ee;e0ebf0;dde8ed;dce7ec;dbe6eb;dce7ec;dbe6eb;dfeaef;dee8ef;dce6ed;d6e0e7;dae3e8;dee7ec;dee7ec;dee7ec;dfe8ed;dde8ed;dee9ee;dce7ec;e0ebf0;dee9ee;dde8ed;ddeaef;dbe8ed;dbe7ee;dae6ed;dee8ef;e0eaf1;e3ebf2;dde7ee;e2eaf1;e0e8ef;e3ebf2;d9e4e9;dfe8ed;dce5ea;e1eaef;dfeaef;dce7ec;d9e4e9;dae4eb;dde7ee;dee8ef;dfe9f0;deeaf1;e4eef5;e1ebf2;dce6ed;dbe7ee;dbe7ee;dce8ef;dce8ef;dde9f0;e0eaf1;dfe9f0;e2ecf3;dfe9f0;e0eaf1;e1ebf2;dfe9f0;dee8ef;e0eaf1;e0eaf1;e2ecf3;e3edf4;e3edf4;e2ecf3;e3eff6;e6f0f7;e1ebf2;e3edf4;e3edf4;e6f0f7;e4eef5;e1ebf2;e0eaf1;e1ebf2;dee8ef;e0eaf1;e0ebf0;e3eef3;e6f1f6;e5f0f5;e6f1f6;e5eff6;e6f0f7;e2ecf3;e3edf4;dfe9f0;e2ecf3;e0eaf1;e4f0f7;e4f0f7;e5f1f8;e2f0f9;e6f5fb;e5f4fa;e4f3f9;e4f3f9;e4f3f9;e5f4fa;e3f2f8;e3f2f8;e4f3f9;e8f4fb;e7f3fa;e4f0f7;e4eef5;e2ecf3;e0eaf1;dae4eb;e0eaf1;e2eef5;e5f1f8;e3f2f8;e4f3f9;e5f4fa;e4f5fb;e4f5fb;e2f2fb;e3f3fc;e1eff8;dfedf6;deecf5;dfedf6;e2f0f9;e3f1fa;e2f0f9;e1eff8;e0f0f9;dfeff8;e0f0f9;e1f1fa;e0f0f9;e3f1fa;e2f0f9;e4f2fb;e2f0f9;dfeef4;e0eff5;dfeef4;e4f3f9;e2f1f7;e4f3f9;e2f1f7;e1f0f6;e2f1f7;e3f2f8;e4f3f9;e4f2fb;e2f1f7;e0eff5;e1eff8;e2f0f9;e2f0f9;e1eff8;deeef7;deeef7;daeaf3;dfeff8;deeef7;e2f2fb;dbebf4;dfeff8;deeef7;e0f0f9;dcecf6;deeef8;dcecf6;ddedf7;daeaf4;ddedf6;dcecf5;deeef7;deeef7;deeef7;dfeff8;dfeff8;dfedf6;deeef7;e1f1fa;e0f0f9;e0f0f9;e0f0f9;e0f0fa;deeef8;e0f0fa;e1f1fb;deeef8;daeaf4;d8e9f3;d9eaf4;dbecf6;daebf5;dfeff9;dee9f6;e2e6f0;77777f;787175;766e6f;6f6966;625f59
dae2e9;dde7ee;dde7ee;dfe9f0;dae4eb;dae4ed;dee8ef;dbe5ec;dae6ed;d9e5ec;dce6ed;dce6ed;d9e3ea;dbe5ec;d7e1e8;d5e1e8;dae6ef;d8e4ed;dce6ef;dfe9f2;d9e3ec;dae2eb;d8e2e9;dbe5ec;dae4eb;dbe5ec;dae4eb;dde7ee;dce6ed;dbe5ec;dee8ef;dde7ee;dae4eb;dbe5ec;dbe5ee;dee8f1;dae4ed;d9e3ea;dae4eb;dae4eb;e0eaf1;dee8ef;dfe9f0;dbe5ec;e0eaf1;dce6ed;dbe5ec;d8e2e9;dce6ed;dfe9f0;dee8ef;d8e2eb;d9e3ec;dce6ef;dde7f0;dde7f0;d9e5ec;dee8ef;dce6ed;dce6ed;dde7ee;dfe9f0;dde7ee;dce6ed;d9e3ea;d7e1e8;e0eaf1;e2ecf3;dfe9f0;e1ecf1;e0ebf0;dbe5ec;d5e0e5;cfdadf;d2dde2;d9e4e9;dde6eb;dfe8ed;dee7ec;dde6eb;d8e1e6;d5e0e5;d5e0e5;dee9ee;dfe9f0;dae4eb;d8e2e9;dae4eb;dbe6eb;dce7ec;dee7ec;dfe8ed;dbe3ea;dae2e9;d9e3ea;d7e1e8;d8e2e9;dee8ef;d8e2e9;dde7ee;dde7ee;dde7ee;d9e5ec;dce8ef;deeaf1;dbe5ec;dee8ef;e0eaf1;dde8ed;dbe6eb;dee9ee;dbe6eb;dde8ed;dde7ee;dbe5ec;dbe5ec;dce6ed;dbe5ec;dde7ee;e0eaf1;dee8ef;dbe5ec;dee8ef;dfe9f0;dfe9f0;dce7ec;dde8ed;e0ebf0;dde8ed;e0ebf0;e1ecf1;deebf0;dfeaef;dee9ee;dee9ee;dfeaef;dce7ec;dde8ed;dae4eb;d9e3ea;dce7ec;dde8ed;dce7ec;dee9ee;dbe6eb;dfe8ed;dfe8ed;e0e9ee;e0e9ee;e0e9ee;dde6eb;dee7ec;dfeaef;dfeaef;dce7ec;e1ecf1;dce7ec;ddeaef;deeaf1;dce8ef;d9e3ea;dde7ee;e4ecf3;dfe7ee;e0e8ef;e1e9f0;dde7ee;e2ebf0;dde6eb;dde6eb;e1eaef;dfeaef;dee9ee;d9e4e9;dce7ec;dee9ee;dfeaef;dee9ee;dce9ee;ddeaef;dee8ef;dee8ef;dfe9f0;dde9f0;e0ecf3;e1edf4;dfebf2;dbe7ee;dce6ed;e2ecf3;e0eaf1;e0eaf1;e3edf4;e1ebf2;e5eff6;e3edf4;e1ebf2;e4eef5;e2ecf3;e3edf4;e1edf4;e1edf4;dfe9f0;e0ecf3;e4f0f7;e0ecf3;e1edf4;e4f0f7;e2eef5;e4eef5;e5eff6;e0eaf1;e0eaf1;e0ebf0;dee9ee;e3eef3;e6f1f6;e7f1f8;e2eef5;e0ecf3;e0eaf1;e3edf4;e1ebf2;e3edf4;e2ecf3;e2eef5;e3eff6;e8f4fb;e6f2f9;e5f4fa;e4f2fb;e2f1f7;e4f3f9;e6f5fb;e5f4fa;e5f4fa;e4f3f9;e4f3f9;e7f6fc;e6f5fb;e7f3fa;eaf5fa;e8f2f9;e2ecf3;dde7ee;dce6ed;deeaf1;e3eff6;e6f2f9;e4f3f9;e8f7fd;e6f5fb;e4f5fb;e4f4fd;dfeff8;e3f1fa;deecf5;deecf5;e3f1fa;e2f0f9;e2f0f9;e1eff8;e3f1fa;e3f1fa;e2f0f9;e0eef7;e2f0f9;e0eef7;e0eef7;e4f2fb;e3f1fa;e4f2fb;e3f1fa;e0eff5;e4f3f9;dfeef4;e5f4fa;e2f0f9;e1eff8;e0eef7;e1f0f6;e3f2f8;e5f4fa;e5f3fc;e1f0f6;e1eff8;e2f0f9;e4f2fb;dfeff8;ddebf4;dcecf5;e1f1fa;e0f0f9;deeef7;ddedf6;e2f2fb;e1f1fa;dfeff8;deeef7;e0f0f9;ddedf7;ddedf7;deeef8;e1f1fb;dfeff9;deeef8;dbebf5;e1f1fa;ddedf6;dbebf4;dbebf4;e0eef7;e1eff8;dfedf6;ddedf6;e1f1fa;dcecf5;e3f3fd;e1f1fb;e2f2fc;dfeff9;e0f0fa;e1f1fb;deeff9;deeff9;deeff9;dcedf7;ddeef8;dfeff9;e0edfa;e1e5ef;717179;766f72;746d6b;716b65;625f58
dee8ef;dde7ee;e2ecf3;dae4eb;d9e3ea;d9e5ec;dae6ef;d9e5ee;dae6ef;d9e5ee;dee8ef;dae4eb;dbe5ec;d8e2e9;d9e3ea;dae6ed;deeaf1;d9e5ec;d8e4ed;d8e4ed;dae4ed;dae4ed;dde7f0;d7e1ea;dee8ef;dce6ed;dce6ed;dae4eb;dae4eb;dee8ef;dde7ee;dbe5ec;dce6ed;d7e1e8;dde7f0;dbe5ec;dae4ed;dbe5ee;dbe5ec;dde7ee;dce6ed;dce6ed;d9e3ea;dde7ee;dce6ed;dae4eb;dbe5ec;dde7ee;dfe9f0;d6e0e7;d7e3ea;dae4ed;d9e5ee;d9e5ee;dee8f1;dae4ed;dce8ef;e0eaf1;dce6ed;dae4eb;dfe9f0;dfe9f0;dce6ed;d8e2e9;d6e0e7;d9e3ea;dfe9f0;e3eef3;e0ebf0;e0ebf0;d9e4e9;dae5ea;d1dce1;d0dbe0;dae4eb;d8e2e9;e1eaef;e0e9ee;dee7ec;d9e2e7;d5dee3;d1dce1;dbe6eb;dbe6eb;dce7ec;d8e2e9;d7e1e8;dbe5ec;dbe5ec;dce6ed;dfe8ed;dbe4e9;dbe3ea;dce4eb;d6e0e7;d8e2e9;dce6ed;dde7ee;dde7ee;dae4eb;e0eaf1;dae4eb;dae4eb;dae6ed;dde7ee;dce6ed;dee8ef;dbe5ec;dbe6eb;dae5ea;dfeaef;dbe5ec;dbe5ec;deeaf1;dfe9f0;dee8ef;dae4eb;dbe3ea;e1e9f0;e1e9f0;dae4eb;dfe9f0;dde7ee;dee8ef;dfe9f0;e1ebf2;dee9ee;dce7ec;e2edf2;dfe9f0;dde7ee;dce8ef;dfeaef;e2edf2;dde8ed;e0edf2;dde9f0;dae6ed;dde9f0;dce6ed;dce7ec;dce7ec;dee9ee;d8e3e8;dae5ea;dde6eb;dde6eb;e1eaef;dee7ec;dde8ed;dce7ec;dbe6eb;dbe6eb;dae5ea;dde8ed;e3eef3;e0ebf0;dfeaef;dce6ed;dce6ed;d9e3ea;dee8ef;dfe9f0;dde7ee;dbe5ec;dce6ed;dfeaef;e0ebf0;e4edf2;e1eaef;dde6eb;dde8ed;dce7ec;dce7ec;dee6ed;dde5ec;e1ebf2;dee9ee;d9e6eb;dce9ee;dce9ee;dee9ee;dde7ee;dfe9f0;e1ebf2;e0eaf1;e1ebf2;e0eaf1;dfebf2;e1ebf2;dfebf2;dbe7ee;deeaf1;e2eef5;dfebf2;e1ebf2;e2ecf3;e0ecf3;e2eef5;e2eef5;e3eff6;e4f0f7;e6f2f9;e5f1f8;e1edf4;e5f1f8;e1edf4;ddecf2;dce8ef;e2eef5;deeaf1;e0eaf1;e3eef3;e2edf2;e3eef3;dfe9f0;e0eaf1;e4eef5;e4eef5;e3edf4;e8f2f9;e4eef5;e2ecf3;e1ebf2;e2ecf3;e4eef5;e6f2f9;e3eff6;e3eff6;e5f1f8;e1f0f6;e1f0f6;e3f2f8;e3f2f8;e8f7fd;e7f6fc;e1f0f6;e2f1f7;e5f4fa;e6f5fb;e6f5fb;e4f0f7;e8f4fb;e9f5fc;dfebf2;dde9f0;d7e3ea;deeaf1;e3eff6;e8f4fb;e7f3fa;e4f3f9;e2f1f7;e6f7fd;e0f1f7;e3f3fc;e3f3fc;e1eff8;dfedf6;e2f0f9;e3f1fa;e1eff8;e2f0f9;e2f0f9;e4f2fb;e7f5fe;e2f0f9;e0eef7;e3f1fa;e2f0f9;e2f0f9;e3eff8;e3eff8;e4f0f7;dfeef4;e0eef7;e1eff8;e0eef7;e6f4fd;e2f0f9;e6f4fd;e2f0f9;e3f1fa;e5f3fc;e2f0f9;e2f0f9;dcecf5;e0f0f9;ddedf6;dfeff9;dfeff9;e1f1fb;e2f2fc;ddebf5;e0f0f9;ddedf7;dfeff8;e2f2fb;e1f1fa;e2f2fb;deeef8;dcecf6;ddedf7;deeef8;e0f0fa;dbebf5;ddedf7;daeaf3;daeaf3;daeaf3;dbebf4;dfeff8;e0f0f9;dbebf4;e1f1fa;e0f0fa;dfeff9;deeef8;deeef8;dfeff9;daeaf4;deeef8;dfeff9;e0f0fa;e1f2fc;dcedf7;daebf5;ddeefa;e1f0fd;e1eefb;e5e9f3;6f7278;787172;736c69;6f6963;636157
dbe5ec;dbe5ec;dae5ea;dee8ef;dfe9f0;d7e3ea;dae6ed;d6e2eb;d9e5ee;dce8f1;dae4ed;dce6ed;d9e3ea;d8e2e9;d8e2e9;dae4eb;d8e4eb;d7e3ea;d6e2e9;dae6ed;dce6ef;dbe5ee;d9e3ec;dbe5ee;d9e3ea;dae4eb;d6e0e7;dae4eb;d8e2e9;dbe5ec;dbe5ec;dae6ed;d8e4eb;dae4eb;dbe5ee;d9e3ec;dce4ed;dbe3ec;d9e3ea;dbe5ec;d6e0e7;d8e4eb;d9e5ec;dce8ef;dce6ed;dbe5ec;d9e3ea;dde5ec;dbe5ec;d7e1e8;d8e2e9;dae4eb;dae6ed;d9e5ee;dce8f1;dbe5ec;dae6ed;dce6ed;dce6ed;d8e2e9;dde7ee;dae4eb;dae4eb;dae4eb;d9e3ea;d9e3ea;dfeaef;dfeaef;e0ebf0;dee9ee;d7e2e7;d2dde2;d3dee3;dce6ed;dae4eb;dbe5ec;dce7ec;dce5ea;dae3e8;d6dfe4;d4dde2;dae5ea;dee9ee;dbe4e9;dae3e8;d8e3e8;d9e3ea;dae4eb;dbe5ec;e3edf4;e0e8ef;dbe3ea;dde5ec;dae2e9;d9e3ea;dae4eb;dce6ed;dde7ee;dde7ee;dbe5ec;dbe5ec;dde7ee;dfe9f0;dfe9f0;dde7ee;dce6ed;dde8ed;dae5ea;e3ecf1;e1ecf1;dce5ea;e0eaf1;dde7ee;d8e4eb;dee8ef;e1ebf2;dfeaef;dee7ec;e1e9f0;dfe7ee;dce6ed;dfe9f0;e1ebf2;dbe5ec;dbe5ec;e1ebf2;dfe9f0;dde8ed;dfeaef;dae5ea;dae4eb;d9e5ec;deebf0;e0edf2;e2edf2;dee9ee;dbe5ec;dae6ed;dee8ef;dde7ee;dbe6eb;dce7ec;d7e2e7;d8e3e8;dbe6eb;d8e1e6;d8e1e6;dae3e8;dbe4e9;dce7ec;dce7ec;dbe6eb;dde8ed;dee9ee;d9e4e9;e0ebf0;dee9ee;dce7ec;dce7ec;dce7ec;dde7ee;dfe9f0;dee8ef;e1ebf2;d6e0e7;d8e2e9;dfeaef;dce7ec;e4edf2;e2ebf0;dee9ee;dfe9f0;dce6ed;dce6ed;e1e9f0;e0e8ef;dee9ee;dbe6eb;dbe8ed;dae7ec;dbe8ed;dfeaef;dfeaef;dce7ec;e0eaf1;e2ecf3;dfe9f0;e1ebf2;e0ecf3;e2eef5;deeaf1;e1edf4;dde9f0;dde9f0;dde9f0;e2ecf3;e0ecf3;e2eef5;e3eff6;e3eff6;e4f0f7;e2eef5;e3eff6;e1edf4;e3eff6;dfeef4;ddecf2;deedf3;e0ecf3;e1edf4;e1ebf2;e2edf2;e4eef5;e1ebf2;e0ebf0;e3edf4;e2ecf3;dee8ef;e3edf4;dfe9f0;e7f1f8;e7f1f8;e3edf4;e5eff6;dee8ef;dee8ef;e0eaf1;e0ecf3;e0ecf3;e4f0f7;e4f3f9;e1f0f6;e2f1f7;e3f2f8;e3f2f8;e3f2f8;e4f3f9;e2f1f7;e3f2f8;e5f4fa;e8f4fb;e5f1f8;e5f1f8;e6f2f9;e3eff6;e0ecf3;dbe7f0;dce8f1;dae6ed;e0ecf3;e2eef5;e5f4fa;e3f2f8;e1f2f8;e3f4fa;e5f6fc;e4f5fb;e0eef7;dfedf6;e3f1fa;e1eff8;e3f1fa;e3f1fa;e3f1fa;e1f0f6;e1eff8;dfeef4;e3f2f8;e4f2fb;e3f1fa;e0eef7;e3f2f8;e6f2fb;e1f0f6;e4f3f9;e3f1fa;e2f0f9;e4f2fb;e2f0f9;dfedf6;e3f1fa;e1eff8;deecf5;e3f1fa;e3f1fa;dfedf6;dfeff8;e1f1fa;e0f0f9;dfeff9;e1f1fb;e2f2fc;e1f1fa;ddedf6;e0f0f9;dcecf5;e0f0f9;e2f2fb;dfeff8;dfeff8;dcecf6;e0f0fa;dcecf6;e0f0fa;e1f1fb;e0f0fa;dcecf6;dbebf4;dcecf5;ddedf6;ddedf6;deeef7;dfeff8;dbebf4;e0f0f9;dfeff9;ddedf7;dbebf5;ddedf7;dcecf6;deeef8;e1f1fb;e0f0fa;deeff9;dff0fa;deeff9;deeff9;d7e8f2;ddedf7;dfecf9;e3e7f1;6c6f75;766f70;77706d;6f6a64;5f5c55
dae6ed;dae6ed;dbe5ec;dce6ed;d7e3ea;dae6ed;d8e4eb;dbe7ee;dae6ed;d7e3ec;d9e3ea;d8e2e9;d8e2e9;dae4eb;d9e3ea;dbe5ec;d9e3ea;dae4eb;dbe5ec;dee8ef;dde7ee;dae4eb;d8e2eb;dae6ef;d7e3ea;d6e2eb;d8e2eb;d9e5ec;d9e5ee;dae4ed;d9e3ec;dae6ef;d9e5ee;d9e3ec;dce6ef;d9e3ec;dce6ef;dce6ef;d8e2e9;d8e2e9;dce6ed;dce6ed;dde9f0;dde9f0;dae6ed;d5dfe6;dce6ed;dce6ed;dae4eb;dce6ed;d7e3ea;deeaf1;d9e5ec;d9e5ec;d5e1e8;dce6ed;dbe5ec;dde7ee;dae4eb;dbe5ec;dbe5ec;dbe5ec;dce6ed;d6e0e7;dbe6eb;dee9ee;dfeaef;dce9ee;dee9ee;dce7ec;dbe6eb;d2dde2;dbe6eb;dbe5ec;dee8ef;dce6ed;dee8ef;dbe3ea;d8e1e6;dae3e8;d9e4e9;dce7ec;dfeaef;dce5ea;dce5ea;dbe6eb;dae4eb;dae4eb;dce6ed;e1ebf2;dce6ed;dce4eb;dbe3ea;dee6ed;dae4eb;dfe9f0;dae4eb;dce6ed;dae4eb;dae4eb;dfe9f0;dde7ee;dae4eb;dee8ef;dfe9f0;dfe9f0;dce7ec;dfeaef;e3ecf1;dee9ee;dce6ed;dce6ed;dce6ed;dae4eb;e2edf2;dde8ed;dde8ed;dbe6eb;dee8ef;e0eaf1;dce8ef;dae6ed;dbe7ee;e3edf4;dfeaef;dfeaef;dee9ee;e2edf2;e0ebf0;dee8ef;e1ebf2;dbe7ee;dbe8ed;dae7ec;dfeaef;dde8ed;e0ebf0;dee8ef;dce6ed;dee9ee;dce7ec;dbe6eb;dce7ec;d8e3e8;dbe6eb;d8e3e8;d9e2e7;dce5ea;d7e0e5;dee7ec;e0e9ee;dfe8ed;dbe6eb;dce7ec;dae5ea;dce5ea;dfe8ed;dce5ea;dee7ec;dde8ed;dee9ee;dce7ec;dde8ed;dee9ee;d6e1e6;dde8ed;e0ebf0;dbe6eb;dee9ee;dee9ee;dce7ec;dde8ed;dee8ef;dfeaef;dbe6eb;dce7ec;dde8ed;dbe6eb;dee9ee;dae5ea;dee9ee;e1ecf1;dee9ee;e1ecf1;dfeaef;dee9ee;dee9ee;dee9ee;e1edf4;e2eef5;e1edf4;deeaf1;e1ebf2;e0ebf0;e2edf2;e2edf2;dce9ee;dde9f0;dfebf2;e0ecf3;e0ecf3;e2eef5;e5f1f8;dce8ef;deeaf1;dcebf1;dfeef4;dfeef4;e2eef5;e2eef5;dfebf2;deeaf1;e0ecf3;e4eef5;e3eef3;e1e9f0;e1ebf2;dde7ee;e2ecf3;dfe9f0;e1edf4;e3eff6;e2eef5;e3eff6;e4f0f7;e1ebf2;e2ecf3;e0eaf1;e3edf4;e4eef5;e7f1f8;e9f3fa;e9f3fa;e5f1f8;e8f4fb;e4f3f9;e9f8fe;e6f5fb;e6f5fb;e3f2f8;e8f7fd;e6f5fb;e4f3f9;e0eff5;deedf3;e4f0f7;e4f0f7;dbe7ee;dbe7f0;dae6ed;e6f2f9;e7f6fc;e7f6fc;e2f3f9;e2f3f9;e5f4fa;e4f5fb;e0eff5;e1f0f6;dfeef4;e3f2f8;e2f1f7;e1f0f6;dfeef4;e2f1f7;e3f2f8;e2f1f7;e2f1f7;e1f0f6;e3f2f8;e3f2f8;e1f0f6;e0eef7;e2f0f9;e2f1f7;e5f3fc;e1f2f8;dff0f6;e6f5fb;e0eef7;e0eef7;e3f1fa;e0eef7;e3f2f8;e4f2fb;e2f0f9;dfeff8;dfeff8;ddedf6;e1f1fa;e0f0f9;e1f1fa;dcecf5;dfeff8;dfeff8;e0f0f9;dbebf4;e1f1fa;e1f1fb;e0f0fa;ddedf7;dfeff9;ddedf7;e1f1fa;e1f1fa;e0f0f9;deeef7;dcecf5;ddedf6;dcecf5;ddedf6;daeaf3;deeef7;dfeff9;dcecf6;e1f1fb;deeef8;dcecf6;dfeff9;dfeff9;ddedf7;deeef8;ddedf7;ddedf6;dfeff8;deeef8;dcedf7;deeff9;e0f1fd;deedfa;e3e8f3;7b7e85;736e71;746e6c;716c66;5f5e58
dae6ed;dce6ed;dce6ed;dde7ee;d9e5ec;d6e2e9;d9e5ec;d8e4eb;d7e3ea;d7e3ea;dbe5ec;dce6ed;d6e0e7;d9e3ea;dbe5ec;d9e3ea;dce6ed;dbe5ec;dbe5ec;d9e3ea;dbe5ec;d8e2eb;d8e4ed;dbe7f0;dae6ef;dae6ef;d9e5ee;dae4ed;dae4eb;d9e3ec;dce6ef;dde7f0;d8e2eb;dbe5ee;dae4ed;dce6ed;dce6ed;dce6ed;dfe9f0;dde7ee;dae4eb;dce6ed;dce6ed;d9e3ea;dde7ee;dbe5ec;dbe5ec;dce6ed;dce6ed;dbe5ec;dbe5ec;dbe5ec;dce6ed;dae4eb;dae5ea;d9e4e9;dde8ed;dfe8ed;dce7ec;dde7ee;dde7ee;dce6ed;e0eaf1;d9e3ea;dee9ee;dde8ed;dce7ec;dde8ed;dee9ee;dde8ed;dfeaef;dae5ea;dce7ec;d8e2e9;d9e3ea;d8e2e9;dce4eb;e1e9f0;e0e8ef;dfe8ed;dbe5ec;dae5ea;d9e4e9;dce7ec;d7e2e7;dce7ec;dde8ed;d6e0e7;dae4eb;dbe5ec;d9e3ea;dee6ed;dde7ee;dde7ee;dae4eb;d9e3ea;dae4eb;dbe5ec;dde7ee;dae5ea;dbe5ec;dae4eb;dee6ed;dde5ec;dbe5ec;dde7ee;dde5ec;dde7ee;dee9ee;e0eaf1;dee8ef;dee8ef;dce6ed;d9e3ea;dce6ed;e0ebf0;dfe9f0;dfe9f0;dee8ef;dde9f0;dce8ef;dbe7ee;d8e5ea;e0ebf0;dee9ee;e0ebf0;dee9ee;dce7ec;e1ecf1;d9e5ec;deeaf1;dde9f0;dae6ed;deeaf1;dae4eb;dce6ed;e0ebf0;dde8ed;dde8ed;dee9ee;e0ebf0;dde8ed;dfe9f0;dfe9f0;dfe9f0;dde9f0;d4dee5;d8e2e9;dae4eb;d8e2e9;d7e1e8;dce5ea;dae3e8;d9e2e7;dbe4e9;dfe8ed;dae3e8;d9e2e7;d7e2e7;dee8ef;dbe6eb;dde8ed;dce7ec;d8e3e8;dde8ed;d9e4e9;dfeaef;e0ebf0;dee9ee;dce6ed;dde7ee;dce8ef;d8e4eb;e1ebf2;dee8ef;dee9ee;dbe6eb;dde8ed;dee7ec;e0e9ee;e4edf2;e0ebf0;dee9ee;dde8ed;dde8ed;e1ecf1;dee9ee;dfeaef;ddeaef;deeaf1;deeaf1;dde7ee;e0eaf1;e1ecf1;e0ebf0;e1ecf1;dee9ee;ddeaef;d9e5ec;e0ecf3;dde9f0;dfebf2;deeaf1;deeaf1;dfebf2;e1edf4;dfebf2;e5f1f8;e1edf4;e1edf4;e7f3fa;e2eef5;e2eef5;deeaf1;e1ebf2;dde7ee;dfe9f0;e0eaf1;e2ecf3;e2ecf3;dde9f0;e1edf4;e4f0f7;e4f0f7;e3eff6;e4eef5;e5eff6;e3edf4;dee8ef;dfe9f0;e3edf4;e5eff6;e4eff4;e6f2f9;e6f2f9;e4f3f9;e3f2f8;e4f3f9;e3f2f8;e6f5fb;e5f1f8;e3f2f8;e3f2f8;dfeef4;e3f2f8;e7f3fa;e6f2f9;e6f2f9;deeaf3;dae6ef;dae6ef;e5f1f8;e5f4fa;e4f3f9;e5f4fa;e9f8fe;e7f6fc;e4f3f9;e2f1f7;e3f2f8;e5f3fc;e2f1f7;e3f2f8;e4f3f9;e5f4fa;e2f1f7;e2f1f7;dff0f6;ddeef4;e1f1fa;dfeff8;dff0f6;e2f0f9;e3f1fa;e2f1f7;e2f1f7;e3f2f8;e3f2f8;e3f2f8;e3f1fa;e2f2fb;e1f1fa;e0f0f9;e4f2fb;e3f1fa;e4f2fb;e4f2fb;e3f1fa;e4f3f9;e4f2fb;e0eef7;ddebf4;e2f0f9;dfeff8;e0eef7;dcecf5;e0f0f9;e1f1fa;e1f1fa;dbebf4;ddedf6;dbebf4;deeef7;e1f1fa;e0f0f9;e0f0f9;dfeff8;dfeff8;dcecf5;d9e9f2;daeaf3;dcecf5;dcecf5;dbebf4;dfeff9;ddedf7;dfeff9;e2f2fc;deeef8;ddedf7;dcecf6;e0f0fa;e0f0f9;e1f1fa;e4f4fd;dbebf5;dcecf6;dcedf7;dbecf6;ddecf9;e3e8f2;72777e;726d70;746d6e;706a67;605f59
dae6ed;dde7ee;dbe5ec;dee8ef;dce6ed;dae4eb;dce6ed;d9e3ea;dae6ed;d6e2e9;dce6ed;dae4eb;d9e3ea;d8e2e9;dae4eb;d8e2e9;d8e2e9;dbe5ee;d8e2e9;d9e3ea;d9e3ea;d9e3ea;d7e3ec;d4e0e9;dbe7f0;d9e5ee;d7e3ec;d8e2eb;d9e3ea;d9e3ec;dae4ed;d8e2eb;dbe5ee;d9e5ee;d5e1e8;d8e4eb;dbe5ec;dce6ed;dbe5ec;dce6ed;dae4eb;d9e3ea;dde7ee;dbe5ec;dbe5ec;dce6ed;d7e1e8;dbe5ec;d9e3ea;dbe5ec;dee8ef;dbe5ec;f3fdff;e2ecf3;dbe5ec;d9e4e9;dce7ec;dbe4e9;dde6eb;dde5ec;dbe5ec;d8e2e9;dce7ec;d8e2e9;d9e2e7;dfe8ed;dce7ec;dce7ec;dce7ec;dee9ee;dae5ea;dae5ea;dfe7ee;dce6ed;dce6ed;d8e2e9;dce4eb;dce4eb;dee6ed;dde5ec;d7e1e8;d6e0e7;d7e1e8;d8e3e8;dce7ec;d6e1e6;d8e3e8;d8e2e9;dce6ed;d9e3ea;dde7ee;dde7ee;dde7ee;dce6ed;dde7ee;dde7ee;dce6ed;dae6ed;dde7ee;dce7ec;dde8ed;dde7ee;dbe5ec;dde5ec;dee8ef;e0e8ef;dce5ea;dfe8ed;dee8ef;e0eaf1;dee8ef;dde7ee;dde7ee;dde9f0;dce6ed;e0ebf0;dee8ef;dfe9f0;dfebf2;deeaf1;dce8ef;dce8ef;dde9f0;dbe6eb;e1ecf1;dfeaef;dee9ee;dfeaef;dee8ef;deeaf1;dde9f0;dde9f0;dbe7ee;d8e4eb;dbe5ec;dbe5ec;dde8ed;dce7ec;e0ebf0;dde8ed;dfeaef;dfe9f0;e0eaf1;dbe7ee;dce8ef;dfebf2;d9e5ec;d7e1e8;d9e3ea;d9e3ea;dbe6eb;dbe4e9;dbe4e9;d4dde2;dce5ea;dee7ec;e0e9ee;dde8ed;dce7ec;dae4eb;dae4eb;dde8ed;dae5ea;dce7ec;dae5ea;d9e4e9;dae5ea;dae4eb;dde7ee;dfe9f0;dce8ef;d9e5ec;dae6ed;dbe7ee;deeaf1;dee8ef;dbe6eb;dfeaef;e4edf2;e3ecf1;dce5ea;dee9ee;dee9ee;e0ebf0;dee9ee;dbe6eb;dde8ed;e0ebf0;e0ebf0;deebf0;e1ebf2;e2ecf3;dfe9f0;e0ebf0;e0ebf0;e1ecf1;dee9ee;deebf0;dae6ed;dce8ef;dce8ef;deeaf1;e0ecf3;dfebf2;deeaf1;e1edf4;e0ecf3;e2eef5;e1f0f6;e3f2f8;deedf3;dfeef4;dfeef4;e3eff6;e2ecf3;e3edf4;e0eaf1;dfe9f0;e0eaf1;e1ebf2;dde9f0;dce8ef;dfebf2;e1edf4;e5f1f8;e6f0f7;e5eff6;e6f0f7;e4eef5;dee8ef;e2ecf3;e2ecf3;e3edf4;e7f1f8;e6f2f9;e7f3fa;e5f4fa;e3f2f8;e4f3f9;e2f1f7;e6f5fb;e6f5fb;e5f4fa;e4f3f9;e5f1f8;e2eef5;e6f2f9;e3eff6;e5f1fa;deeaf3;dbe7f0;e1edf4;e4f3f9;e2f1f7;e0eff5;e4f3f9;e5f4fa;e2f1f7;ddecf2;deedf3;e0eff5;dfeef4;e2f1f7;e3f2f8;e5f4fa;e2f1f7;e3f1fa;ddeef4;e0f1f7;deeef7;dfeff8;e1f0f6;dceaf3;e0eef7;e3f2f8;e2f1f7;e0eff5;e2f1f7;e1f0f6;e2f0f9;e0f0f9;e1f1fa;e0f0f9;deeef7;e1f1fa;e4f2fb;e2f0f9;e2f0f9;e3f1fa;e2f0f9;e2f0f9;e3f1fa;e2f0f9;deeef7;e1f1fa;ddedf6;dcecf5;e3f3fc;e0f0f9;ddedf6;dfeff8;ddedf6;dcecf5;e1f1fa;e0f0f9;deeef7;dfeff8;dcecf5;dbebf4;d9e9f2;daeaf3;dfeff8;dbebf4;dfeff8;dfeff9;dcecf6;deeef8;e1f1fb;e1f1fb;deeef8;e0f0fa;deeef8;ddedf6;deeef7;deeef7;deeef8;ddedf7;dcedf7;dff0fa;deedfa;e2e7f1;787d84;777275;736c6d;716b68;5f5e58
d9e5ec;dce6ed;dce6ed;dce6ed;dbe5ec;d8e2e9;dae6ed;d8e2e9;d7e3ea;d8e4eb;d9e3ea;d7e1e8;dce6ed;dbe5ec;dae4eb;d9e3ea;d5dfe6;dde5ec;dae2e9;dbe5ec;d8e2e9;dae4eb;d9e5ee;d9e5ee;dce6ef;dbe5ee;d8e2eb;dae2eb;dbe3ec;dde5ee;dde7f0;d9e3ea;dee8ef;dde9f0;dce8ef;d9e5ec;dde7ee;dae4eb;dbe5ee;dfe9f2;dee8f1;dce6ef;dbe5ee;dce6ed;d9e3ea;d7e1e8;dce7ec;dde8ed;dae4eb;dee8ef;dde7ee;e0e8ef;e1ebf2;dee8ef;e1e9f0;dbe6eb;dee9ee;dde5ec;dce4eb;e1e9f0;dee8ef;dbe5ec;d9e4e9;d8e1e6;d6dfe4;dae3e8;dfe8ed;e2ebf0;dde8ed;dce7ec;dee9ee;dbe4e9;dce5ea;d7e2e7;d9e3ea;dce6ed;dce6ed;dbe5ec;dae2e9;dbe5ec;dbe5ec;dce6ed;d7e1e8;d7e1e8;d9e3ea;d9e3ea;d8e2e9;dae4eb;dae4eb;dae4eb;dce6ed;dfe7ee;dee6ed;dfe7ee;dce6ed;dce6ed;dee8ef;dce8ef;dde7ee;dce6ed;dee8ef;d8e2e9;d6e1e6;dde8ed;dae4eb;dde7ee;dbe6eb;dfe9f0;dfe9f0;dae4eb;dae4eb;dde9f0;dde9f0;dbe7ee;dae6ed;d7e4e9;dae7ec;dfebf2;e0eaf1;dce7ec;dbe5ec;dde7ee;dfe9f0;dde7ee;e2ecf3;e2ecf3;dee8ef;d9e3ea;dfe9f0;d9e5ec;d9e5ec;dde9f0;dde9f0;deeaf1;e0eaf1;dbe5ec;dee9ee;dde8ed;dde8ed;dee9ee;dce7ec;dde7ee;dce6ed;e0ecf3;dde9f2;deeaf3;dae6ed;dbe7ee;d7e1e8;dce6ed;dbe5ec;dde7ee;d7e1e8;d4dde2;d9e2e7;d8e1e6;e2ebf0;e0e9ee;dfeaef;dbe6eb;dee9ee;dde8ed;d8e3e8;d9e4e9;dae4eb;dbe5ec;d8e2e9;dce6ed;dce6ed;dbe7ee;d8e4eb;dce8ef;d9e5ec;dbe7ee;dce8ef;dde9f0;dee8ef;e1ebf2;e1ecf1;dfeaef;dde8ed;dfeaef;dfeaef;dee8ef;e0eaf1;e0ebf0;e1ecf1;dde8ed;dfeaef;dfeaef;dee9ee;e0eaf1;e1ecf1;e0ebf0;e1ecf1;e3ecf1;dfeaef;e0ebf0;e2ecf3;deeaf1;dbe7ee;dbe7ee;deeaf1;dfebf2;e0ecf3;dfebf2;e1edf4;e4f0f7;e5f1f8;e4f0f7;e3eff6;e2eef5;e4f0f7;e2f1f7;e4f0f7;e0ecf3;dde9f0;deeaf1;dfe9f0;dee8ef;e0eaf1;dbe7ee;dfebf2;e3eff6;e3eff6;e5f1f8;e5f1f8;e6f2f9;e4f0f7;e1ebf2;e2ecf3;e0eaf1;e4eef5;e1ecf1;e5f1f8;e8f4fb;e7f3fa;e7f3fa;e4f3f9;e4f3f9;e4f3f9;e4f3f9;e2f1f7;e5f1f8;e1edf4;e5f1f8;e1f0f6;e0eff5;e5f1fa;e6f2fb;deeaf3;d8e4eb;e6f5fb;e6f5fb;e2f3f9;e6f5fb;e6f5fb;e1f0f6;e0eff5;deedf3;e2f1f7;e3f2f8;e1f0f6;e3f2f8;e0eff5;e3f2f8;dfeff8;e0f0f9;daeaf3;e1f1fa;e2f0f9;e3f1fa;e0eef7;e3f2f8;e1f0f6;e4f3f9;e3f2f8;e0eff5;e2f1f7;e3f2f8;e4f3f9;e2f2fb;e2f3f9;e1f2f8;e0f1f7;deeff5;e1eff8;dfedf6;e3f1fa;e0eef7;dfedf6;e0eef7;dcecf5;deeef7;dfeff8;dfeff8;d7e7f0;e0f0f9;deeef7;deeef7;e0f0f9;e1f1fa;deeef7;e1f1fa;dfeff8;ddedf6;dcecf5;dfeff8;d8e8f1;d8e8f1;deeef7;dcecf5;daeaf3;ddedf6;e1f1fa;dfeff9;deeef8;ddedf7;ddedf6;e0f0f9;e3f3fc;e1f1fa;dfeff9;dfeff9;ddedf7;d9eaf4;daebf5;ddeef8;dbecf6;d8ebf5;dde5ee;73767c;736e71;746d6e;706a68;64635d
dae6ed;d7e3ea;dce8ef;deeaf1;dbe5ec;d9e5ec;d7e3ea;dce6ed;d8e4eb;d9e5ee;d8e2e9;d7e1e8;d7e1e8;d8e2e9;d7e1e8;dae4eb;d8e2e9;dbe3ea;dce5ea;dae3e8;d8e2e9;d7e1e8;d9e3ea;dae4eb;dce6ed;dbe5ec;dbe5ee;dce6ef;d9e3ec;d9e3ec;dce6ef;dae6ed;d8e4eb;dbe7ee;d6e2e9;d9e5ec;d9e5ec;d8e4ed;dce6ef;dde7f0;dce6ef;d9e3ec;dde7ee;dae4eb;dbe6eb;dee6ed;dbe6eb;dbe6eb;dde8ed;dce6ed;dce6ed;dce6ed;dae4eb;dee8ef;dfe7ee;dfe8ed;dce4eb;dbe3ea;dde5ec;dae5ea;d8e2e9;dbe6eb;dce7ec;dae5ea;d6e1e6;dde8ed;e0ebf0;e0ebf0;dfeaef;dce7ec;dbe6eb;dce5ea;dee7ec;dce5ea;dee7ec;dee7ec;dbe6eb;dce7ec;d8e3e8;dae5ea;d7e2e7;d7e2e7;dbe6eb;d9e4e9;d9e4e9;dae4eb;dbe5ec;d4dee5;d8e2e9;dae4eb;dae4eb;dae2e9;dae3e8;dfe8ed;dbe5ec;dde8ed;dee8ef;dde9f0;dce8ef;d8e4eb;dae6ed;dfebf2;dfeaef;dde8ed;dce6ed;dde8ed;dce7ec;dfeaef;dce7ec;dce7ec;dce7ec;d9e6eb;d8e5ea;dce9ee;ddeaef;dce9ee;dae7ec;e1ecf1;dfe9f0;dde8ed;dfe9f0;e0eaf1;dae6ed;dce8ef;dce8ef;dbe5ec;dee8ef;dce6ed;e0eaf1;dbe7ee;dde9f0;dce8ef;dce8ef;e0ecf3;dce8ef;e0eaf1;dce6ed;d9e4e9;dde7ee;dee8ef;dde7ee;dee8ef;dde7ee;dae6ed;d9e5ee;dce8f1;d9e5ec;dee8ef;dee8ef;dde7ee;d8e3e8;d9e3ea;dbe5ec;dbe4e9;dbe4e9;dbe4e9;dae3e8;d9e2e7;dae5ea;d9e4e9;d6e1e6;d6e1e6;dae5ea;d9e4e9;dbe5ec;d9e3ea;d9e3ea;dbe5ec;dbe5ec;d8e4eb;deeaf1;dce8ef;dce8ef;deeaf1;dce8ef;deeaf1;dce6ed;dee8ef;dde9f0;dde9f0;e1ecf1;e0eaf1;dfe9f0;dce6ed;dde7ee;dee9ee;e0ebf0;e1ecf1;e1ecf1;dbe5ec;dce6ed;dee8ef;e0ebf0;dfeaef;dee9ee;e0e9ee;e0e9ee;dee8ef;dde7ee;e1ebf2;dde9f0;dce8ef;deeaf1;dfecf1;dce8ef;e1edf4;e3eff6;e2eef5;e2eef5;e1edf4;e1edf4;deeaf1;dfebf2;e0eff5;e0ecf3;e4f0f7;e2eef5;e2eef5;e6f0f7;e0eaf1;e3edf4;deeaf1;e0ecf3;e0ecf3;deeaf1;e3eff6;e5f1f8;e4f0f7;e3eff6;e4f0f7;e2ecf3;e0eaf1;dde9f0;dde9f0;e1edf4;e4f0f7;e5f1f8;e7f3fa;e4f3f9;e2f1f7;e5f4fa;e1f0f6;e4f3f9;e5f4fa;e1edf4;e3eff6;e1f0f6;e4f3f9;e5f1f8;e7f3fc;e0eef7;dbeaf0;e3f2f8;e6f5fb;e1f2f8;e5f4fa;e5f4fa;e4f3f9;e1f0f6;dfeef4;e2f1f7;e5f4fa;e5f4fa;e3f2f8;e2f1f7;e1f0f6;e3f1fa;dfeef4;e1f0f6;e4f2fb;e3f1fa;e1eff8;e3f1fa;e1f0f6;e1f0f6;e1f0f6;deedf3;dcebf1;e3f2f8;e0eff5;dfeef4;e3f2f8;e3f2f8;e1f2f8;dff0f6;e0f1f7;e0eff5;e3f1fa;e2f0f9;e1eff8;dcecf5;ddedf6;e0f0f9;e2f2fb;e0f0f9;e1f1fa;dcecf5;e0f0f9;dfeff8;e1f1fa;e0f0f9;dfeff8;e1f1fa;dfeff8;e1f1fa;dfeff8;dfeff8;deeef8;daeaf3;dcecf5;dfeff8;daeaf3;dbebf4;dbebf4;dcecf5;deeef7;dfeff9;e0f0fa;e1f1fa;e2f2fb;e0f0f9;dfeff8;dcecf6;e0f0fa;dcecf6;ddeef8;dcedf7;dcedf7;deeff9;d9e9f3;dce4eb;8e9197;787174;766e6f;6b6562;5e5d57
dce8f1;dce8ef;dae6ed;dbe7ee;d7e3ea;d7e3ea;d9e5ec;d6e2e9;d9e5ec;d8e4eb;d9e3ea;d6e2e9;d5e1e8;dae6ed;dae4eb;d9e3ea;d9e3ea;dce4eb;dee6ed;d9e3ea;d9e3ea;d7e1e8;d8e2e9;d9e3ea;d8e2e9;d9e3ea;dae4eb;d8e2e9;d9e3ea;dae4eb;dbe5ec;dae6ed;dae6ed;dbe5ec;d8e4eb;dee8ef;d8e2eb;dae4ed;dae4ed;dae4ed;dde7f0;dae4eb;dfe7ee;d8e0e7;dbe3ea;dfe7ee;dee8ef;dae5ea;d9e4e9;d8e2e9;d7e4e9;d8e2e9;dce6ed;dde8ed;dbe4e9;dee6ed;dce4eb;dae4eb;dbe5ec;dce6ed;dfe9f0;dbe5ec;dae2e9;e1eaef;d9e4e9;dfeaef;dce7ec;dce7ec;dae5ea;d9e4e9;dee9ee;dce5ea;dae3e8;dbe4e9;dce5ea;dce7ec;dbe6eb;dbe6eb;dae5ea;d7e2e7;dbe6eb;d9e4e9;d8e3e8;dce7ec;dce6ed;dce4eb;d8e0e7;dbe3ea;dbe3ea;dce5ea;dce6ed;dce7ec;dbe4e9;dfe8ed;dbe4e9;dde8ed;dce7ec;dce6ed;dee8ef;d9e5ec;dbe7ee;dbe5ec;dde7ee;dde7ee;dfe9f0;dae4eb;d9e5ec;dce8ef;dae5ea;dce7ec;ddeaef;dae7ec;dde8ed;d9e6eb;dbe8ed;dae5ea;d6e1e6;dce7ec;dce6ed;d8e2e9;dbe7ee;dfebf2;dde9f0;dfebf2;dfebf2;dce8ef;deeaf1;dce8ef;e0ecf3;dde9f0;dae6ed;dce8ef;dae6ed;d8e4eb;dbe7ee;dae6ed;dee9ee;dce7ec;dee9ee;dce7ec;dfeaef;d9e5ec;d9e5ec;d8e4eb;dbe7ee;dbe7ee;d9e5ec;e0eaf1;e0eaf1;dce6ed;dbe5ec;dbe5ec;dee8ef;dce5ea;d9e2e7;d9e2e7;d9e2e7;d9e2e7;d8e3e8;d8e3e8;d7e2e7;dce7ec;dce6ed;dbe5ec;d9e1e8;dde5ec;dae4eb;dae4eb;dce6ed;dbe6eb;dbe6eb;dce7ec;dae5ea;dae5ea;dde7ee;dfe9f0;dee8ef;e0eaf1;dde9f0;dce8ef;e3edf4;e3edf4;dfe9f0;dfe9f0;e0eaf1;deeaf1;dfebf2;dde9f0;dfebf2;dce8ef;dbe5ec;dfeaef;e0ebf0;e0ebf0;dee9ee;e2ebf0;dde8ed;dde7ee;dee8ef;dbe7ee;e0ecf3;dbe7ee;deebf0;deebf0;e1eef3;e0ecf3;e2ecf3;e3eef3;e5f0f5;e3eef3;e2eff4;e2eef5;e1edf4;e2eef5;e3eff6;e4f0f7;e2eff4;e5f2f7;e5eff6;e3edf4;dee8ef;dee8ef;e0ecf3;dfebf2;e0ecf3;e1edf4;e4f0f7;e3eff6;e6f2f9;e4f1f6;e2eef5;e1edf4;dce8ef;dde9f0;dde9f0;e0ecf3;dfebf2;e3f2f8;e2f1f7;e2f1f7;e4f3f9;e3f2f8;e4f3f9;e5f4fa;e0eff5;e3eff6;e2eef5;e6f2f9;e6f2f9;e7f3fa;e5f1f8;e4f0f7;e3f2f8;e3f2f8;e4f5fb;e4f3f9;e3f2f8;e4f3f9;dfeef4;e1f0f6;e1f0f6;e2f1f7;e0eef7;e1eff8;e2f0f9;e0eef7;e3f1fa;e4f2fb;e5f3fc;e6f4fd;e3f1fa;dceaf3;dfeff8;e1f1fa;deeef7;dbebf4;dcecf5;ddedf6;e1eff8;ddedf6;ddeef4;e1f2f8;e0f1f7;e3f4fa;e2f3f9;e2f1f7;dfeef4;e2f1f7;e3f1fa;e1f1fa;e1f1fa;e0f0f9;ddedf6;e0f0f9;e0f0f9;deeef7;deeef7;deeef7;dfeff8;e1f1fa;deeef7;deeef7;deeef7;dcecf5;dfeff9;e1f1fb;ddedf7;daeaf4;dcecf6;d7e7f1;dbebf5;deeef7;deeef7;dfeff9;e1f1fa;dfeff9;dcecf6;dfeff9;deeef8;e1f1fa;e0f0f9;e0f0f9;ddedf7;deeef8;deeef8;dbecf6;dbecf6;dbecf6;dcecf6;dfedf7;e0e6ed;898a90;777073;746d6b;6c6562;615e58
d9e5ee;d6e2e9;deeaf1;dde7ee;dae4eb;dbe7ee;dce8ef;d7e3ea;d8e4eb;d7e1e8;d8e2e9;d6e2e9;d8e2e9;d7e1e8;dae4eb;d9e3ea;d5dfe6;dae2e9;dae2e9;d8e2e9;d7e1e8;dae4eb;dce6ed;d8e4eb;d7e3ea;d6e2e9;d5e1e8;dae6ed;d9e5ec;dbe5ec;d9e3ea;d9e5ec;dae6ed;d7e1e8;dbe5ec;dbe5ec;dbe5ec;dae4eb;dae4eb;dce6ed;dee8ef;dce4eb;e0e8ef;dce4eb;dfe7ee;dee6ed;dae4eb;dbe5ec;dce6ed;d9e3ea;d6e3e8;d9e3ea;dde7ee;dee9ee;d6e1e6;dde5ec;dce4eb;dae4eb;dae4eb;dae4eb;d9e3ea;d8e2e9;dbe3ea;dde6eb;d7e2e7;d6e1e6;dce7ec;dfeaef;dbe6eb;dee7ec;dde6eb;dbe4e9;dce5ea;dce5ea;dce5ea;dbe6eb;d8e3e8;dce7ec;dae5ea;d9e6eb;d8e3e8;d9e4e9;dae5ea;dce7ec;d7e1e8;d9e1e8;dce4eb;dee6ed;dfe7ee;dbe4e9;d8e2e9;dce7ec;dbe4e9;dee7ec;dfe8ed;dde8ed;dae5ea;dfe9f0;dee8ef;d8e5ea;d8e4eb;dce7ec;dce6ed;dce6ed;d9e3ea;dbe5ec;dae6ed;d9e5ec;dae7ec;dbe8ed;ddeaef;dce9ee;dde8ed;dae5ea;dde8ed;dfeaef;e0ebf0;dfeaef;dae4eb;dbe5ec;dce8ef;dae6ed;dce8ef;dbe7ee;dbe7ee;dbe7ee;dde9f0;deeaf1;dbe7ee;dfebf2;dde9f0;dbe7ee;dde9f0;dae6ed;dde9f0;dce8ef;ddeaef;dfeaef;dce9ee;ddeaef;dee9ee;dae6ed;d7e3ea;d7e3ea;dae6ed;d9e5ec;dee8ef;dfe9f0;dbe7ee;d9e6eb;dfe9f0;dfe9f0;dbe5ec;dde6eb;dae3e8;dde6eb;d9e2e7;dae3e8;d3dee3;d8e3e8;d9e4e9;dce7ec;d8e2e9;d7e1e8;d9e3ea;d9e3ea;d9e3ea;dae4eb;dae4eb;d6e1e6;d8e3e8;d8e3e8;dce7ec;dae5ea;dee8ef;dde7ee;d8e2e9;dae4eb;dde9f0;d9e5ec;e4eef5;e3edf4;dee8ef;e3edf4;e3edf4;dfebf2;dfebf2;dfebf2;dde9f0;deeaf1;dfe9f0;dfeaef;dfeaef;e0ebf0;dce7ec;e0ebf0;e0ebf0;e1ebf2;e1ebf2;dce8ef;dbe7ee;deeaf1;dde9f0;deeaf1;deebf0;e1ecf1;dfe9f0;e2edf2;e0ebf0;e3eef3;dfebf2;dfebf2;e3eff6;dfebf2;e1edf4;e1edf4;e3f0f5;e2eff4;e5eff6;e2ecf3;dfe9f0;e2ecf3;dfecf1;e1ebf2;e1edf4;deeaf1;dfebf2;e3eff6;e3eff6;e5f1f8;e4f0f7;e3eff6;e4f0f7;e3eff6;dbe7ee;dbe7ee;dfebf2;e1edf4;e6f5fb;e1f0f6;e4f3f9;e7f6fc;e4f3f9;e2f1f7;e2f1f7;e1edf4;e0ecf3;e4f0f7;e1f0f6;dfeef4;e0eff5;e3f2f8;e4f3f9;e2f1f7;dff0f6;e2f1f7;e3f2f8;e4f3f9;e0eff5;e0eff5;e1f0f6;e3f2f8;e2f0f9;e2f0f9;deecf5;e2f0f9;deecf5;e1eff8;e1eff8;deecf5;e0eef7;e0eef7;ddedf6;e1f1fa;e0f0f9;deeef7;e0f0f9;e1f1fa;deeef7;dfeff8;e1f1fa;e0f0f9;e3f2f8;e0eff5;e4f3f9;e3f2f8;e1f0f6;e1f0f6;e2f0f9;e1eff8;e0f0f9;e0f0f9;deeef7;ddedf6;dfeff8;dbebf4;dfeff8;deeef7;ddedf6;dbebf4;e0f0f9;ddedf6;dcecf5;deeef7;e1f1fa;dcecf5;ddedf6;ddedf7;ddedf6;d7e7f1;dbebf5;dbebf5;dcecf6;e0f0fa;e2f2fc;deeef8;dbebf5;dbebf5;dcedf7;deeff9;deeef8;deeef8;dfeff9;deeef8;dcecf6;ddeef8;deeff9;dbecf6;dcecf6;ddebf5;e5eaf4;76797f;7a7376;726b69;6a6360;605d57
dde7ee;dbe5ec;dce6ed;dbe5ec;d7e1e8;dee8ef;d9e5ec;d3dfe6;d6e2e9;d8e4eb;d7e3ea;d7e3ea;d8e2e9;d6e0e7;dae4eb;d8e2e9;dae2e9;dae2e9;d8e0e7;dbe3ea;dde5ec;dce6ed;dae4eb;dae4eb;d9e3ea;d7e1e8;d4e0e7;dae4eb;dae4eb;dde7ee;dae4eb;dce6ed;dce6ed;d6e0e7;d3dde4;d9e3ea;d8e2e9;dee8ef;dbe4e9;dee7ec;d7e0e5;dfe8ed;dbe6eb;dfe7ee;dde5ec;dce6ed;dce6ed;dde7ee;d7e3ea;d6e2e9;d6e2e9;dbe7ee;dde7ee;dee8ef;dbe5ec;e1e9f0;dfe7ee;d8e2e9;dbe5ec;dbe5ec;dae4eb;d9e1e8;dce4eb;dde6eb;dbe4e9;dce5ea;dae3e8;dbe4e9;dee7ec;dfe8ed;d9e2e7;dae3e8;dce5ea;dbe4e9;dbe4e9;dbe4e9;d9e3ea;dae4eb;dbe6eb;d6e1e6;d7e1e8;d8e3e8;dbe5ec;dee6ed;dde5ec;d9e3ea;dbe4e9;d8e1e6;d6e1e6;d9e4e9;dce6ed;dae4eb;dbe6eb;d9e4e9;d8e3e8;d8e3e8;dce7ec;dce7ec;d9e4e9;dbe8ed;d8e5ea;d7e4e9;dde8ed;dbe6eb;d9e3ea;d8e2e9;dce6ed;d5e1e8;dbe8ed;d8e5ea;dae5ea;dae5ea;e1ecf1;dde8ed;dbe6eb;dbe5ec;dfeaef;dee8ef;dfe9f0;dce6ed;dce6ed;dbe7ee;dae6ed;dae6ed;dbe7ee;dae6ed;d9e5ec;dae6ed;deeaf1;deebf0;ddeaef;dde9f0;dde7ee;dce6ed;d9e5ec;dce8ef;dbe8ed;dce9ee;dce8ef;deeaf1;dbe7ee;dde9f0;d8e4eb;dce7ec;dbe6eb;d6e2e9;dce6ed;dfe9f0;dbe7ee;dae6ed;d9e3ea;dae4eb;dce6ed;dbe5ec;dde7ee;dce6ed;dee8ef;dde7ee;d7e1e8;d7e1e8;d9e4e9;d5e0e5;d6e1e6;dbe3ea;dde6eb;dae2e9;dce7ec;d7e2e7;dce7ec;dce7ec;dce7ec;dae5ea;dce5ea;dfe8ed;d8e3e8;d6e1e6;dce6ed;d8e2e9;dae5ea;d9e4e9;dae5ea;dbe4e9;e0e9ee;e1eaef;e1ecf1;dee9ee;dbe6eb;dee9ee;dde7ee;dae6ed;dbe7ee;e1ecf1;ddeaef;dde8ed;dde8ed;e0ebf0;e2ecf3;e3edf4;dfe9f0;dfebf2;dfebf2;dfebf2;dfebf2;e3edf4;ddeaef;e0ebf0;e1ebf2;dfe9f0;dde9f0;e3edf4;dfebf2;dbe7ee;e2eef5;dfebf2;dfebf2;e1edf4;e2eef5;e5f1f8;e2eef5;e1edf4;e5eff6;e1ebf2;e2edf2;e4eef5;e1ebf2;e1ebf2;dde9f0;dde9f0;dde9f0;e4f0f7;e7f3fa;e5f1f8;e4f0f7;e1edf4;dce8ef;dae6ed;dbe7ee;dae7ec;e6f3f8;e4f3f9;e6f5fb;e3f2f8;e2f1f7;e1f0f6;e2f1f7;e2eef5;e0ecf3;e3eff6;e2f1f7;e2f1f7;e0eff5;e2f1f7;e3f2f8;ddecf2;e2f1f7;e1f2f8;e2f2fb;e0f0f9;e3f1fa;e0eff5;e3f2f8;e5f4fa;e3f1fa;e2f0f9;e3f1fa;e0eef7;deecf5;ddebf4;e4f2fb;e0eef7;e1eff8;dfedf6;e1eff8;e0eef7;e1eff8;e0eef7;e2f0f9;e1f1fa;e0f0f9;e0f0f9;e3f1fa;e2f0f9;e3f1fa;e1eff8;e1eff8;e1eff8;dfedf6;e0f0f9;deeef7;deeef7;e0f0fa;deeef8;ddedf7;e0f0fa;ddedf7;e1f1fb;ddedf6;ddedf6;dcecf5;dfeff8;ddedf6;e2f2fb;deeef7;dfeff8;dfeff8;daeaf3;e0f0f9;ddedf7;d9e9f3;d9e9f3;dcecf6;ddedf6;deeef7;deeef8;ddedf7;e0f0fa;dfeff9;ddedf7;e0f0fa;ddedf7;ddedf7;deeef7;ddedf7;ddedf7;dbebf5;dcedf7;dff0fa;d7e8f2;daeaf4;ddebf5;e5e9f3;7f8288;757073;746e6c;6e6963;5b5851
dee8ef;dce4eb;dee6ed;dae4eb;dae4eb;d8e2e9;d7e1e8;d9e5ec;d9e5ec;d9e5ec;d6e2e9;d7e4e9;d7e1e8;d7e1e8;d4dee5;dbe5ec;d7e1e8;d9e1e8;d9e3ea;dce4eb;d9e1e8;dae2e9;d8e2e9;d8e2e9;dbe5ec;dae4ed;d8e2eb;dbe5ec;d9e3ea;dee8ef;dce6ed;dee8ef;dde7ee;dde7ee;d7e1e8;dce6ed;dce6ed;d8e2e9;dce5ea;dbe4e9;dee7ec;e1eaef;dce6ed;dae4eb;dee6ed;dce6ed;dae4eb;dae4eb;d8e4eb;d9e5ec;dae4eb;e0eaf1;dce6ed;dce6ed;dbe6eb;dde5ec;dce4eb;dae5ea;dce6ed;dfe7ee;dbe4e9;dce5ea;dde6eb;dee7ec;d9e2e7;dce5ea;dce5ea;dee7ec;dfe8ed;dee7ec;dae3e8;dbe4e9;dce5ea;dce5ea;dce5ea;dde6eb;d7e1e8;dae4eb;d7e2e7;d5dfe6;dae4eb;d8e2e9;dbe5ec;d9e1e8;dbe3ea;d8e2e9;d6e0e7;dce6ed;dbe5ec;dbe5ec;d9e3ea;d8e2e9;d8e2e9;dbe5ec;d9e4e9;dbe6eb;dbe6eb;dce6ed;d9e3ea;d7e4e9;dae7ec;d9e6eb;d9e6eb;d5e2e7;d6e2e9;dae4eb;dae4eb;dce8ef;dce6ed;dbe6eb;d9e4e9;dce7ec;e0ebf0;dee9ee;dee8ef;dde7ee;dee8ef;dee8ef;dee8ef;dde7ee;dce6ed;dde7ee;e0eaf1;dde9f0;deeaf1;deeaf1;dde9f0;dde9f0;dde9f0;dde9f0;dfebf2;dce8ef;dfe9f0;d9e3ea;e1ebf2;dde9f0;deeaf1;dde9f0;dfebf2;dae6ed;d7e3ea;d9e5ec;dbe7ee;dfeaef;e0ebf0;d8e4eb;dbe5ec;d9e3ea;dbe7ee;dbe5ec;dbe5ec;dee8ef;dfe9f0;dbe5ec;dbe8ed;dbe7ee;d7e3ea;dfe9f0;dde7ee;d6e0e7;dae5ea;d7e2e7;dae3e8;d8e1e6;dae3e8;dae3e8;d3dee3;d9e4e9;dbe6eb;d8e3e8;d9e4e9;dce4eb;dee6ed;dbe3ea;dce6ed;dce5ea;d7e1e8;dde7ee;d5e0e5;d8e3e8;d3dee3;dce5ea;d9e2e7;dae3e8;dae3e8;d9e2e7;dae5ea;d8e3e8;dbe6eb;dae4eb;dae6ed;dee9ee;dbe8ed;dde9f0;e0ebf0;e2ecf3;dfebf2;dfe9f0;e2ecf3;dfebf2;e0ecf3;e0ecf3;e1ebf2;e3edf4;e2eff4;e0edf2;e0ecf3;e3eff6;e1edf4;dee8ef;dfebf2;dde9f0;e3eff6;dfebf2;deeaf1;e0ecf3;dfebf2;e3eff6;e4f0f7;e2eef5;e1edf4;e4eef5;e3eef3;e1ecf1;e2ecf3;dfe9f0;dfe9f0;deeaf1;dde9f0;deeaf1;e3eff6;e2eef5;e3eff6;e5f1f8;e0ecf3;e2eff4;ddeaef;d9e6eb;dfecf1;e4f0f7;e6f2f9;e5f4fa;e4f3f9;e6f5fb;e3f2f8;e4f0f7;e2eef5;e5f1f8;e4f0f7;e2f1f7;e0eff5;e2f1f7;e1f0f6;dff0f6;dff0f6;dfeff8;e3f3fc;dfeff8;e0eef7;e1f0f6;dfeef4;e5f4fa;e3f1fa;e1eff8;e0eef7;e3f1fa;e1eff8;e3f1fa;e2f0f9;deecf5;deecf5;e4f2fb;e2f0f9;e3f2f8;dfeef4;e1f0f6;e3f1fa;e1f1fa;e4f4fd;dfeff8;e0eef7;e1eff8;e1eff8;e2f0f9;e2f0f9;e0eef7;e0f0f9;dfeff8;dbebf4;deeef7;e0f0f9;dbebf5;dcecf6;dfeff9;dbebf5;e0f0fa;dfeff9;dfeff8;dfeff8;deeef7;e3f1fa;e2f2fb;e2f2fb;ddedf6;dfeff8;dcecf5;dbebf4;ddedf7;dbebf5;d9e9f3;dbebf4;d8e8f1;d4e4ed;dbebf4;dfeff9;dcecf6;deeef8;ddedf7;e0f0fa;e0f0f9;deeef7;e1f1fb;e0f0fa;dfeff9;e0f0fa;dbecf6;dbecf6;dcedf7;deeef8;ddeaf7;edf2fc;868b92;767174;716b69;6d6862;57574f
dde6eb;e2ebf0;dee6ed;d8e2e9;d7e1e8;d7e3ea;d8e4eb;d7e3ea;d9e5ec;d5e1e8;d8e2e9;dbe5ec;d9e3ea;d9e3ea;d6e0e7;d7e1e8;d5dfe6;d3dde4;d4dee5;d5dfe6;d8e0e7;dae4eb;dce6ed;dae4eb;d9e3ea;d8e2e9;dae4eb;d7e1e8;dee8ef;d8e2e9;d8e2e9;d7e1e8;dbe5ec;dde7ee;dae4eb;d8e2e9;dce6ed;d8e3e8;dbe4e9;d9e4e9;dbe4e9;d8e2e9;dbe5ec;dbe5ec;dae2e9;dae4eb;dbe5ec;d8e2e9;dbe5ec;dde7ee;dce6ed;d5dfe6;dbe5ec;e0e8ef;dae3e8;dae3e8;dee7ec;d9e2e7;dbe3ea;dee6ed;dce4eb;dce5ea;dce5ea;dae3e8;dae3e8;dee7ec;dce7ec;d9e3ea;dee9ee;e0e9ee;dde6eb;d9e2e7;dbe4e9;d9e1e8;dae2e9;d7e1e8;dbe3ea;dce4eb;dee7ec;d9e4e9;dce4eb;dbe3ea;dae3e8;dae2e9;dbe3ea;dbe3ea;dae2e9;dce4eb;dce6ed;d9e3ea;dae4eb;dce6ed;d8e4eb;d9e5ec;dae4eb;dbe6eb;dbe6eb;dce7ec;dce7ec;d7e4e9;d6e3e8;dae6ed;dae6ed;dae6ed;d8e4eb;dae4eb;d9e3ea;dae4eb;dee9ee;dae5ea;dbe6eb;dfeaef;dce7ec;dee8ef;dce6ed;dfe9f0;dce6ed;dbe5ec;dee8ef;e0eaf1;dce6ed;dee8ef;dde7ee;dee8ef;dce7ec;deeaf1;dce9ee;ddeaef;d7e4e9;dde9f0;dbe5ec;dee8ef;dee8ef;dae5ea;dce9ee;dbe7ee;d8e4eb;dae6ed;d9e5ee;dce8ef;dee8ef;dfe9f0;dee8ef;dce7ec;dde8ed;e0eaf1;dce7ec;dde7ee;d8e4eb;dbe7ee;dee8ef;dde9f0;dbe7ee;dbe8ed;d8e5ea;dbe8ed;d9e6eb;dee8ef;dbe6eb;dee9ee;dde8ed;dce7ec;dde6eb;dae3e8;d8e1e6;d7e0e5;dae3e8;d9e2e7;d4dfe4;d9e4e9;d9e2e7;dbe4e9;dbe4e9;dae5ea;dde8ed;dde8ed;dee9ee;dde8ed;dbe6eb;dee9ee;dde8ed;dbe6eb;dce6ed;dae4eb;dee8ef;dbe5ec;e0ebf0;dbe6eb;e0ebf0;dfe9f0;dee9ee;dde8ed;deeaf1;dde9f0;e1ebf2;e1ebf2;e3edf4;e0eaf1;deeaf1;dfebf2;deeaf1;dde9f0;e0ecf3;e1ebf2;dbe7ee;e3edf4;e4eef5;e1edf4;e0ecf3;e1ebf2;e2ecf3;e3edf4;e3edf4;e4eef5;e4eef5;dde9f0;e3eff6;e2eef5;e2eef5;e1edf4;e1edf4;e4f0f7;e2eef5;e3eff6;e2eef5;e0ecf3;deebf0;dde8ed;dde8ed;dfeaef;e1edf4;e5f1f8;e3f2f8;e6f5fb;e5f2f7;e1eef3;e0eaf1;dee8ef;dce8ef;e0ecf3;e5f1f8;e4f3f9;e4f3f9;e1f0f6;ddecf2;e4f3f9;e4f0f7;deeaf1;e4f0f7;e1edf4;dcebf1;ddecf2;ddecf2;daebf1;ddeef4;e1f1fa;e0f0f9;dfeff8;e2f0f9;e3f1fa;e6f5fb;e1f0f6;e0eef7;e1f0f6;dfeef4;e1f0f6;dfeef4;e2f1f7;deecf5;e4f2fb;e0f0f9;dfeff8;e1f2f8;e0f1f7;ddeef4;e4f5fb;e1f1fa;e3f3fc;e2f2fb;e1f1fa;dfeff8;e1eff8;e6f4fd;e3f1fa;e1eff8;e0f0f9;deeef7;dcecf5;deeef7;deeef7;dbebf4;deeef8;dcecf6;dfeff9;deeef8;deeef8;ddedf6;dfeff8;deeef7;deeef7;e1f1fa;e0f0f9;dfeff8;ddedf6;dcecf5;dbebf5;dbebf5;dcecf5;dbebf4;dcecf5;dbebf4;ddedf6;dcecf5;dbebf4;daeaf3;d9e9f2;dbebf4;deeef7;dfeff8;ddedf6;e1f1fa;deeef8;dfeff9;dcedf7;dcedf7;dcedf7;deeff9;ddeef8;d8e9f3;dae9f6;e7ecf7;7d8289;757073;726c6a;6a6461;5e5e56
dce6ed;d3dde4;d9e3ea;d8e2e9;d8e4eb;d6e2e9;d8e4eb;d8e4eb;d8e2e9;d7e1e8;d6e0e7;d8e2e9;d6e0e7;d6e0e7;d8e2e9;d6e0e7;d7e1e8;d3dde4;d4dee5;d9e3ea;d8e2e9;dae4ed;d7e1e8;dbe5ec;dae4eb;dae4eb;d7e1e8;d8e2e9;dbe3ea;d9e1e8;dbe3ea;dce4eb;dae4eb;dce6ed;d6e0e7;d9e3ea;dbe5ec;d8e2e9;dce6ed;dde7ee;dae4eb;dde5ec;dfe7ee;dde7ee;dbe3ea;dbe3ea;dae2e9;dce4eb;dae4eb;dce6ed;dee6ed;d8e0e7;dae4eb;dfe7ee;d9e3ea;d9e3ea;dce6ed;dae4eb;d9e3ea;dde7ee;dde5ec;dce4eb;dbe3ea;dbe3ea;dbe4e9;d8e3e8;dae5ea;dae5ea;d9e4e9;dde6eb;dce5ea;dae3e8;dce5ea;dee6ed;d9e3ea;d9e3ea;dbe3ea;d8e0e7;dbe5ec;dde8ed;e1ebf2;dde7ee;d8e3e8;d9e4e9;d8e3e8;dde7ee;d8e2e9;d6e0e7;d9e3ea;dce6ed;dce6ed;dbe5ec;dbe7ee;d8e4eb;dbe5ec;dae4eb;dce7ec;dee9ee;dce7ec;dce7ec;d9e4e9;dae4eb;dde7ee;d8e2e9;d8e2e9;d6e0e7;dae4eb;d9e3ea;dee9ee;dde8ed;dee9ee;dbe6eb;dce7ec;dbe6eb;dde8ed;dfeaef;dce6ed;dce6ed;d9e5ec;d7e3ea;d9e5ec;dae6ed;e0eaf1;e0ebf0;dde8ed;dfeaef;dee9ee;dee9ee;dce7ec;dde7ee;e0eaf1;dde7ee;dce6ed;dee8ef;d8e4eb;deeaf1;dbe5ec;dae4eb;e0eaf1;dde7ee;dae4eb;dfe9f0;dbe6eb;dde8ed;dee8ef;dae5ea;dbe8ed;d9e6eb;dae6ed;e1edf4;dde9f0;dbe7ee;dbe8ed;dbe6eb;dbe6eb;d9e4e9;d7e2e7;d7e2e7;d6e1e6;dce7ec;dfeaef;dbe6eb;d9e4e9;dce7ec;dce7ec;dbe3ea;d8e0e7;d9e4e9;d7e2e7;dae5ea;dbe6eb;d6e1e6;dae5ea;d7e1e8;dce6ed;dde7ee;dbe5ec;d8e3e8;dde7ee;e1ebf2;dde7ee;dfe9f0;dae6ed;dbe7ee;deeaf1;dfebf2;dfebf2;deeaf1;dfebf2;e0ecf3;e1eef3;e3edf4;dbe7ee;dde7ee;e1ebf2;dce6ed;e5eff6;deeaf1;dfebf2;deedf3;dbeaf0;dcebf1;deeaf1;dfebf2;e2ecf3;e2ecf3;e4eef5;e4eef5;e2ecf3;e2ecf3;e1edf4;e0ecf3;dfebf2;e5eff6;e5eff6;e4eef5;e0ecf3;e3eff6;e0ecf3;dfebf2;e3eff6;e4f0f7;e0ecf3;ddecf2;e1f0f6;deedf3;e3eff6;dae7ec;dfeaef;dde8ed;dce8ef;e2eef5;e6f2f9;e5f1f8;e6f2f9;e4f0f7;e4eef5;dce6ed;d7e1e8;dee8ef;e0ecf3;e0ecf3;e2f1f7;ddecf2;e2f1f7;e3f2f8;e3f2f8;deedf3;e1edf4;e3eff6;dde9f0;deedf3;dcebf1;e1f0f6;e3f2f8;e2f0f9;dfedf6;e0eef7;e1eff8;e1f1fa;e2f0f9;e3f1fa;e3f1fa;e1eff8;dfeef4;e4f3f9;e1f0f6;dff0f6;dfeff8;e2f2fb;e3f3fc;e2f2fb;deeef7;dfeff8;e0f1f7;e2f1f7;e0eff5;e1eff8;deecf5;e1f1fa;e0f0f9;e0f0f9;dfeff8;e3f3fc;deeef7;e1f1fa;e0f0f9;deeef7;deeef7;e0f0f9;dbebf4;dcecf6;dbebf5;d9e9f2;e1f1fa;deeef7;deeef7;deeef7;ddedf6;dfeff8;ddedf7;e1f1fa;e1f1fb;e0f0fa;daeaf4;dcecf6;dbebf5;daeaf3;daeaf3;dcecf5;ddedf6;dcecf5;dcecf5;ddedf6;dbebf5;daeaf4;dbebf5;dcecf6;dfeff9;e2f2fc;dcecf6;ddedf7;dbecf6;e0f1fb;dcedf7;deeff9;deeff9;dbeef8;dcedf9;ddecf9;e0e7f2;8e9198;746f72;736c6a;6c6761;5e5b54
d6e0e7;dbe5ec;d8e2e9;dde7ee;dae6ed;d8e4eb;d5e1e8;d8e4eb;d7e1e8;d8e2e9;d7e1e8;d8e2e9;d6e0e7;d6e0e7;d8e2e9;d5e1e8;d3dfe6;d6e2e9;d7e1e8;d7e1e8;d9e3ec;d7e1ea;d7e1ea;d6e2eb;dae4ed;dbe5ec;dae4eb;dde5ec;dde5ec;d8e1e6;dae3e8;dce4eb;dde5ec;d8e2e9;dae4eb;d8e2e9;d7e3ea;dee8ef;d8e2e9;d9e3ea;dae4eb;dde5ec;dce4eb;d9e3ea;d8e2e9;dce4eb;dde5ec;dfe7ee;dbe3ea;dde5ec;d8e2e9;dce6ed;dce6ed;dde5ec;d8e2e9;dbe5ec;d9e3ea;d8e2e9;d9e3ea;dbe5ec;d7e1e8;d7dfe6;dae2e9;dce4eb;dfe7ee;dce4eb;dce6ed;d9e3ea;dce7ec;dae5ea;dce5ea;dee7ec;e0e9ee;dbe3ea;dae4eb;dbe5ec;d7e1e8;dce6ed;d7e1e8;d9e4e9;dae4eb;d9e3ea;d7e2e7;dae5ea;dae5ea;d8e2e9;d7e1e8;d8e2e9;d9e3ea;dbe5ec;dae4eb;dce6ed;d8e4eb;dce8ef;d8e2e9;d9e3ea;dde8ed;d9e4e9;dbe6eb;dae5ea;dae5ea;dde7ee;dae4eb;dee8ef;dae4eb;d6e0e7;dce6ed;dbe6eb;dbe6eb;dae5ea;dbe6eb;dce7ec;d9e4e9;dde7ee;dae4eb;dce6ed;dce6ed;dde7ee;dae6ed;dae6ed;deeaf1;dbe7ee;dde7ee;dfeaef;dce7ec;dde8ed;dce7ec;dde8ed;dde8ed;dde7ee;dee9ee;dde8ed;dce7ec;dbe8ed;d8e4eb;dde9f0;e0eaf1;dce6ed;dbe5ec;dee8ef;dce7ec;dbe5ec;dce6ed;dde7ee;dde7ee;dce7ec;d9e6eb;d7e4e9;d9e6eb;dce9ee;deebf0;dee9ee;dbe8ed;dde8ed;dfeaef;dee9ee;d8e3e8;dce7ec;dbe6eb;dbe6eb;dce7ec;d7e2e7;dce7ec;dce7ec;dfe9f0;dce6ed;dde7ee;d9e4e9;d8e3e8;dce7ec;d5e0e5;dae5ea;d8e3e8;d8e3e8;dbe5ec;dee8ef;d8e2e9;d7e2e7;dce6ed;dde7ee;dde7ee;deeaf1;dce8ef;dce8ef;dde9f0;deeaf3;e0ecf5;deeaf1;deeaf1;e0ecf3;deeaf1;dde9f0;deeaf1;e0eaf1;e3edf4;e2ecf3;e0eaf1;deeaf1;dde9f0;deedf3;dae9ee;dcebf1;deeaf1;dde9f0;dfe9f0;e0eaf1;e1ebf2;e0eaf1;e4eef7;e0ecf3;e0ecf3;e4f0f7;dde9f0;e4eff4;e4eef5;e3eff6;e4f0f7;e4f1f6;e1edf4;e0edf2;e1edf4;e3eff6;e4f0f7;dcebf1;e0eff5;e0eff5;e5f1f8;dfecf1;dee9ee;dce7ec;dce6ed;dde9f0;e0ecf3;e6f2f9;e3f2f8;e5f1f8;e2eef5;dfebf2;dae6ef;d9e5ee;deeaf3;e1eff8;deecf5;deedf3;e1f0f6;e1f0f6;e1f0f6;dfeef4;e2eef5;e0ecf3;e2eef5;dde9f0;e3eff6;e2f1f7;e5f4fa;e5f4fa;e2f1f7;dfeef4;dceaf3;e0eef7;e1eff8;e3f1fa;e3f1fa;e2f0f9;e0eff5;ddeef4;dff0f6;e0f1f7;e0f1f7;e1f2f8;e1f1fa;dfeff8;dcecf5;dfedf6;e4f2fb;e2f0f9;e3f1fa;e5f3fc;e0eef7;e1f1fa;dfeff8;e1f1fa;dfeff8;deeef7;e0f0f9;dfeff8;e1f1fa;dfeff8;dfeff8;d8e8f1;dbebf4;daeaf3;dfeff8;dbebf4;dfeff8;ddedf6;deeef7;deeef7;dfeff8;ddedf6;deeef7;ddedf6;ddedf7;e0f0fa;dcecf6;deeef7;dfeff8;deeef7;daeaf3;dbebf4;d9e9f2;dbebf4;deeef7;ddedf6;deeef8;dbebf5;daeaf4;d9e9f3;ddedf7;ddedf7;ddedf7;e0f0fa;ddeef8;e0f1fb;dff0fa;ddeef8;dcedf7;daedf7;dcedf9;d9e8f5;e5eaf5;91949b;746d70;736d67;6f6963;605d56
d5e1e8;dbe7ee;d7e3ea;dce6ed;dbe7f0;d8e2eb;d8e2e9;d6e0e9;d9e3ea;d8e2e9;d5dfe6;d8e2e9;d5dfe6;d8e2eb;d7e1ea;d3dfe8;d5e1ea;d5e1e8;d4e0e7;d8e4eb;d5e1e8;d3dfe8;d5e1ea;d5e1ea;d5e1ea;dae4eb;dae4eb;dae2e9;dae2e9;dae2e9;dae2e9;dae2e9;dbe5ec;d9e3ea;d8e2e9;d9e3ea;dbe5ee;d7e1ea;dbe5ec;d7e1e8;dae4eb;d9e3ea;d8e2e9;d7e1e8;d8e2e9;d8e2e9;d9e3ea;d8e0e7;d8e0e7;dae3e8;dce7ec;d9e4e9;d7e2e7;d6e1e6;d7e2e7;d9e3ea;dae4eb;d6e0e7;d7e1e8;d8e2e9;d9e3ea;dae3e8;d8e1e6;dae3e8;d8e1e6;d8e1e6;d5e0e5;d6e1e6;dae5ea;dbe6eb;dbe6eb;dbe6eb;dbe6eb;dae2e9;dbe3ea;dbe3ea;d7e1e8;d5dfe6;dbe5ec;d7e1e8;d8e2e9;dbe5ec;d8e2e9;d9e4e9;d7e2e7;dbe5ec;dae4eb;d5dfe6;d6e0e7;d9e3ea;d6e0e7;dbe4e9;dbe6eb;d9e4e9;dce6ed;dae4eb;d9e4e9;dae5ea;d9e4e9;dee8ef;dae4eb;d8e2e9;dae4eb;d9e3ea;dce6ed;dde7ee;dbe6eb;dae5ea;dae5ea;dbe6eb;d9e4e9;dee9ee;dde7ee;dfe9f0;dee8ef;dee9ee;dbe5ec;dce6ed;dde9f0;dde9f0;dde9f0;d9e3ea;dfeaef;dee9ee;dfeaef;dde8ed;dce7ec;dce7ec;dce7ec;dee9ee;dce9ee;dae7ec;dbe8ed;dbe8ed;ddeaef;dbe8ed;dde8ed;dde8ed;dbe6eb;dbe6eb;dce7ec;dce6ed;dde7ee;dbe5ec;dde8ed;dce9ee;dae7ec;d8e5ea;d9e6eb;deebf0;dee8ef;dfeaef;dbe5ec;e1ebf2;dce6ed;dfeaef;dee9ee;dce7ec;dce7ec;dbe6eb;dde8ed;dce7ec;dde7ee;dce6ed;dae4eb;dbe5ec;e1ebf2;dde7ee;deeaf1;dce8ef;dbe7ee;dbe7ee;d7e3ea;d8e4eb;dde7ee;dae4eb;dfe9f0;dbe5ec;dae4eb;dce6ed;d9e3ea;dae6ed;d9e5ec;dae6ed;dce8ef;dce8f1;deeaf3;dde9f2;deeaf3;dce8ef;dfebf2;dfebf2;dfebf2;deeaf1;e0ecf3;e1edf4;e0ecf3;e0ecf3;dfeef4;ddecf2;deedf3;dfeef4;deeaf1;dfebf2;dbe7ee;dfebf2;dde9f0;deeaf1;dfebf4;deeaf1;e0ecf3;e0ecf3;deeaf1;e1eef3;e2ecf3;e4eef5;e2ecf3;e3edf4;e3eef3;e2edf2;e1eef3;e3f0f5;dfecf1;dfeef4;e0eff5;e2f1f7;e2f1f7;e0eff5;e2eef5;dae6ed;dde7ee;dbe5ec;dfebf2;e6f2f9;e4f3f9;e3f2f8;e1f0f6;e1edf6;d4e0e9;d6e2eb;d7e3ec;dceaf3;dfedf6;ddebf4;dfeef4;e4f3f9;e2f1f7;deedf3;e1f0f6;e1f0f6;e0eff5;e1f0f6;e0eff5;dfeef4;e6f2f9;e1f0f6;e5f1f8;deedf3;e0eef7;e1eff8;e1eff8;e1eff8;e0eef7;e4f2fb;e1f1fa;dfeff8;deeef7;e0f0f9;e1f1fa;e1f1fa;e0f0f9;deeef7;e2f0f9;e4f2fb;e1eff8;dfeef4;e0eff5;e1eff8;e2f0f9;e0f0f9;dfeff8;ddedf6;ddedf6;dfeff8;dbebf4;e0f0f9;e0eef7;dfedf6;dcecf5;d7e7f0;dcecf5;dcecf5;d8e8f1;ddedf6;deeef7;dfeff8;dfeff8;ddedf6;deeef7;e1f1fa;dfeff8;dcecf5;dcecf5;e0f0f9;dfeff8;e0f0f9;ddedf6;ddedf6;dbebf4;ddebf4;d9e9f2;dbebf4;ddedf6;dbebf4;daeaf4;daeaf4;d9e9f3;dcecf6;ddedf7;ddedf7;ddeef8;dff0fa;dff0fa;ddeef8;deeff9;deeff9;dcedf7;d9ecf6;d7e8f4;dbeaf7;dde7f0;92979e;716a6d;726c6a;6d6862;605d56
d6e2e9;dce8ef;d5e1e8;dbe5ec;dbe5ee;dde7f0;d9e3ea;d9e3ec;dae4eb;d2dce3;d8e2e9;d9e3ea;d2dce3;d1dbe4;d9e3ec;d6e0e9;d6e2e9;d6e2e9;dbe7ee;d7e3ea;d5e1e8;d4e0e7;d7e3ec;d6e2eb;d7e3ec;dbe5ec;d9e3ea;d9e1e8;d8e0e7;dce4eb;dee6ed;d9e3ea;dae4eb;d9e3ea;d9e3ea;d8e2e9;dce6ef;dbe5ec;d6e0e7;d9e3ea;d6e0e7;dae5ea;d9e3ea;d9e3ea;d5dfe6;dae4eb;dde7ee;dbe5ec;d5dfe6;dae5ea;d9e4e9;d9e4e9;d9e4e9;d8e3e8;dae5ea;dbe5ec;dbe5ec;dae4eb;d9e3ea;d7e1e8;dce7ec;dfe8ed;d8e1e6;dce5ea;dce5ea;dde6eb;d5e0e5;dae5ea;d6e1e6;dae4eb;dfe9f0;d9e4e9;d6e1e6;d8e1e6;d9e2e7;dbe3ea;dae4eb;d6e0e7;d9e3ea;dce6ed;d5e0e5;dae4eb;d6e0e7;dae5ea;d8e3e8;d6e0e7;d8e2e9;d8e2e9;d6e0e7;d9e3ea;dae4eb;d9e3ea;dce6ed;dbe5ec;dce6ed;d9e3ea;dbe5ec;dae5ea;dae5ea;dbe5ec;d9e3ea;dae6ed;dce6ed;dae4eb;d9e3ea;dce7ec;d6e1e6;dce7ec;dee9ee;dce7ec;dce7ec;dee9ee;dae4eb;dce6ed;dde7ee;dee8ef;dde7ee;dce8ef;d9e5ec;d8e4eb;e1ebf2;dce6ed;dde8ed;dfeaef;dde8ed;dde8ed;dde8ed;e3eef3;dce9ee;dbe8ed;ddeaef;dfecf1;dae7ec;d9e4e9;dbe6eb;dce7ec;dde8ed;dde8ed;dce7ec;dae4eb;dbe5ec;d8e4eb;d9e5ec;dee8ef;d9e3ea;dbe6eb;dde9f0;dde9f0;d8e3e8;dde7ee;e1ebf2;e0ebf0;dae5ea;dde7ee;dde7ee;dae5ea;dbe8ed;dde8ed;dee9ee;dee9ee;dfeaef;dee9ee;dee8ef;dae4eb;dbe5ec;dde7ee;dae4eb;dbe5ec;dde9f0;dbe7ee;d9e5ec;dae6ed;d8e4eb;d8e4eb;dae4eb;d7e1e8;dbe5ec;dbe5ec;dae4eb;d9e3ea;dce6ed;dae4eb;d6e2e9;dbe7ee;dfe9f0;dde7f0;dde7f0;dce8f1;dce8ef;dde9f0;dce8ef;dfebf2;e0ecf3;e1edf4;deeaf1;e1edf4;dde9f0;deeaf1;e1edf4;dfeef4;ddecf2;deedf3;deeaf1;deeaf1;dde9f0;dfebf2;e0ecf3;e0ecf3;e2eef5;e1edf4;deeaf1;deeaf1;dfebf2;e3f0f5;e1edf4;dde9f0;e2eef5;dfebf2;deeaf1;dce9ee;deebf0;dfecf1;e3f0f5;dfecf1;deedf3;e2f1f7;e1f0f6;e0eff5;e2eef5;e1edf4;e0eaf1;d9e3ea;d7e3ea;e7f3fa;e3f2f8;e3f2f8;e3f2f8;dae8f1;d9e5ee;d9e5ee;d8e4ed;dce8f1;dceaf3;d9e7f0;e2eef5;e4f0f7;e7f3fa;e2eef5;e0ecf3;e3f2f8;e0eff5;e3f2f8;deedf3;dfebf2;e3eff6;e3eff6;e2eef5;e3eff6;e2f0f9;e2f0f9;dae8f1;dfedf6;e0eef7;deeef7;deeff5;e3f4fa;e1f2f8;deeef7;e0f0f9;ddedf6;ddedf6;e1f1fa;e1eff8;e2f0f9;e2f0f9;deecf5;e2f0f9;e0eef7;e4f2fb;e2f0f9;e0eef7;e1f1fa;dfeff8;dfeff8;e0f0f9;e0f0f9;e1eff8;e0eef7;ddedf6;deeef7;dbebf4;dcecf5;ddeff7;d9e9f2;dcecf5;ddedf6;e0f0f9;e0f0f9;e2f2fb;dcecf5;daeaf3;daeaf3;dfeff8;e1f1fa;dfeff8;e0f0f9;ddedf6;e0f0fa;deeef7;d7e5ee;d8e8f1;dbebf4;dcecf5;dbebf4;daeaf4;dbebf5;dcecf6;deeef8;ddedf7;dfeff9;dfeff9;deeef8;deeef8;ddeef8;dbecf6;dcedf7;dcedf7;dcedf7;d9eaf6;dcebf8;dee3ed;9499a0;736e71;6e6866;6d6862;605d56
d9e3ea;d7e3ea;dae4eb;dee8ef;dde7ee;dbe5ec;d8e0e7;d8e2eb;d8e2e9;d5dfe6;d7e1e8;d8e2e9;d4dee7;d8e2eb;d5dfe8;d5e1e8;d5e1e8;d6e1e6;d9e3ea;d7e1e8;d7e1e8;d5dfe6;d9e3ea;d8e2e9;dae4eb;d9e3ea;d5dfe6;d8e2e9;d8e0e7;d9e1e8;dae4eb;d7e1e8;d7e2e7;d6e1e6;dae2e9;dbe3ea;dfe7ee;dde5ec;d7e2e7;dae3e8;d9e2e7;d9e4e9;d8e3e8;d8e2e9;dbe5ec;d8e2e9;dce6ed;d9e4e9;dae3e8;dbe4e9;dae5ea;dce7ec;d9e4e9;dce6ed;d9e3ea;dbe7ee;dae6ed;dde7ee;d8e2e9;dce7ec;dbe6eb;dce5ea;dee7ec;dee7ec;d9e2e7;d8e1e6;d3dee3;dae5ea;dae5ea;dfeaef;dce6ed;dae5ea;d8e3e8;dce5ea;d7e2e7;d8e3e8;d8e2e9;d5dfe6;d6e0e7;d8e2e9;d6e0e7;d9e3ea;d8e2e9;d6e1e6;d7e2e7;d9e3ea;dee8ef;d9e4e9;dce7ec;d8e3e8;dde8ed;dde8ed;dce6ed;dce6ed;dbe7ee;dbe7ee;dbe5ec;d9e4e9;d9e4e9;dce7ec;d9e4e9;dee8ef;dae4eb;dde7ee;dee8ef;dae4eb;dde7ee;d9e5ec;dae4eb;dbe6eb;dfeaef;dce8ef;dbe7ee;dce8ef;dbe7ee;dce8ef;dde9f0;dbe7ee;dbe7ee;dce9ee;dee8ef;dce6ed;dee9ee;dce7ec;e0ebf0;dce7ec;dde8ed;e1ecf1;dee9ee;dae5ea;dce9ee;dce9ee;d8e3e8;e1ecf1;dee9ee;dce7ec;dfeaef;e1ecf1;dbe8ed;dbe7ee;dae6ed;d8e4eb;dde7ee;dbe5ec;dae4eb;dfe9f0;d9e5ec;d9e5ec;d9e5ec;d6e2e9;d9e5ec;dbe7ee;dce8ef;dbe7ee;dbe7ee;d8e4eb;dae6ed;d9e6eb;dbe8ed;deebf0;dee9ee;d9e3ea;dee8ef;dce6ed;dee8ef;dee8ef;dce8ef;d9e5ec;d8e4eb;deeaf3;dbe7ee;dee8ef;dee8ef;dee8ef;e0eaf1;dbe5ec;dde7ee;dae4eb;dae4eb;d8e2e9;d7e1e8;dee8ef;dce6ed;e1ebf2;e0eaf1;dfe9f0;dee8ef;dce8ef;dde9f0;dfebf2;dbe7ee;e0ecf3;e0ecf3;deeaf1;dde9f0;e0ecf3;dce8ef;dce9ee;e0edf2;dfecf1;d9e8ed;ddecf2;dcebf1;deeaf1;dbeaf0;dfebf2;dde9f0;deeaf1;e0ecf3;deeaf1;deeaf1;dae7ec;ddeaef;e3f0f5;e0edf2;deeaf1;deeaf1;e2ecf3;dde9f0;dfecf1;e2eff4;e4f0f7;e1edf4;e2eef5;dfebf2;deedf3;dcebf1;e1f0f6;deedf3;e4f0f7;e2ecf3;d9e3ea;d7e3ea;dfebf2;e3f2f8;e2f3f9;e4f3f9;e0eff5;e2eef5;dde9f0;dfebf2;deeaf1;deeaf1;dde9f0;e0ecf3;e4f0f7;e3eff6;e0ecf3;e0ecf3;deedf3;e0eff5;e4f0f7;e3eff6;e3eff6;dfebf4;deeaf1;deedf3;dfedf6;e1eff8;ddebf4;e3f1fa;deecf5;e1f1fa;deeff5;dff0f6;dff0f6;ddeef4;deeef7;e1f1fa;dfeff8;deeef7;ddedf6;e1f1fa;e0f0f9;e0f0f9;e0f0f9;e1f1fa;ddedf6;e2f2fb;dfedf6;e1eff8;e1eff8;e0eef7;ddedf6;deeef7;ddedf6;ddedf6;dfeff8;deeef7;dfeff8;deeef7;deeef7;dfeff8;dbebf4;dbebf4;deeef7;e0f0f9;dfeff8;ddedf6;deeef7;dbebf4;dbebf4;dcecf5;dfeff8;deeef7;deeef7;deeef7;e2f2fb;daeaf3;daeaf3;d9e9f2;daeaf3;deeef7;ddedf6;dbebf4;d9e9f2;daeaf4;daeaf4;dfeff9;dfeff9;daeaf4;dbebf5;deeef8;dff0fa;ddeef8;daebf5;ddeef8;dbecf6;daebf5;d9e9f3;dde5ee;91969d;736e71;706a68;69645e;636059
dbe5ec;d8e4eb;d9e3ea;dbe5ec;d9e3ea;dce6ed;d6e0e7;d2dce3;d9e3ea;d8e2e9;d4dee5;d5dfe6;d6e0e7;d8e2e9;d4dee5;d4dee5;d7e1e8;d8e3e8;d5dfe6;d7e1e8;d6e0e7;d3dde4;d9e3ea;d8e2e9;dae4eb;d6e0e7;d4dee5;d7e1e8;d9e3ea;d5dfe6;dce6ed;d8e2e9;d7e1e8;d6e1e6;dae2e9;d9e1e8;dce4eb;dde5ec;dae3e8;dbe4e9;dce5ea;d7e2e7;d7e2e7;d9e3ea;d8e2e9;d9e3ea;dae4eb;d8e3e8;dbe3ea;dde6eb;dce6ed;dde8ed;dae4eb;dbe5ec;dbe5ec;dbe5ec;d7e3ea;dae6ed;d8e4eb;dde8ed;d7e2e7;d9e4e9;dde8ed;d9e4e9;d7e0e5;d7e0e5;dbe4e9;dce5ea;dee7ec;dde6eb;dce5ea;dbe4e9;dce5ea;dce5ea;dbe6eb;dae5ea;d6e0e7;dae4eb;dbe5ec;d8e2e9;dae4eb;d8e2e9;d9e3ea;dbe6eb;d8e2e9;dae2e9;d9e4e9;d9e4e9;d6e1e6;d6e1e6;dbe6eb;dbe6eb;d8e4eb;dbe7ee;dae6ed;d7e3ea;dae6ed;dbe6eb;dae5ea;dbe6eb;dde8ed;dbe6eb;ddeaef;dce9ee;dce6ed;dbe5ec;d9e5ec;d8e4eb;dbe5ec;dae5ea;dee9ee;dbe6eb;dde8ed;d9e6eb;dae6ed;dce9ee;deebf0;dae6ed;dde8ed;dce7ec;dce7ec;dce7ec;dee9ee;dee9ee;dfeaef;dce7ec;dde7ee;dee9ee;dfeaef;dae5ea;dee9ee;dbe6eb;dde8ed;d9e4e9;dbe6eb;dbe6eb;dce9ee;dae7ec;dae7ec;ddeaef;ddeaef;dee9ee;dce7ec;dce6ed;d9e3ea;dbe5ec;dae6ed;d9e5ec;dae7ec;d8e5ea;dae6ed;dce8ef;dbe7ee;d8e4eb;d9e5ec;dde9f0;dae6ed;dce9ee;dce9ee;d9e6eb;dee8ef;dde7ee;dbe5ec;dee8ef;dfeaef;dfeaef;dce9ee;dbe7ee;dae6ed;d9e5ec;dce8ef;dce6ed;dfe9f0;dde7ee;dce8ef;d9e5ec;d8e4eb;dee8ef;e1ebf2;dde7ee;dee8ef;dce6ed;e1ebf2;e0eaf1;dce6ed;dee8ef;e1ebf2;d9e5ec;d9e5ec;deeaf1;dde9f0;deeaf1;dee8ef;dce8ef;deeaf1;e0ecf3;e1ebf2;deebf0;deebf0;e2eff4;e2eff4;dfeef4;dae9ef;deeaf1;dcebf1;e1edf4;e0ecf3;dfebf2;dbe7ee;d7e3ea;dae6ed;dbe8ed;d8e4eb;d8e4eb;dbe7ee;e0ecf3;e1edf4;deeaf1;e0ecf3;e3eff6;e4f1f6;e1edf4;e2eef5;e2eef5;dde9f0;deeaf1;e1f0f6;dfeef4;dfeef4;e3eff6;dfebf2;dce8ef;d8e4eb;d5e4ea;e4f3f9;e3f2f8;e5f4fa;e2eef5;deeaf1;dce8ef;dce8ef;dfebf2;e0ecf3;e1edf4;e0ecf3;e1edf4;e2eef5;dde9f0;dfebf2;e1edf4;e0ecf3;e0ecf3;deeaf1;dfebf4;e0ecf5;e3eff8;dfedf6;e0eef7;dfedf6;e1eff8;deeef7;e2f0f9;dff0f6;e0f1f7;e2f3f9;deeff5;dff0f6;e0eef7;e4f2fb;e2f0f9;e1f1fa;e0f0f9;deeef7;e0f0f9;deeef7;ddedf6;e2f2fb;e2f2fb;e2f2fb;e4f2fb;deedf3;e2f0f9;deeef7;deeef7;dfeff8;e2f2fb;e0f0f9;ddedf6;ddedf6;deeef7;deeef7;ddedf6;e0f0f9;dbebf4;dbebf4;ddedf6;deeef7;dbebf4;ddedf6;dfeff8;dbebf4;e0f0f9;ddedf6;e0f1f7;e0f0f9;e0f0f9;e0f0f9;e0f0f9;dcecf5;dbebf4;d9e9f2;dbebf4;dcecf5;dbebf4;dbebf4;d9e9f2;dcecf6;ddedf7;ddedf7;dbebf5;daeaf4;daeaf4;dfeff9;e0f1fb;e1f2fc;ddeef8;deeff9;ddeef8;d9eaf4;daeaf4;e3ebf4;a2a7ad;717173;6f6967;69645e;625d56
d8e2e9;dae4eb;dbe5ec;dde5ec;dce4eb;d8e2e9;dbe5ec;d7e1e8;d8e2e9;d7e1e8;d5dfe6;d4dee5;d1dbe2;d7e1e8;d6e0e7;d6e0e7;d8e2e9;d2dce3;d4dee5;d5dfe6;d7e1e8;d4dee7;d8e2eb;d5dfe8;d7e1e8;d7e1e8;d9e3ea;d7e1e8;d6e0e7;d6e0e7;d8e2e9;d9e3ea;d7e1e8;d5dfe6;dbe3ea;d7dfe6;d8e0e7;dce4eb;dae2e9;dce4eb;dde6eb;d5e0e5;dae5ea;d9e4e9;d9e4e9;dae3e8;d7e0e5;dae3e8;d9e2e7;d8e1e6;d7e2e7;dce7ec;dce7ec;dae5ea;d8e3e8;dae4eb;dae4eb;dbe5ec;d9e3ea;d9e4e9;d9e4e9;dae3e8;dce5ea;dae3e8;d9e2e7;dae3e8;dae5ea;d9e4e9;dbe6eb;dce6ed;d8e3e8;d8e1e6;dde6eb;dbe4e9;d9e2e7;dbe4e9;dbe3ea;dde7ee;dae4eb;d7e1e8;d9e3ea;d8e3e8;d8e3e8;d9e4e9;d8e2e9;dae5ea;d6e1e6;dae5ea;d9e4e9;d8e3e8;dce7ec;dde8ed;dde8ed;dbe5ec;dae6ed;dae4eb;dbe5ec;d8e3e8;d8e3e8;dde8ed;dbe6eb;d9e4e9;d9e4e9;dce7ec;dde7ee;dde7ee;dbe8ed;dbe7ee;d9e6eb;dde8ed;d9e4e9;dbe6eb;dde8ed;dce9ee;dae7ec;d8e5ea;dce9ee;dce9ee;dee9ee;dee9ee;dfeaef;dbe6eb;dde8ed;dce7ec;dde7ee;dbe6eb;dfe9f0;dce6ed;dde8ed;dce6ed;dde7ee;dbe6eb;dee9ee;dce7ec;d9e6eb;dce9ee;dbe8ed;dbe8ed;dae7ec;dae7ec;dbe6eb;dfeaef;dee9ee;dee9ee;e0eaf1;dbe5ec;dce6ed;dce9ee;dce7ec;dfeaef;e2edf2;dee8ef;dce6ed;dce6ed;d5e1e8;dbe5ec;dbe5ec;dae4eb;d9e3ea;dde8ed;dbe6eb;dae5ea;dae5ea;dae5ea;d9e4e9;dae5ea;d9e4e9;dbe6eb;d9e3ea;d8e2e9;dde7ee;dbe5ec;dce6ed;d7e3ea;d9e5ec;d7e3ea;dce8ef;dbe7ee;e0eaf1;dfe9f0;e1ebf2;e0eaf1;dfe9f0;dee8ef;dee8ef;dbe5ec;dee8ef;dbe5ec;dfe9f0;dbe5ec;dfe9f0;dee8ef;dee8ef;e0eaf1;e2ecf3;e0eaf1;dde7ee;dde9f0;deeaf1;e2eff4;e0edf2;deebf0;dae9ee;deeaf1;e1edf4;dce8ef;dfecf1;e0ecf3;dbe7ee;d9e5ec;dae6ed;dce8ef;dde9f0;dde9f0;dce9ee;dce8ef;dfebf2;deeaf1;dfebf2;dbe7ee;e2eef5;e4eef5;e2ecf3;e3edf4;dae4eb;dfebf2;e2eef5;e0ecf3;dde9f0;dfebf2;e0ecf3;e0ecf3;d5e1e8;dbeaf0;dfeef4;e4f3f9;e2f1f7;e3f2f8;e4f0f7;deeaf1;dce8ef;dde9f0;e0ecf3;dde9f0;e1eef3;e4f1f6;deebf0;deebf0;e0ecf3;e1edf4;e4f0f7;e2eef5;deeaf1;e0ecf3;e1edf4;dce8ef;dceaf3;deecf5;deecf5;e0eef7;ddedf6;ddeef4;deeff5;dff0f6;deedf3;dfeef4;e4f3f9;e3f1fa;e2f0f9;e2eef7;e0eef7;e3f1fa;e3f1fa;e1f1fa;e2f2fb;deeef7;e0f0f9;e0f0f9;e1f1fa;e2f1f7;e1f0f6;e4f2fb;e0f0f9;dfeff8;e0f0f9;e1f1fa;dfeff8;ddedf6;dcecf5;dcecf5;ddedf6;deeef7;e0f0f9;d9e9f2;daeaf3;deeef8;dbebf5;deeef7;daeaf3;dfeff8;deeef7;ddedf6;ddedf6;dcecf5;dfeff8;dfeff8;dfeff8;dfeff8;dcecf5;dbebf4;dbebf4;daeaf3;ddedf6;ddedf6;dcecf6;dbebf5;dcecf6;dcecf6;dbebf5;daeaf4;dfeff9;daebf5;d8e9f3;deeff9;ddeef8;d9eaf4;daebf5;daedf7;d9eaf4;d9e9f3;dee6ef;a4a9b0;6e6b6f;6e6768;6b6660;635e57
dbe5ec;dce6ed;d8e2e9;dde5ec;dee6ed;dfe9f0;d7e2e7;d6e1e6;d1dbe2;d4dee5;d3dde4;d8e0e7;d5dde4;d0dae1;d6e0e7;d6e0e7;d3dde4;d7e1e8;d5dfe6;d8e2e9;d4dee5;d9e3ea;d5dfe8;d9e3ea;d5dde4;dae0e7;d8dee5;dbe3ea;d9e1e8;d6e0e7;d8e2e9;d8e2e9;d8e2e9;d9e3ea;dae2e9;d9e1e8;dbe3ea;d8e0e7;dce4eb;d9e1e8;d9e1e8;d6e1e6;d9e4e9;dde6eb;dbe4e9;d9e2e7;d9e2e7;dae3e8;d9e2e7;d7e2e7;d8e3e8;d8e3e8;dae5ea;d9e4e9;e0e9ee;dce5ea;d8e3e8;d9e4e9;d8e3e8;d8e3e8;dbe6eb;dbe4e9;d6dfe4;dae3e8;dde6eb;dce5ea;dae2e9;d9e3ea;d9e3ea;d9e3ea;d9e3ea;d6dfe4;d9e2e7;dae3e8;d9e2e7;dee4ea;dae2e9;dae2e9;dae4eb;d9e3ea;dae4eb;d8e4eb;dae7ec;d9e3ea;d7e1e8;dfe9f0;d9e4e9;d9e4e9;dce7ec;dce7ec;dae7ec;dce7ec;dbe6eb;dae5ea;dde8ed;dae5ea;d9e4e9;d9e4e9;dce7ec;dae5ea;d7e2e7;d9e4e9;dce5ea;dde6eb;dee7ec;dbe4e9;dbe6eb;dee9ee;dce7ec;e0ebf0;dfeaef;dbe6eb;dde8ed;dde8ed;dee9ee;dbe8ed;dae7ec;dce7ec;dfeaef;dde8ed;dde8ed;dfeaef;dde8ed;dfeaef;dbe6eb;dbe8ed;dbe8ed;dee9ee;dee9ee;dfe9f0;dfe9f0;dce7ec;e1ecf1;dce7ec;dde8ed;dae5ea;dce7ec;dee9ee;dde8ed;dde8ed;dce7ec;d9e4e9;dbe6eb;d9e4e9;dde8ed;dce7ec;dbe6eb;dae5ea;dbe4e9;dee7ec;dae3e8;dbe4e9;dbe4e9;d5e0e5;d7e2e7;d9e2e7;dae3e8;d8e1e6;d7e0e5;d2dbe0;dae3e8;d9e2e7;d5dee3;d3dee3;d4dfe4;d3dee3;d7e2e7;d4dde2;d9e2e7;d3dbe2;d8e0e7;d7e1e8;d9e3ea;d8e2e9;d5e1e8;d9e3ea;d9e3ea;d8e2e9;d7e1e8;dce6ed;e0eaf1;e0eaf1;e2ecf3;dfebf2;d9e5ec;dae6ed;dde9f0;dae6ed;dde7ee;dee8f1;dee8f1;dee8f1;dde7ee;dce6ed;dae6ed;dee8ef;deeaf1;dae6ed;dce8ef;deeaf1;dde9f0;dae6ed;deeaf1;e1edf4;dce8ef;d9e5ec;e0eaf1;e1ebf2;e1ebf2;dfe9f0;deeaf1;dde9f0;deeaf1;dce9ee;ddeaef;dfebf2;dfebf2;deeaf1;deeaf1;dce8ef;dde9f0;d9e5ec;e0eaf1;dee8ef;dce6ed;deeaf1;dfebf2;e0ecf3;e0ecf3;dfebf2;e2eff4;e2eff4;dfebf2;dbe7ee;d9e8ee;dae9ef;e0eff5;e1f0f6;e3eff6;dce8ef;deeaf1;deeaf1;deeaf1;e0ecf3;e1eef3;e3f0f5;e1eef3;ddecf2;e2f1f7;e2f1f7;dcebf1;e1eff8;dfebf2;e1edf4;e3eff6;e1f0f6;deedf3;dbe9f2;ddebf4;e0eef7;dcebf1;deedf3;ddecf2;deedf3;e1edf4;deeaf1;e3eff6;e3eff6;e1edf4;e1edf4;e2eef5;e4f0f7;e2eef5;e0eff5;e3f2f8;e2f1f7;e0eef7;dfeff8;e3f1fa;e1f0f6;e3f2f8;e1f1fa;dfeff8;deeef7;dfeff8;e1f1fa;deeef7;dfeff8;deeef7;e0f0f9;d9e9f2;daeaf3;dcecf5;deeef7;e0f0f9;dfeff8;deeef7;ddedf6;dfeff8;deeef7;e1f1fa;deeef7;deeef7;dfeff8;dfeff8;deeef7;dfeff8;deeef7;deeef7;daeaf3;ddedf6;ddedf6;e1f1fa;dcecf5;dbebf4;dcecf5;dcecf6;dfeff9;ddedf7;daeaf4;daeaf4;d7e7f1;d9e9f3;dcecf6;dbecf6;daebf5;ddeefa;d7eaf6;d7eaf6;ddecf9;e3eaf5;a0a5ac;6b686b;716a6b;67625c;645f58
d6e0e7;dbe5ee;dde7ee;dbe5ec;dde7ee;dce7ec;dce7ec;d6e1e6;d6e1e6;d1dce1;d4dde2;d5dee3;d7e0e5;d3dee3;d7e1e8;d9e3ea;d5dfe6;d8e3e8;d9e4e9;d7e1e8;d6e0e7;d4dee5;d6e0e9;d8e2e9;dae2e9;dbe1e8;dae0e6;d7e0e5;d6dfe4;d7e1e8;d5dfe6;d5dfe6;d5dfe6;d8e2e9;dbe3ea;dbe3ea;dbe3ea;d7dfe6;dce4eb;dde5ec;dde5ec;d8e3e8;dce5ea;dbe4e9;dce5ea;dae3e8;d8e1e6;d9e2e7;d4dfe4;d7e2e7;dbe6eb;dae5ea;d7e2e7;dbe6eb;d7e2e7;dde6eb;dbe4e9;dae3e8;dce5ea;dde6eb;dce5ea;dae3e8;d9e2e7;dae3e8;dae3e8;dae3e8;dbe3ea;d8e3e8;dce7ec;dce6ed;dbe5ec;d9e2e7;dbe4e9;d9dfe5;dbe1e7;dbe1e7;dae3e8;dce5ea;dbe4e9;dae5ea;dce7ec;dbe6eb;d9e4e9;d9e4e9;dbe5ec;dbe6eb;dae5ea;d8e3e8;dae5ea;dce7ec;dbe6eb;dce7ec;dce7ec;dae5ea;dbe6eb;d9e4e9;dae5ea;dae5ea;d7e2e7;dde8ed;d8e3e8;dae5ea;dae3e8;dee7ec;dee7ec;dee7ec;dbe6eb;dde8ed;dde8ed;dce7ec;dce7ec;dbe6eb;dfeaef;dde8ed;dce7ec;d9e6eb;dde8ed;dde8ed;dde8ed;dce7ec;dde8ed;dde8ed;dfeaef;dce7ec;dee9ee;dfeaef;d9e4e9;dee9ee;e0ebf0;d9e4e9;e0ebf0;e3ecf1;dee9ee;dbe6eb;d9e4e9;e0e9ee;d9e4e9;d9e4e9;dbe4e9;d6e1e6;dbe4e9;dae3e8;d8e1e6;d6dfe4;d8e1e6;d2dde2;d9e2e7;d7e0e5;d6dfe4;d8e1e6;d7e0e5;d4dde2;d4dde2;d6dfe4;d7e0e5;d4dde2;d7e0e5;d6dfe4;d4dde2;d4dde2;d4dde2;d6dfe4;d3dee3;d8e3e8;d6e1e6;d5e0e5;dce5ea;d6dfe4;d9e2e7;d4dce3;dae2e9;d4dee5;d4dee5;d9e3ea;d7e1e8;d4dee5;d6e0e7;d2dce3;d7e1e8;dae4eb;dbe5ec;e1ebf2;dae4eb;dce8ef;deeaf1;dfebf2;e0ecf3;dbe7ee;e4eef5;e0eaf1;dce6ed;dde7ee;e1ebf2;dfebf2;dae6ed;dde7ee;dce8ef;dce8ef;dce8ef;deeaf1;deeaf1;dfebf2;d8e4eb;dde9f0;e0ecf3;dce8ef;dde9f0;dce8ef;dde9f0;dfebf2;dfebf2;deeaf1;deeaf1;dfecf1;deebf0;dbe8ed;deeaf1;dce6ed;dbe7ee;dde9f0;d8e4eb;d9e5ec;dbe7ee;dbe7ee;d6e2e9;d9e5ec;dde9f0;dcebf1;dfeef4;deedf3;e2eff4;e2eff4;e4f0f7;e0ecf3;d9e5ec;d5e4ea;dbeaf0;dbeaf0;e1f0f5;e0ecf3;e2eef5;deeaf1;deeaf1;dfebf2;e0edf2;e1eef3;e0edf2;dbeaf0;d7e6ec;d6e5eb;dcebf1;deeaf1;dae6ed;d9e5ec;deeaf1;deeaf1;ddecf2;d9e8ee;ddecf2;dcebf1;deedf3;deedf3;dae6ed;dce8ef;deeaf1;dfebf2;deeaf1;dce8ef;e0ecf3;e0ecf3;dde9f0;e0ecf3;e2eef5;dfebf2;e0eff5;deedf3;e0eef7;deecf5;dfeef4;e0eff5;e2f1f7;e0f0f9;e1f1fa;e0f0f9;ddedf6;deeef7;deeef7;deeef7;ddedf6;ddedf6;dfeff8;dfeff8;ddedf6;d8e8f1;dbebf4;d8e8f1;dcecf5;e2f2fb;deeef7;ddedf6;ddedf6;daeaf3;dfeff9;deeef8;ddedf6;e0f0f9;e1f1fa;dcecf5;dcecf5;ddedf6;d6e6ef;dbebf4;daeaf3;dbebf5;deeef8;daeaf3;daeaf4;dbebf4;d8e8f1;deeef7;dbebf4;d5e5ee;d8e8f2;daeaf4;d9eaf4;dbecf6;daebf7;d8e9f5;d3e6f2;d9e8f5;dee5f0;9da2a9;6d6a6d;6e6866;6c6761;635e57
d8e2e9;d9e3ea;d9e3ea;dce6ed;dce7ec;dbe6eb;d4e1e6;d5dfe6;d6e1e6;d2dde2;d0dbe0;cfd8dd;d6dfe4;d3dce1;d4dde2;d9e2e7;d9e2e7;d8e1e6;d9e2e7;d4dde2;d7e1e8;d7e1e8;d7e1e8;d5dfe6;d8e0e7;d9e1e8;dbe4e9;dde3e9;d8e1e6;d9e1e8;d8e2e9;d8e2e9;d7e1e8;d5dde4;dae2e9;d8e0e7;d8e0e7;d7dfe6;d8e0e7;d8e0e7;d8e0e7;dce5ea;d9e2e7;dbe4e9;d9e2e7;d7e2e7;d6e1e6;d3dee3;d8e3e8;d9e3ea;dae4eb;d6e0e7;d5e0e5;d9e4e9;d8e3e8;dbe4e9;dce5ea;dae3e8;dce5ea;dce5ea;dee7ec;dbe4e9;dde6eb;dae2e9;d8e1e6;dce5ea;dbe4e9;dae3e8;dbe4e9;d8e1e6;dbe4e9;d8e1e6;d5dee3;d6dfe4;dbe4e9;dce5ea;d7e0e5;d8e1e6;d7e2e7;dae5ea;dde8ed;dae5ea;dae5ea;d9e4e9;dce5ea;dce5ea;dce5ea;dae3e8;dae5ea;dae5ea;dae5ea;dde8ed;e0e9ee;dae3e8;dbe4e9;dfe8ed;dde8ed;d8e3e8;d9e4e9;dce7ec;dbe6eb;dfe8ed;dce5ea;dae3e8;d9e4e9;dde8ed;dce7ec;dce7ec;dee9ee;dbe6eb;dce7ec;dbe6eb;dce7ec;dee9ee;dde8ed;dce7ec;dbe6eb;dee7ec;dbe6eb;d8e3e8;dee7ec;dfe8ed;dbe6eb;d9e4e9;d8e3e8;d7e2e7;d6e1e6;dae3e8;d7e0e5;d3dce1;d1dadf;d6dfe4;d5dee3;d6dfe4;d5dee3;d1dadf;d2dbe0;d5dee3;d5dee3;d5dee3;d7e0e5;d3dce1;d3dce1;d3dce1;d8e1e6;d5dee3;d7e0e5;d4dde2;d1dadf;d7e0e5;d4dde2;d1dadf;d6dfe4;d6dfe4;d6dfe4;d5dee3;d7e2e7;d7e0e5;dbe4e9;d4dde2;d6e1e6;d7e2e7;d5dfe6;dae4eb;d8e2e9;d8e3e8;d9e4e9;d8e1e6;d9e2e7;d9e1e8;dae2e9;d8e2e9;d6e0e7;d9e3ea;d4dee5;d5dfe6;d9e3ea;d7e1e8;d7e1e8;d4dee5;d2dce3;d8e2e9;dae4eb;dae4eb;dee8ef;dfe9f0;e2edf2;e1ebf2;dfebf2;e3edf4;deeaf1;dce8ef;dfebf2;deeaf1;dfebf2;deeaf1;deeaf1;dce8ef;dce8ef;dae6ed;dbe7ee;dde9f0;dce8ef;dfebf2;dde9f0;deeaf1;deeaf1;deedf3;dae9ef;dcebf1;dae9ef;deeaf1;dfebf2;e0ecf3;e1edf4;deeaf1;dce8ef;dde9f0;dce8ef;dde9f0;dae6ed;dde9f0;dae6ed;dde9f0;deeaf1;deeaf1;deeaf1;dfeef4;e1f0f6;ddecf2;e1edf4;dde9f0;dfebf2;deeaf1;dde9f0;d8e7ed;dae9ef;deebf0;dcebf0;ddeaef;e0ecf3;deeaf1;dde9f0;dde9f0;deeaf1;e1edf4;dbeaf0;dbeaf0;ddecf2;dfebf2;e0ecf3;e0ecf3;e0eaf1;dde7ee;dee8ef;dce8ef;dce8ef;e0ecf3;dbe7ee;dcebf1;deecf5;dbe9f2;dceaf3;e1eff8;deecf5;dcebf1;e2eef5;dfebf2;e1edf4;deedf3;ddecf2;deeaf1;e1edf4;dcebf1;dcebf1;d8e7ed;dcebf1;e0eff5;e1f0f6;e1f0f6;dfeef4;e0eef7;dfedf6;ddebf4;e1eff8;e0eef7;ddebf4;deecf5;dbebf4;ddedf6;deecf5;d9e9f2;dcecf5;ddebf4;deecf5;ddedf6;dbecf2;deeff5;e1f2f8;e1f2f8;dfeff8;dcecf5;deeef8;dbebf5;ddedf7;deeef7;e0f0f9;deeef7;dbebf4;d5e3ec;d4e2eb;dbe9f2;dbe9f2;dbe9f2;ddebf4;ddebf4;d7e7f0;d8e8f1;d8e8f1;d9e9f2;d7e7f0;d8e8f1;d8e8f1;d3e3ed;d1e2ec;d6e7f3;d5e6f2;d3e6f2;d3e6f2;d7e6f3;dfebf5;9ca1a8;6c676a;6e6866;6c6761;605d56
